Date,Open,High,Low,Close,Volume,BBM_20_2.0,BBU_20_2.0,BBL_20_2.0,MACD_12_26_9,MACDs_12_26_9,MACDh_12_26_9,RSI_14,price_change_1d,price_change_5d,volatility_21d,label
2020-07-17 00:00:00+05:30,36.935581264264464,40.60467874084703,36.935581264264464,38.45214080810547,5896969,34.53109693527222,40.66960684296896,28.392587027575477,1.623588472686663,1.3978082556922866,0.2257802169943763,69.45944109035904,0.063599461869213,0.0089859828996861,0.045241938648641,0
2020-07-20 00:00:00+05:30,38.74566379832782,38.74566379832782,36.59312982361961,36.935577392578125,1759975,34.822178554534915,40.8291258000984,28.815231308971427,1.5604538372511314,1.4303373720040555,0.1301164652470758,65.39437308153731,-0.0394402856032313,-0.0430925779201225,0.045975695720776,0
2020-07-21 00:00:00+05:30,37.2780267230328,37.96292562571189,36.3974456187872,36.837738037109375,1818520,35.05210886001587,40.99444959135639,29.10976812867535,1.4854015807072545,1.4413502137446952,0.044051366962559,65.22840966911804,-0.0026489190741176,0.0203252706846954,0.0459678825551452,0
2020-07-22 00:00:00+05:30,35.22333215942102,37.326949323012535,34.24490626610377,36.05499267578125,3493799,35.28448486328125,40.98530002038551,29.58366970617699,1.34723107646343,1.422526386288442,-0.0752953098250119,60.566994615028285,-0.021248464293318,0.0082078762586863,0.0459816584911164,0
2020-07-23 00:00:00+05:30,36.10391650355728,36.886656461914384,35.76146520575206,36.299598693847656,1303292,35.4752779006958,41.03509382045859,29.91546198093301,1.2431375024832363,1.386648609527401,-0.1435111070441648,60.36267765819649,0.006784248169622,0.0040594054182383,0.0453899916614549,0
2020-07-24 00:00:00+05:30,35.9082316176468,36.29959974192606,34.92980570835069,35.37009811401367,1165721,35.62204170227051,40.99577461983043,30.24830878471059,1.0732677045064918,1.3239724285232193,-0.2507047240167275,46.91357816707535,-0.0256063596645635,-0.0801526944747409,0.0455287033219322,0
2020-07-27 00:00:00+05:30,35.419019656215454,35.516860756929255,34.34274888636987,34.44059371948242,765650,35.773697757720946,40.80703946451506,30.740356050926835,0.8537993617472139,1.2299378151680185,-0.3761384534208043,47.35204210031278,-0.0262793841152219,-0.0675496052647885,0.046024272921742,0
2020-07-28 00:00:00+05:30,34.73412280523229,37.86508673415556,34.73412280523229,36.49528884887695,3306394,36.04765701293945,40.560187658767326,31.535126367111584,0.836028626468746,1.151155977428164,-0.3151273509594179,40.90909834483345,0.0596591088449276,-0.0092961513512975,0.0468099642006932,0
2020-07-29 00:00:00+05:30,36.83773774196707,36.88665829196675,35.56578104758302,35.76146697998047,1191015,36.28737125396729,40.12198789139078,32.45275461654379,0.7540397973047703,1.0717327414034852,-0.3176929440987148,37.8378428217036,-0.0201073040395751,-0.0081410554826696,0.0470078750742064,0
2020-07-30 00:00:00+05:30,35.76146628668281,36.44636517059657,34.78304037606277,34.929805755615234,940969,36.43168926239014,39.78024363568511,33.08313488909516,0.6148671434827264,0.9803596218193334,-0.365492478336607,38.7543402906595,-0.023255791627083,-0.0377357598298899,0.0474603456779134,0
2020-07-31 00:00:00+05:30,34.88088566874546,35.46793972993665,34.39167270695323,34.68519973754883,641429,36.54665451049805,39.43686704395902,33.65644197703707,0.4793089757310014,0.8801494926016671,-0.4008405168706657,35.91549798497476,-0.0070027878133013,-0.0193637680692065,0.047103292510385,0
2020-08-03 00:00:00+05:30,34.24490557776557,36.103916230660815,34.24490557776557,35.223331451416016,771301,36.49039478302002,39.44004012100205,33.540749445038,0.4105681095020443,0.7862332159817427,-0.3756651064796983,46.311470170908485,0.0155147359086598,0.0227271846214083,0.0471452433657996,0
2020-08-04 00:00:00+05:30,35.46794000421413,36.1039183524216,35.12549242127086,35.32117462158203,733638,36.4928409576416,39.43831092616402,33.54737098911919,0.3598376197974176,0.7009540967448776,-0.34111647694746,48.11715221801492,0.0027777943236564,-0.0321716655581711,0.0387370183683055,0
2020-08-05 00:00:00+05:30,35.51685627669432,36.4952820900049,35.321170367552554,36.00606918334961,1545363,36.34118461608887,39.03632832322129,33.646040908956444,0.370626259630832,0.6348885293220685,-0.2642622696912364,49.38772743200712,0.0193904808972318,0.0068398257685029,0.0383806790099548,0
2020-08-06 00:00:00+05:30,36.299601313955584,36.935579675499866,35.81038833812114,36.15283966064453,878804,36.18463649749756,38.49659071323033,33.87268228176478,0.3865634228214958,0.585223508021954,-0.1986600852004582,38.30845983450427,0.0040762704906092,0.0350140482768841,0.0299268592571297,0
2020-08-07 00:00:00+05:30,36.10391616821289,37.033417760654274,35.71254432647025,36.10391616821289,1117405,36.08434791564942,38.21131341635672,33.95738241494212,0.3907417943259474,0.5463271652827527,-0.1555853709568052,45.02924563276313,-0.0013532406552533,0.0409026455490817,0.029852123067442,0
2020-08-10 00:00:00+05:30,36.3974405646097,36.64204701500036,36.00606875102535,36.250675201416016,772969,35.96693649291992,37.73911214042093,34.19476084541891,0.401269822576964,0.517315696741595,-0.116045874164631,46.51158468057635,0.0040649062145878,0.0291665696476504,0.0292703282120813,0
2020-08-11 00:00:00+05:30,36.544204655076,38.9902693236192,36.39744301440249,37.42478942871094,2753880,36.03298015594483,37.92129421540663,34.14466609648302,0.4986069360897218,0.5135739446112204,-0.0149670085214985,57.77778162845543,0.0323887547134311,0.0595567624708479,0.030065099804358,0
2020-08-12 00:00:00+05:30,36.88665684449813,37.865082735692255,36.59312982361961,36.935577392578125,878586,36.09168567657471,38.01709762390183,34.16627372924758,0.5301606154627478,0.516891278781526,0.0132693366812218,53.51352444955107,-0.0130718714413796,0.0258153203143416,0.0265062878207923,0
2020-08-13 00:00:00+05:30,37.08234472120736,38.598904185909255,36.83773823553291,37.914005279541016,1483414,36.179743957519534,38.27089205575353,34.08859585928554,0.6268916701655769,0.5388913570583362,0.0880003131072406,63.978486960371335,0.0264901202589429,0.0487144477564693,0.0269258580600034,0
2020-08-14 00:00:00+05:30,38.0607686604108,38.549981606007854,36.10391687802255,36.935577392578125,1544604,36.103915786743165,37.94289578187691,34.26493579160942,0.617482816968014,0.5546096490402718,0.0628731679277422,63.636340891738655,-0.0258065028938229,0.0230352081610873,0.0275787912161868,0
2020-08-17 00:00:00+05:30,37.27802411361835,37.86508187442087,36.2995982446793,36.54420471191406,1008575,36.08434715270996,37.894163074674616,34.2745312307453,0.5718537544158835,0.5580584701153941,0.0137952843004893,50.3267607442694,-0.0105960894154779,0.0080972149861247,0.0236869468617169,0
2020-08-18 00:00:00+05:30,36.788812661726574,39.33272226292596,36.64205101491036,38.2075309753418,4218129,36.15283679962158,38.174030038876296,34.13164356036687,0.6622746323545741,0.5789017025632301,0.0833729297913439,64.53486553422948,0.0455154593331581,0.0209150554640227,0.0242488616339176,0
2020-08-19 00:00:00+05:30,38.647821569698905,39.91977444450044,38.549980476405885,39.18595504760742,3895754,36.30938491821289,38.741836208987074,33.87693362743871,0.8036208344262477,0.6238455289358337,0.1797753054904139,74.85710313704732,0.0256081470665319,0.0609271010199907,0.024762961806844,0
2020-08-20 00:00:00+05:30,38.25645094757399,40.70251568162344,38.15860985117144,39.77301406860352,3417428,36.483055686950685,39.3667043987636,33.59940697513777,0.9520350077023068,0.6894834246891284,0.2625515830131784,78.57139184798255,0.0149813631001942,0.0490322448223545,0.0242281786798731,0
2020-08-21 00:00:00+05:30,40.11546214698415,40.75144047885921,38.89242976445415,39.08811569213867,1775323,36.66895656585693,39.72474563023351,33.613167501480355,1.002828748668378,0.7521524894849783,0.2506762591833997,71.35132993498058,-0.0172201778644052,0.058278181945873,0.0246995082218429,0
2020-08-24 00:00:00+05:30,39.33272273851469,39.38164328804494,37.4247914476452,37.96292495727539,1553895,36.84507312774658,39.76300984232231,33.92713641317086,0.94143736175905,0.7900094639397927,0.1514278978192572,63.10677994651445,-0.0287860060516955,0.0388220309224243,0.0248978491253863,0
2020-08-25 00:00:00+05:30,38.20752894474838,38.20752894474838,36.69096961385538,37.229103088378906,1299448,36.88176383972168,39.79963582875362,33.963891850689734,0.8240715692342491,0.796821884998684,0.027249684235565,56.0386429755061,-0.0193299612641109,-0.0256082469080335,0.0245233001195692,0
2020-08-26 00:00:00+05:30,37.326949943549934,38.35429640213233,37.326949943549934,37.76723861694336,935082,36.98205242156983,39.87557458850026,34.088530254639394,0.765655374301339,0.7905885828592151,-0.024933208557876,57.67438992766356,0.0144547003264343,-0.0362047174540074,0.0211443056984975,0
2020-08-27 00:00:00+05:30,37.962923367546814,38.25645038483536,36.69097047103079,37.18018341064453,964362,37.09457130432129,39.82234520108484,34.36679740755775,0.6643316680901634,0.7653371999054048,-0.1010055318152414,54.86724564515411,-0.0155440330772677,-0.0651907007471617,0.0209297894292217,0
2020-08-28 00:00:00+05:30,37.27802154901796,37.91399981303461,36.9355740114079,37.13125991821289,1032709,37.216874313354495,39.69798945901414,34.73575916769485,0.5734735379804121,0.7269644675204063,-0.1534909295399942,54.017856521236645,-0.0013158486038461,-0.0500626786243201,0.020135330906204,0
2020-08-31 00:00:00+05:30,37.18018489791198,37.62047730765646,35.12549196230263,35.56578063964844,1079176,37.23399677276611,39.66132852608761,34.806665019444615,0.3708715444422168,0.6557458829047684,-0.2848743384625516,41.81035670712237,-0.0421606829935923,-0.0631443525577855,0.0223569780753264,0
2020-09-01 00:00:00+05:30,35.419015188322575,36.788809087518416,34.73411637252551,36.00606918334961,562587,37.268241500854494,39.59936618527508,34.93711681643391,0.2430340653050677,0.5732035193848283,-0.3301694540797605,45.88743419709058,0.0123795551730514,-0.0328515543908192,0.0222685301588614,0
2020-09-02 00:00:00+05:30,36.20175974442349,36.93557919870235,35.9082327091917,36.39744567871094,551968,37.28781032562256,39.58057806351982,34.995042587725294,0.1713277942115638,0.4928283743501754,-0.3215005801386115,42.92238743580769,0.0108697368037695,-0.0362693431766519,0.0223654886400016,0
2020-09-03 00:00:00+05:30,36.39744567871094,36.93557919870235,35.9082327091917,36.39744567871094,341764,37.30004062652588,39.56981097028235,35.03027028276941,0.1131952137911653,0.4169017422383734,-0.3037065284472081,47.23619783829873,0.0,-0.0210525516587284,0.0219944382634649,0
2020-09-04 00:00:00+05:30,35.22333306117977,36.1528384301073,35.22333306117977,35.56578063964844,458781,37.27313385009766,39.61424412217335,34.93202357802196,1.612101474535166e-05,0.3335246179936478,-0.3335084969789025,45.192323552831056,-0.0228495440697626,-0.0421606829935923,0.0225678827366616,0
2020-09-07 00:00:00+05:30,35.71254696014902,35.71254696014902,34.83196211748721,35.076568603515625,379651,37.21442852020264,39.71682055826094,34.712036482144335,-0.127682602658453,0.2412831738632277,-0.3689657765216807,32.60872052640657,-0.0137551328084007,-0.0137551328084007,0.0227518244236547,0
2020-09-08 00:00:00+05:30,35.37009608008325,35.66362308951331,34.244904856136536,34.39167022705078,439967,37.062772560119626,39.86157155622336,34.26397356401589,-0.2809121557653213,0.1368441079375179,-0.4177562637028393,22.471964747797728,-0.0195258089297879,-0.0448368564776678,0.0230628850565959,0
2020-09-09 00:00:00+05:30,34.14706633453361,34.342748533953184,33.070795575732454,33.80461502075195,661476,36.90622444152832,40.06241554440138,33.750033338655264,-0.4445931365564775,0.0205566590387188,-0.4651497955951963,15.730369072390758,-0.0170696916556579,-0.0712366104161958,0.0218416097219713,0
2020-09-10 00:00:00+05:30,34.147068730944724,35.12549472630246,34.09814444525766,34.53843688964844,452961,36.737446022033694,40.02501105906709,33.4498809850003,-0.5092281361070121,-0.0854002999904273,-0.4238278361165847,24.02239090423967,0.0217077422253146,-0.0510752541668011,0.022476966093759,0
2020-09-11 00:00:00+05:30,37.08234499399061,37.18018609602062,36.29960124815535,36.59313201904297,3043839,36.720323753356936,40.0071108726291,33.433536634084774,-0.3901576196082246,-0.1463517639139868,-0.2438058556942378,42.92931858718301,0.0594901018815459,0.0288859505096663,0.025577799942497,0
2020-09-14 00:00:00+05:30,37.18018657616816,37.42479306680084,35.71254763237204,36.34852600097656,919987,36.71053981781006,40.0006975996364,33.420382035983714,-0.3119352435120959,-0.1794684598336086,-0.1324667836784872,45.21280434542766,-0.0066844788781433,0.0362623098011203,0.0249984986497144,0
2020-09-15 00:00:00+05:30,36.299598356685706,36.73989074554655,35.95715079445978,36.10391616821289,481849,36.60535907745361,39.8278183068039,33.38289984810333,-0.2666081236172246,-0.1968963925903318,-0.0697117310268927,40.65936090431731,-0.0067295667713486,0.0497866468786776,0.0249343305395498,0
2020-09-16 00:00:00+05:30,35.95715249995435,36.20175897954587,35.41901899133273,35.56578063964844,369072,36.42435035705567,39.4362957393413,33.41240497477003,-0.2709853439427121,-0.2117141828608079,-0.0592711610819042,40.883990515348806,-0.0149051844142671,0.0520983782189308,0.0227780200420121,0
2020-09-17 00:00:00+05:30,35.51685999013677,37.62047720165617,35.22333296193373,36.44636535644531,1270989,36.25801792144775,38.82602872677616,33.69000711611935,-0.2010805637245525,-0.2095874590335568,0.0085068953090043,46.46466913906095,0.0247593248611337,0.0552407299986614,0.0227251073086423,0
2020-09-18 00:00:00+05:30,36.93557579876625,37.13126171504072,35.41901647933633,35.71254348754883,939163,36.089239311218265,38.29177814238531,33.88670048005122,-0.2025588415428103,-0.2081817355354075,0.0056228939925972,50.82872190330537,-0.0201342949213099,-0.0240643116045897,0.0226119289096423,0
2020-09-21 00:00:00+05:30,35.90823002092431,35.90823002092431,33.85353346332899,34.147064208984375,473960,35.898446273803714,38.07856692489637,33.71832562271106,-0.3262902114392645,-0.2318034307161789,-0.0944867807230855,40.686311796519135,-0.0438355582012873,-0.0605653663076473,0.0240393856197112,0
2020-09-22 00:00:00+05:30,34.24490625564269,34.29382680381389,32.38589556594837,33.217559814453125,828858,35.69786911010742,38.09032565125581,33.30541256895903,-0.4936608351505001,-0.2841749116030432,-0.2094859235474568,34.88372852120261,-0.0272206239705575,-0.0799457970241193,0.0239679779307561,0
2020-09-23 00:00:00+05:30,33.46216796343202,34.09814258630326,32.72834850691991,33.11971664428711,479241,35.46549301147461,37.91381731008222,33.01716871286699,-0.6269710543659883,-0.3527341401556322,-0.2742369142103561,34.56221794291788,-0.0029455255206146,-0.0687757712995191,0.0237805817508053,0
2020-09-24 00:00:00+05:30,32.48373971511179,32.97295265138637,31.84776140499544,31.945606231689453,388918,35.20376415252686,37.97778977580445,32.42973852924926,-0.817932643025614,-0.4457738407296285,-0.3721588022959854,33.48216103956142,-0.035450496911186,-0.123489930497553,0.0241990542146552,0
2020-09-25 00:00:00+05:30,32.28805608653289,33.364323129791146,32.28805608653289,33.11971664428711,519899,35.003186988830564,37.77050285999474,32.235871117666385,-0.8645640240984349,-0.5295318774033898,-0.3350321466950451,41.596643748884006,0.0367534240572013,-0.0726026933412263,0.0259733887024155,0
2020-09-28 00:00:00+05:30,33.36432100510954,33.902458224868184,33.31540045760381,33.46216583251953,400335,34.89800624847412,37.73433639022254,32.0616761067257,-0.8639281164862496,-0.5964111252199618,-0.2675169912662878,45.88744968681264,0.0103397378640162,-0.0200573136323866,0.026183606570572,0
2020-09-29 00:00:00+05:30,33.755694999557114,33.755694999557114,32.972954992423944,33.11971664428711,350473,34.75368862152099,37.645805314821935,31.86157192822005,-0.8809024475723319,-0.6533093896904358,-0.2275930578818961,46.90265608859195,-0.0102339217953315,-0.0029455255206146,0.0247842067545109,0
2020-09-30 00:00:00+05:30,33.26647785447643,33.31539839895923,32.385893124192734,32.48373794555664,272820,34.55800323486328,37.51080720089656,31.605199268829995,-0.934895994076129,-0.7096267105675745,-0.2252692835085544,40.6249858581189,-0.0192024196813341,-0.0192024196813341,0.0247563052418597,0
2020-10-01 00:00:00+05:30,32.679423855886164,33.16863676551082,32.288052035227125,32.48373794555664,291726,34.362317848205564,37.32057715390404,31.404058542507087,-0.9665445448232504,-0.7610102774187097,-0.2055342674045406,26.923065388143428,0.0,0.0168452497023947,0.0245292590790204,0
2020-10-05 00:00:00+05:30,32.532658490039445,32.87510603381739,32.385893124192734,32.48373794555664,242714,34.20821571350098,37.2230721374424,31.19335928955956,-0.9803256652681752,-0.8048733549886029,-0.1754523102795724,27.68360188111941,0.0,-0.0192024196813341,0.0245292590790204,0
2020-10-06 00:00:00+05:30,32.532662252727704,33.46216763499967,32.532662252727704,32.924034118652344,485395,34.100588989257815,37.13852013646912,31.062657842046512,-0.944827695509204,-0.8328642230927232,-0.1119634724164808,32.04422840890341,0.0135543567625637,-0.016081795678157,0.0244998792520797,0
2020-10-07 00:00:00+05:30,32.87510603381739,32.87510603381739,32.385893124192734,32.48373794555664,268967,34.00519237518311,37.12340173290135,30.88698301746486,-0.9413719700987356,-0.8545657724939257,-0.08680619760481,32.40225215904512,-0.0133730930878323,-0.0192024196813341,0.0244919345662565,0
2020-10-08 00:00:00+05:30,32.483743911087764,32.82619151775506,31.945610358153875,32.141292572021484,345966,33.92202625274658,37.14956889679152,30.694483608701656,-0.9552541868813832,-0.8747034553714174,-0.0805507315099659,23.809552542231287,-0.0105420556621008,-0.0105420556621008,0.0242730585102339,0
2020-10-09 00:00:00+05:30,32.23913661671422,32.82619070864512,32.043450675270954,32.190216064453125,275069,33.80461521148682,37.10770458257589,30.501525840397747,-0.9513417512107764,-0.8900311145392892,-0.0613106366714872,26.623435477019058,0.0015221382998835,-0.0090359638288999,0.0240701044753679,0
2020-10-12 00:00:00+05:30,32.190212699826745,34.147064444925064,31.79884085784768,31.945606231689453,304764,33.57223892211914,36.6985116556974,30.44596618854088,-0.9569479862624136,-0.903414488883914,-0.0535334973784994,32.28350130932243,-0.0075988875711148,-0.0165661881267822,0.0234655439530372,0
2020-10-13 00:00:00+05:30,31.89668303240468,32.385895985247686,31.35854953075709,31.554235458374023,288581,33.332524394989015,36.2933143915416,30.371734398436438,-0.9816554060543864,-0.9190626723180084,-0.0625927337363779,35.34485742988963,-0.0122511612544449,-0.0416048244677978,0.018552144890282,0
2020-10-14 00:00:00+05:30,31.603158553859547,31.65207910660629,31.211788533287187,31.407472610473636,254433,33.097702217102054,35.872104023668605,30.3233004105355,-1.0015336925495006,-0.935556876364307,-0.0659768161851936,35.04277520134653,-0.0046511298964603,-0.0331324349705951,0.0185584427219008,0
2020-10-15 00:00:00+05:30,31.505316521019328,31.79884356125888,30.624731667901862,30.91826057434082,294585,32.86532621383667,35.54628374944805,30.18436867822528,-1.0447198208334785,-0.9573894652581412,-0.0873303555753369,39.80586236016833,-0.0155762942851273,-0.0380517365610023,0.0186576517015596,0
2020-10-16 00:00:00+05:30,31.065022096679076,31.652076139404915,30.918258585997613,31.358549118041992,301062,32.61093540191651,34.77733068020703,30.44454012362598,-1.0315267347113348,-0.97221691914878,-0.0593098155625547,29.545483746200333,0.0142404047162527,-0.0258360162835167,0.0191330230321243,0
2020-10-19 00:00:00+05:30,31.45639735868689,32.67942985735436,31.260711412420296,32.141292572021484,486576,32.432372856140134,34.03867134051355,30.826074371766712,-0.9469939075493414,-0.9671723168288924,0.0201784092795509,36.08252436550019,0.0249610864020857,0.0061256104802893,0.0191491807325186,0
2020-10-20 00:00:00+05:30,32.92403563413308,36.44636765999149,32.92403563413308,35.66362762451172,6413155,32.5082010269165,34.54169778773419,30.47470426609881,-0.5889885384055447,-0.8915355611442229,0.3025470227386783,66.04938004197231,0.109589091496475,0.1302326646943723,0.0313366627449804,0
2020-10-21 00:00:00+05:30,35.7125471098928,36.49528712198604,33.80461576439137,34.63628005981445,1481410,32.57913703918457,34.806557555164574,30.351716523204576,-0.3837415331159661,-0.7899767555385716,0.4062352224226054,62.94118996126422,-0.028806591845165,0.1028037973442055,0.0304349081531087,0
2020-10-22 00:00:00+05:30,34.92980730155262,35.1254932388171,32.87511055887375,33.31540298461914,1512136,32.58892135620117,34.82802864128531,30.34981407111703,-0.3239314633677352,-0.6967676971044044,0.3728362337366692,54.314730556935416,-0.0381356506216674,0.0775316064276823,0.0310301356348363,0
2020-10-23 00:00:00+05:30,33.46216956416589,34.195989055781816,33.31540417288313,33.902462005615234,753829,32.68676414489746,34.977922310969134,30.395605978825785,-0.2265492764101111,-0.6027240129655458,0.3761747365554346,56.93781948275367,0.0176212492842162,0.0811234243649881,0.0312371519382495,0
2020-10-26 00:00:00+05:30,33.90246026019864,34.29382839613877,33.560008942302424,34.000301361083984,639694,32.7307933807373,35.08982252777403,30.37176423370057,-0.1398660841818682,-0.5101524272088103,0.3702863430269421,55.44553327959928,0.0028859070899496,0.0578386443201335,0.0300642565156783,0
2020-10-27 00:00:00+05:30,33.951379528074185,34.1959860034459,33.413246028736125,33.85353469848633,314851,32.75036182403564,35.14121376986206,30.359509878209224,-0.0820658686640385,-0.4245351154998559,0.3424692468358174,57.14285430116062,-0.0043166282862905,-0.0507545935899496,0.0291056490483914,0
2020-10-28 00:00:00+05:30,33.755694668243784,33.85353576852558,32.6305033530095,32.924034118652344,313399,32.740577697753906,35.126662196973534,30.35449319853428,-0.109993770354329,-0.3616268464707506,0.2516330761164216,53.84615528802068,-0.0274565296685413,-0.0494350414711157,0.029689883657724,0
2020-10-29 00:00:00+05:30,32.72834396450278,32.72834396450278,32.09236569750118,32.28805160522461,242887,32.7307933807373,35.12290959542202,30.338677166052584,-0.1813547625463201,-0.3255724296858645,0.1442176671395444,50.45451226635514,-0.01931666426829,-0.0308371289961233,0.0299061318652147,0
2020-10-30 00:00:00+05:30,32.5326589307618,33.41324367297484,32.14128710480082,32.239131927490234,498270,32.718563079833984,35.11848623290199,30.318639926765982,-0.2391000753075047,-0.3082779588101926,0.0691778835026878,51.38887835969903,-0.0015151015717052,-0.0490622208454802,0.0296096172258569,0
2020-11-02 00:00:00+05:30,32.288054252527765,32.58158127198013,31.456393742012988,31.701000213623047,262026,32.679426193237305,35.12064699841072,30.238205388063893,-0.3245452282886347,-0.311531412705881,-0.0130138155827537,50.68493540882936,-0.016691879765172,-0.0676259049307329,0.029833929050884,0
2020-11-03 00:00:00+05:30,31.94560364034128,33.21755642499783,31.89667936476364,32.532657623291016,613511,32.65985736846924,35.099096013320576,30.220618723617903,-0.3214478741175526,-0.3135147049882153,-0.0079331691293372,54.93560185007784,0.0262344217552661,-0.0390174050349422,0.0304108186577764,0
2020-11-04 00:00:00+05:30,32.190213452780114,32.777267497081844,32.190213452780114,32.33697509765625,191080,32.65251922607422,35.09486979723131,30.21016865491713,-0.3309679505399359,-0.3170053540985594,-0.0139625964413764,56.387653167904645,-0.0060149566598786,-0.0178307135413733,0.0302901971759056,0
2020-11-05 00:00:00+05:30,32.53266290305317,34.09814293324809,32.38589751729793,33.75569534301758,681759,32.733239364624026,35.21090560619212,30.25557312305593,-0.2214807207504208,-0.2979004274289317,0.0764197066785109,59.91903735075412,0.043873004233601,0.0454547011921737,0.0316148582928451,0
2020-11-06 00:00:00+05:30,33.75569581637417,34.19598824741534,33.41324822134151,33.51108932495117,406823,32.799283027648926,35.286402835975814,30.31216321932204,-0.1526888615787385,-0.2688581142588931,0.1161692526801546,55.9322056298826,-0.007246362890196,0.0394538351814721,0.0315561087704792,0
2020-11-09 00:00:00+05:30,33.75569527740489,34.489514739957166,33.560009340911186,34.195987701416016,517939,32.91180210113525,35.43959258651616,30.38401161575434,-0.0424162938877401,-0.2235697501846625,0.1811534562969223,41.5730258324729,0.0204379621868899,0.0787037466004239,0.0317974908531557,0
2020-11-10 00:00:00+05:30,34.049221851829714,35.12549262167529,33.85353591800335,34.44059371948242,807770,33.056120014190675,35.587142521426294,30.52509750695506,0.0639756998343017,-0.1660606601808696,0.2300363600151714,48.76542437363903,0.0071530619382074,0.0586467948079798,0.0317064266273174,0
2020-11-11 00:00:00+05:30,34.244907434243395,34.244907434243395,33.511087989223896,33.80461502075195,668979,33.17597713470459,35.60318032720239,30.74877394220679,0.0958688391783795,-0.1136747603090198,0.2095435994873993,53.37837339450604,-0.0184659621117596,0.0453858135667759,0.0318946169937489,0
2020-11-12 00:00:00+05:30,34.00029539451905,35.02764170312562,33.65784786911623,34.342742919921875,1565670,33.34720125198364,35.579096939877815,31.115305564089468,0.1626914008298499,-0.0584015280812459,0.2210929289110958,53.06115520635353,0.0159187702282537,0.0173910675202764,0.0319394587565683,0
2020-11-13 00:00:00+05:30,33.9024577703841,34.63627717032836,33.51108593078777,33.70677185058594,796660,33.46461238861084,35.49388752096513,31.435337256256545,0.1624584917399048,-0.0142295241170157,0.1766880158569205,48.101250829732685,-0.0185183539596371,0.0058393364577697,0.0320392888289855,0
2020-11-14 00:00:00+05:30,34.0003000766688,34.098141173858046,33.657852504107844,33.85353469848633,157504,33.550224494934085,35.486786559626026,31.61366243024214,0.1721322118952244,0.0230428230854322,0.1490893888097921,50.0,0.0043541057135627,-0.0100144205782219,0.0319629704487095,0
2020-11-17 00:00:00+05:30,34.24490875649707,36.20176068543976,34.24490875649707,35.908233642578125,2748644,33.562454795837404,35.55742413956595,31.56748545210886,0.3416573248003516,0.0867657234284161,0.2548916013719354,66.8508515787832,0.0606937787262631,0.0426136649980422,0.0340132241547916,0
2020-11-18 00:00:00+05:30,36.00607729802418,37.66940230199467,35.90823618760202,37.27803039550781,4003999,33.69454231262207,36.25776383985703,31.13132078538711,0.5798541505318013,0.1853834088490932,0.3944707416827081,76.02048549819122,0.0381471493854115,0.1027497391295124,0.0256635430957442,0
2020-11-19 00:00:00+05:30,36.83773591434179,37.962923438105584,36.20175759870247,36.299598693847656,1651572,33.8437520980835,36.64995941895967,31.03754477720733,0.6818160389293482,0.2846699348651442,0.3971461040642039,69.30233722090388,-0.0262468722536923,0.0569801829308931,0.0255134501906429,0
2020-11-20 00:00:00+05:30,36.59313208537529,36.98450022660355,35.41902019689288,36.15283966064453,732634,33.95627098083496,36.94680081579836,30.965741145871565,0.742223452672711,0.3761806384266576,0.3660428142460533,71.9807070829973,-0.0040429932694544,0.0725690321488343,0.0238243837364486,0
2020-11-23 00:00:00+05:30,36.20175509249138,36.44636154581902,35.51685627669432,36.00606918334961,673857,34.05655937194824,37.18466978406557,30.92844895983091,0.7693846253350358,0.4548214358083333,0.3145631895267025,68.3937790340162,-0.00405972196576,0.0635837440324813,0.0236814930229162,0
2020-11-24 00:00:00+05:30,36.20175904739536,38.354296818314815,36.20175904739536,37.96292495727539,3224375,34.2620288848877,37.841303251737045,30.68275451803835,0.9379992853086064,0.551457005708388,0.3865422796002186,75.1091581128407,0.0543479423971859,0.0572206178435052,0.0261849151719983,0
2020-11-25 00:00:00+05:30,37.86508380677469,39.626249714262165,37.8161632573109,38.40321731567383,4287583,34.53598804473877,38.50193156205575,30.5700445274218,1.094538374729268,0.660073279512564,0.434465095216704,72.72725576855777,0.0115979566615047,0.0301836472643042,0.0261142431424102,0
2020-11-26 00:00:00+05:30,38.256450581091485,39.821934235325536,37.96292356229715,39.13703536987305,2030759,34.878437232971194,39.19443811679909,30.562436349143304,1.2632477810236864,0.7807081798147885,0.4825396012088979,76.25568353776859,0.0191082441912937,0.078167163773805,0.0250563919911807,0
2020-11-27 00:00:00+05:30,39.13703726779699,41.09388913118684,39.13703726779699,40.555755615234375,4231434,35.2942684173584,40.11287385611743,30.47566297859936,1.4942057937786402,0.9234077026075588,0.5707980911710813,77.77775926491802,0.036250069325727,0.1217861721490938,0.024898917247168,0
2020-12-01 00:00:00+05:30,40.849282706656105,41.28957512302795,39.77301567321268,40.11546325683594,1701567,35.71499156951904,40.67975660152804,30.75022653751005,1.6230047803807537,1.063327118162198,0.5596776622185557,74.36972821377262,-0.0108564703509813,0.1141305942773294,0.0252189234882041,0
2020-12-02 00:00:00+05:30,41.14280808918269,43.05073932863604,41.09388754097077,42.61044692993164,4047572,36.21888103485107,41.82759980356912,30.61016226613303,1.9044499229469525,1.231551679119149,0.6728982438278033,82.6086821402317,0.0621950607206447,0.1224226525718634,0.026753882419765,0
2020-12-03 00:00:00+05:30,42.561528124678176,43.63779515900939,42.365842191418295,42.51260757446289,2454523,36.72766265869141,42.68874388896714,30.766581428415677,2.095447394630128,1.4043308222213446,0.6911165724087831,81.27342388109307,-0.0022961353967875,0.1070064058698505,0.0268533370214005,0
2020-12-04 00:00:00+05:30,42.80613106632136,44.12700447483705,42.56152460308524,43.58887100219727,2754439,37.21932144165039,43.743734669416575,30.69490821388421,2.3070653180230494,1.5848777213816856,0.7221875966413638,86.5941733155947,0.0253163352976937,0.1137499452948129,0.0266040205168707,0
2020-12-07 00:00:00+05:30,43.34426827275311,44.76298662821452,43.05074123806424,44.02916717529297,1720800,37.74522533416748,44.69299079460586,30.797459873729096,2.481694835138832,1.764241144133115,0.717453691005717,86.87940879709089,0.0101011144122891,0.0856453420079748,0.0257564643106449,0
2020-12-08 00:00:00+05:30,43.68671902137434,44.02916660198586,41.33849530964228,42.31692123413086,1762375,38.151272010803225,45.174469675068224,31.128074346538227,2.4536419904486597,1.902121313396224,0.5515206770524352,73.81815789690077,-0.0388889014035891,0.054878039503128,0.0278437169502709,0
2020-12-09 00:00:00+05:30,42.61044384113972,46.86659841022611,42.46368220714259,45.6435661315918,5690986,38.71142063140869,46.25616727451638,31.166673988301007,2.669074916025046,2.055512033921989,0.6135628821030576,77.1428288521782,0.0786126400608231,0.0711825249485835,0.0314359507514212,0
2020-12-10 00:00:00+05:30,45.643572861975855,45.643572861975855,43.09966310786468,43.73564147949219,2832193,39.2079719543457,46.700002788148375,31.715941120543025,2.6552454704712503,2.1754587212318413,0.479786749239409,72.75451771928365,-0.0418005167825625,0.0287687341428561,0.0337246317504142,0
2020-12-11 00:00:00+05:30,44.02916383470598,45.20327561677783,43.05073797171252,43.34426498413086,2594039,39.65804805755615,46.99945327320677,32.316642841905534,2.582930310131374,2.256953039011748,0.3259772711196262,71.68139435226973,-0.0089486853770018,-0.0056116621615199,0.0333570516824806,0
2020-12-14 00:00:00+05:30,44.02916348685339,52.00333570020954,43.58887110550517,51.90549087524414,18679294,40.56798400878906,49.201207392180265,31.934760625397857,3.17978482471024,2.4415193961514463,0.7382654285587931,81.80039613750671,0.1975169239632441,0.1788887731760455,0.0524067108289444,0
2020-12-15 00:00:00+05:30,52.6393135389966,52.6393135389966,49.26374338201699,50.1932487487793,6432439,41.38496971130371,50.42572157166284,32.34421785094458,3.4745799035402385,2.6481314976292047,0.8264484059110337,74.70356699700238,-0.0329876877685301,0.1861271398046735,0.0530445323750708,0
2020-12-16 00:00:00+05:30,50.68246118120435,59.09692621172622,50.63354063238709,56.993309020996094,21806916,42.43922348022461,53.48590691017312,31.392540050276104,4.208403307204506,2.960185859544265,1.2482174476602408,79.87422285829254,0.1354775879571288,0.2486603009213313,0.0584998619128355,0
2020-12-17 00:00:00+05:30,57.23791760229782,65.2610073401197,57.04223166743415,61.885440826416016,24108190,43.66959400177002,57.441265863881526,29.89792213965852,5.1256326899128055,3.393275225617973,1.7323574642948325,82.24688981926819,0.0858369498008562,0.4149887536332202,0.0594809543753669,0
2020-12-18 00:00:00+05:30,62.71710252263526,65.99482799460931,60.17319652042246,62.47249603271485,10634501,44.978238868713376,60.644906529772896,29.31157120765386,5.832678545358668,3.881155889566112,1.951522655792556,81.81819088050231,0.0094861602092399,0.4413093878875829,0.0595610939579801,0
2020-12-21 00:00:00+05:30,62.52141841084333,62.61925951086957,56.25949096679688,56.25949096679688,5686894,45.983571434021,61.844986818474126,30.122156049567863,5.8245382439925,4.26983236045139,1.5547058835411098,70.0729978938829,-0.099451846179868,0.0838832273452081,0.0647191931647971,0
2020-12-22 00:00:00+05:30,55.57459272838071,58.21634351679925,51.17167599181606,57.09115219116211,7136248,47.03782558441162,62.90984749874572,31.165803670077526,5.81812735633028,4.579491359627168,1.2386359967031115,68.78173226763184,0.0147825941911927,0.1374269172515072,0.0644560612116655,1
2020-12-23 00:00:00+05:30,57.48251952294254,60.61348303492719,55.57458834123327,59.97750473022461,4990726,48.13855457305908,64.40912546983593,31.86798367628224,5.9770514804366,4.859003383789054,1.118048096647546,71.12425848759707,0.0505569151835985,0.0523604570517066,0.0643744475634936,1
2020-12-24 00:00:00+05:30,60.36888060486606,61.10270005209118,58.36310819559715,59.096927642822266,3021392,49.1732400894165,65.4690075972168,32.8774725816162,5.963204670636671,5.079843641158578,0.8833610294780927,68.84662307291622,-0.0146817893035585,-0.0450592764042081,0.0646418352935559,1
2020-12-28 00:00:00+05:30,59.488297855663824,60.27103788026489,58.85232321859996,59.19477081298828,1992829,50.17612686157226,66.33951771862579,34.01273600451874,5.892204435272355,5.242315799981333,0.6498886352910214,68.58514079572788,0.0016556388642972,-0.052466692190594,0.0647672461227146,1
2020-12-29 00:00:00+05:30,60.17319509056981,62.22788806411758,59.29261025482149,61.24946212768555,5710356,51.210812187194826,67.43047507892919,34.99114929546046,5.933336840814363,5.380520008147939,0.5528168326664238,73.00833279556613,0.0347106895841959,0.0886956329525563,0.0648132952593243,1
2020-12-30 00:00:00+05:30,62.03220722503515,62.47249592017972,59.683983433069606,60.955936431884766,3494447,52.25283584594727,68.14565029695447,36.36002139494007,5.874531554997766,5.479322317517904,0.3952092374798619,70.08987387867857,-0.0047922983419653,0.0676949771092716,0.0650266758621279,1
2020-12-31 00:00:00+05:30,61.24946027603945,61.39622565502686,59.68398031803408,59.83074569702149,1762952,53.11385078430176,68.66941832575301,37.55828324285051,5.67175400401279,5.517808654816881,0.1539453491959088,71.55963602779877,-0.0184590837369978,-0.0024469012817929,0.0652366608456515,1
2021-01-01 00:00:00+05:30,60.271033331848905,61.54298997478482,60.02642685934563,60.76024627685547,2174894,54.02623271942139,69.09671050196965,38.95575493687311,5.522395524521137,5.518726028757733,0.003669495763404,72.99742829484171,0.0155355005023822,0.0281456024936894,0.0645595330105767,1
2021-01-04 00:00:00+05:30,61.59191391540238,61.64083446611796,59.19476960635137,61.00485610961914,2309709,54.89703197479248,69.43130012587365,40.36276382371132,5.361956525544201,5.487372128115027,-0.1254156025708255,65.39736646824895,0.0040258202978491,0.0305784661680572,0.0644703411880704,1
2021-01-05 00:00:00+05:30,59.68398145915043,61.88543979166008,59.09692739677401,60.41780090332031,2530322,55.71646366119385,69.49938638427255,41.93354093811515,5.128320922703168,5.415561887032655,-0.2872409643294871,67.98624128588602,-0.009623089762624,-0.0135782616773267,0.0647553363642355,1
2021-01-06 00:00:00+05:30,60.90700957082933,61.64082896324896,58.11849737259411,60.66240310668945,3069513,56.63373775482178,69.03441090073767,44.2330646089059,4.906343108521519,5.313718131330428,-0.4073750228089094,58.3892613937378,0.0040485121886602,-0.0048155002183145,0.0648036255291448,1
2021-01-07 00:00:00+05:30,61.49407641252034,66.7286543434957,61.29839418632999,65.3588638305664,16574143,57.61950263977051,69.46365379064723,45.77535148889379,5.051162564175407,5.261207017899424,-0.2100444537240173,58.01357067910954,0.0774196286885815,0.0923959424062488,0.0647343882284717,1
2021-01-08 00:00:00+05:30,66.72864513512671,68.14736720602151,64.67395218447628,66.0926742553711,6052296,58.73735427856445,69.2042423606653,48.2704661964636,5.16559957825703,5.242085529970946,-0.0764859517139155,58.29597408251147,0.0112274048506564,0.0877617900727112,0.0634878890628067,2
2021-01-11 00:00:00+05:30,66.38619988448427,66.58188955533765,60.90701600215,62.91279220581055,4243630,59.71578063964844,67.41718878241403,52.01437249688284,4.942725171338857,5.182213458244528,-0.2394882869056704,67.70836061995197,-0.0481124736649937,0.0312751511578528,0.063807233416176,2
2021-01-12 00:00:00+05:30,63.10847426013136,65.35885694834968,61.73867642664185,63.35308074951172,3601915,60.28816013336181,67.20735502493089,53.368965241792736,4.746903851212871,5.0951515368381965,-0.348247685625326,67.02129976094878,0.0069983945754756,0.0485830302047636,0.063548646093206,2
2021-01-13 00:00:00+05:30,65.35885971470871,68.00060692591126,62.6192639317744,64.28258514404297,8464318,60.992626953125,66.25480982120183,55.73044408504816,4.613535317330758,4.998828292936709,-0.3852929756059513,63.09526820937465,0.0146718104871075,0.0596775243306229,0.0488431703419302,2
2021-01-14 00:00:00+05:30,64.77179091387578,66.04374755643713,62.13004399753715,64.03797149658203,2406545,61.3448600769043,66.4196360179786,56.27008413582999,4.436955060305657,4.886453646410499,-0.4494985861048421,65.63465272461676,-0.0038052864070854,-0.0202098423468406,0.0479251883108898,2
2021-01-15 00:00:00+05:30,64.47826705493289,64.47826705493289,61.73867160204098,62.32572937011719,1960657,61.36687450408935,66.45532584270735,56.27842316547135,4.111455999154259,4.731454116959251,-0.6199981178049923,58.98875346238545,-0.0267379194944711,-0.0569948928182124,0.0394822265489577,2
2021-01-18 00:00:00+05:30,62.619259556771,62.717100656868965,57.82497100399623,58.65663528442383,2454762,61.1760814666748,66.37493880816987,55.97722412517974,3.5168899016822834,4.488541273903858,-0.9716513722215748,43.18766412091326,-0.0588696533963475,-0.067651693275086,0.0372347478562272,2
2021-01-19 00:00:00+05:30,59.48829573774707,61.93436056028929,59.34153408783377,61.49406814575195,1867491,61.43781032562256,66.09312471591583,56.78249593532928,3.237331165800988,4.2382992522832845,-1.0009680864822963,51.24715987955237,0.0483736042405009,-0.0293436811875024,0.038763713655514,2
2021-01-20 00:00:00+05:30,61.64083331027012,62.22788737264654,60.2221149717286,60.41780090332031,1127805,61.60414276123047,65.82278372586276,57.38550179659818,2.8955549270014203,3.969750387226912,-1.0741954602254915,51.36363596086656,-0.0175019684806133,-0.0601217924273352,0.0317430878190066,2
2021-01-21 00:00:00+05:30,60.90701065235951,61.20053766805986,58.2652600462594,58.852317810058594,1468497,61.54788341522217,65.8861758768629,57.20959095358144,2.4699019013911254,3.6697806900597545,-1.199878788668629,45.69536879822304,-0.0259109578610248,-0.0809777943512813,0.0322815973223788,2
2021-01-22 00:00:00+05:30,58.75447548354639,58.75447548354639,55.32998477904861,55.86811828613281,2427139,61.38644294738769,66.30964257606796,56.46324331870744,1.870210230968567,3.309866598241517,-1.43965636727295,39.68565318719762,-0.0507065759679518,-0.10361067811395,0.0322193156745102,2
2021-01-25 00:00:00+05:30,56.50409789334733,56.50409789334733,52.4436287595672,53.61774063110352,2357342,61.107591438293454,67.07459094743726,55.14059192914966,1.1995360867209968,2.8878004959374133,-1.6882644092164163,37.20073392429643,-0.0402801763163709,-0.0859049386124332,0.0331585897230079,3
2021-01-27 00:00:00+05:30,53.61773846959934,58.95016036074386,53.47097682432295,57.2379150390625,5677218,60.90701408386231,67.11861253167496,54.69541563604966,0.9491980508460216,2.5000800069191347,-1.550881956073113,44.28104972805794,0.0675182200023349,-0.0692124173115625,0.0366602792819233,3
2021-01-28 00:00:00+05:30,56.55301646543434,60.02642767574173,53.86234523130348,55.03645706176758,2357566,60.611040115356445,67.35418981073724,53.86789041997565,0.566632308870922,2.1133904673094923,-1.5467581584385703,31.19425861182512,-0.0384615333348973,-0.0890688466163123,0.0365771526473092,3
2021-01-29 00:00:00+05:30,55.47674779850836,59.879664231209055,55.47674779850836,58.852317810058594,5508914,60.562118721008304,67.34319456841529,53.78104287360132,0.5648431142085641,1.8036809966893068,-1.238837882480743,38.14101402597558,0.0693333283428558,0.0,0.0399624327591805,3
2021-02-01 00:00:00+05:30,59.341534753253626,63.3530796142464,56.74870451932497,62.76602554321289,4660064,60.66240768432617,67.5147756048055,53.81003976384685,0.8692089704459889,1.6167865914406434,-0.7475776209946545,49.76525374731263,0.0665004859415305,0.1234676854830141,0.0423285213164156,3
2021-02-02 00:00:00+05:30,63.108474411866254,64.33150686170863,60.95593655366392,62.91279220581055,3343518,60.757804489135744,67.68298269504132,53.83262628323017,1.1094746147087875,1.5153241960942725,-0.4058495813854847,49.28910460526487,0.0023383137824555,0.1733577630332858,0.0422329266101627,3
2021-02-03 00:00:00+05:30,63.1573941071928,63.20631092275393,61.34730397349561,61.64083099365234,1666529,60.818955993652345,67.75308646866057,53.88482551864413,1.18360635195382,1.4489806272661818,-0.2653742753123618,45.78124463152231,-0.0202178470794486,0.0769230666697946,0.0425194431749174,3
2021-02-04 00:00:00+05:30,67.80492401123047,67.80492401123047,66.33728502799862,67.80492401123047,4793866,61.17608203887939,68.77966493330209,53.57249914445671,1.719920901317792,1.5031686820765038,0.2167522192412883,55.05914816397337,0.1000001609032963,0.2320001619132714,0.0475388257232826,3
2021-02-05 00:00:00+05:30,72.20784226401946,74.55605870772901,68.48982045348262,69.46824645996094,8616697,61.38155117034912,69.6537458380084,53.10935650268983,2.2531968159453517,1.6531743088502733,0.600022507095078,59.60527020491114,0.024530997902969,0.1803825073494038,0.0476945189595651,3
2021-02-08 00:00:00+05:30,70.10421489340746,76.80643059225643,67.60922594557462,74.84957885742188,8365571,61.81939640045166,71.8760531860461,51.762739614857225,3.0746082016653133,1.9374610874132812,1.137147114252032,70.8175995513279,0.0774646355952362,0.1925174202067288,0.0476978170223994,3
2021-02-09 00:00:00+05:30,75.24095440331234,77.14888195283149,71.52293293807818,72.89273071289062,5731871,62.31839332580567,73.52779635106704,51.10899030054429,3.527024014256341,2.2553736727818934,1.2716503414744476,64.99356370198882,-0.0261437428827592,0.1586313078337404,0.0482473697767888,3
2021-02-10 00:00:00+05:30,73.62655108683818,74.84958349691854,71.03372088450831,72.40351867675781,2799477,62.77091522216797,74.85295544560798,50.68887499872796,3.802261380050624,2.56475121423564,1.237510165814984,66.01306983018313,-0.0067113967517518,0.1746032217543236,0.0467588273556882,3
2021-02-11 00:00:00+05:30,72.4035140752793,74.75173764635586,72.01214223596705,72.45243835449219,4875202,63.17940788269043,76.00613963156813,50.35267613381272,3.9784750012750862,2.847495971643529,1.1309790296315572,68.93732880292289,0.0006756533194578,0.0685424312619531,0.0467841401842722,3
2021-02-12 00:00:00+05:30,72.8438019247476,72.8438019247476,70.93587449326138,71.18048095703125,1718913,63.53653335571289,76.85231933161488,50.22074737981091,3.969728672792812,3.071942511873386,0.8977861609194258,72.38911929733518,-0.0175557569399881,0.0246477287728457,0.047062508604888,3
2021-02-15 00:00:00+05:30,71.81645617410375,74.45820288354058,71.22940217920629,73.77330780029297,2916844,64.10891227722168,78.16890699072712,50.04891756371623,4.1244722528142574,3.2824484600615604,0.842023792752697,79.17845559636605,0.036426093339084,-0.0143791197433328,0.0474649491445878,3
2021-02-16 00:00:00+05:30,74.26253413633202,76.95320560891798,72.99057736337222,74.75174713134766,3613588,64.91366786956787,79.49257384210095,50.3347618970348,4.2767597079828334,3.481310709645815,0.7954489983370183,77.45398270412232,0.0132627824375635,0.0255034541891332,0.046807159338395,3
2021-02-17 00:00:00+05:30,74.26253441899065,79.00789899574453,73.47979063806721,76.90428161621094,5353540,65.68417854309082,81.10660782631078,50.26174925987087,4.519047391503079,3.688858046017268,0.8301893454858114,84.33178558830382,0.0287957749145451,0.0621622128552421,0.0442221927985315,3
2021-02-18 00:00:00+05:30,77.29564513295635,88.93891469024719,76.80643218907689,86.34608459472656,13901144,66.98059272766113,84.7235505728901,49.23763488243217,5.410567068997352,4.033199850613285,1.3773672183840668,86.68405963162665,0.1227734370582216,0.1917623002866533,0.0497567378019036,3
2021-02-19 00:00:00+05:30,86.05255492513773,89.3302876622062,80.81797785272875,84.095703125,6803902,68.24276199340821,87.10713304954697,49.37839093726944,5.867874652708437,4.400134811032316,1.4677398416761216,79.78140248699304,-0.0260623452735458,0.1814433113449338,0.0500912131773713,3
2021-02-22 00:00:00+05:30,86.88422725134753,100.28865976583808,86.88422725134753,96.27711486816406,24007354,70.26321182250976,91.98637499659895,48.54004864842055,7.131030253045495,4.946313899434951,2.1847163536105434,84.8670629632178,0.1448517735211463,0.3050399628113425,0.0562536614805774,3
2021-02-23 00:00:00+05:30,99.79944433836204,115.50318341869972,97.05984876276254,113.64417266845705,28353363,73.26453342437745,101.0463243652662,45.48274248348871,9.424823094893668,5.842015738526695,3.582807356366973,90.66564591620669,0.1803861470513978,0.520287846500374,0.0628834150203275,3
2021-02-24 00:00:00+05:30,117.21542863625989,124.99391174316406,116.48160919354072,124.99391174316406,19989597,76.65233325958252,111.76332986465516,41.54133665450988,12.01994113825684,7.077600818472724,4.942340319784116,91.36588615030922,0.099870840784934,0.6253179812138852,0.0617924885056981,3
2021-02-25 00:00:00+05:30,130.81554232084682,137.46884155273438,129.15222124527358,137.46884155273438,13790220,80.77395248413086,123.68723485655988,37.86067011170184,14.911324990222113,8.644345652822603,6.26697933739951,92.53365814196712,0.0998042995502344,0.5920680387299235,0.062830211146227,3
2021-02-26 00:00:00+05:30,140.89332900228806,151.21572518941622,129.15221825209738,146.61712646484375,37155451,85.16219291687011,135.87706975435412,34.4473160793861,17.736502303238154,10.462776982905712,7.273725320332442,92.86966644596956,0.0665480614281601,0.7434556227791067,0.0600239515067481,3
2021-03-01 00:00:00+05:30,153.6128565917337,153.90638732910156,151.65600491540587,153.90638732910156,1906527,89.71921100616456,147.80416087331625,31.634261139012864,20.329314428781373,12.436084472080845,7.893229956700528,95.49450027788664,0.0497162987709054,0.5985770610165404,0.0598502069326258,3
2021-03-02 00:00:00+05:30,161.58701801715122,161.58701801715122,146.22573564656292,147.05740356445312,18749289,93.92644157409669,155.89572107866346,31.95716206952992,21.58268916211217,14.265405410087112,7.317283752025062,89.12819720446898,-0.0445009715548913,0.2940162272418058,0.0629945290490291,4
2021-03-03 00:00:00+05:30,149.69916432486644,151.06895462789666,139.71922302246094,139.71922302246094,8358188,97.8303611755371,161.0604614828269,34.600260868247325,21.73333941807155,15.758992211684,5.974347206387551,82.75369649620424,-0.049900109509114,0.1178082282083807,0.0656618272108943,4
2021-03-04 00:00:00+05:30,133.16377924444367,139.7192301962649,132.77239990234375,132.77239990234375,7042291,101.07873497009275,164.48900655281943,37.66846338736611,21.04953433360791,16.817100636068783,4.2324336975391255,78.41987156559634,-0.0497198808427414,-0.0341636810010436,0.0673241822697725,4
2021-03-05 00:00:00+05:30,128.3694805540254,139.37677239719898,126.16802218539068,139.03433227539062,19069762,104.55703926086426,168.29751544291747,40.81656307881104,20.77343624495656,17.608367757846338,3.1650684871102186,79.1266459706217,0.0471629071829131,-0.0517183385889871,0.0659133229836577,4
2021-03-08 00:00:00+05:30,144.7091900709772,144.7091900709772,135.21846147058582,137.7623748779297,7477182,107.70267906188964,171.47974070016653,43.92561742361276,20.218919075475483,18.13047802137217,2.0884410541033134,78.048783635481,-0.0091485130085821,-0.1048950126848911,0.0666312384381823,4
2021-03-09 00:00:00+05:30,139.4746102686574,140.599794043401,130.91338393597437,134.82708740234375,5415376,110.79939689636232,173.46458467208723,48.13420912063739,19.31989928280997,18.36836227365973,0.9515370091502398,75.60553318123925,-0.0213068878798501,-0.0831669529426242,0.0669795786771128,4
2021-03-10 00:00:00+05:30,133.26159732601363,137.66451363587925,129.6414246793762,132.13641357421875,3792097,113.78604164123536,174.40655447121722,53.165528811253495,18.18072860673658,18.3308355402751,-0.1501069335385203,71.52713564775128,-0.0199564781822783,-0.0542717693686515,0.0667313833365442,4
2021-03-12 00:00:00+05:30,134.53357236293454,135.31631613351075,127.19537750677448,130.66879272460938,3020714,116.6968593597412,174.4852657048814,58.90845301460103,16.963953010906963,18.057459034401475,-1.0935060234945126,72.05747085900742,-0.0111068615373387,-0.0158437083255376,0.0668614722544659,4
2021-03-15 00:00:00+05:30,132.0874936767172,134.82708912407904,126.5104691518413,131.45152282714844,3154079,119.71041145324708,173.6635178548343,65.75730505165984,15.879757403996194,17.62191870832042,-1.742161304324224,68.67532914478741,0.0059901839315887,-0.0545391150814651,0.0667528136488339,4
2021-03-16 00:00:00+05:30,132.33211896387144,133.79975799119717,128.2227326732786,128.85870361328125,1791515,122.46468124389648,171.98598499584196,72.943377491951,14.642515923925773,17.02603815144149,-2.3835222275157197,59.58103260156732,-0.0197245277810634,-0.0646306458678425,0.0668329598272975,4
2021-03-17 00:00:00+05:30,128.66300763591738,129.8371157462958,122.45000457763672,122.45000457763672,2457683,124.84959411621094,168.99869004960135,80.70049818282052,12.995065656936816,16.219843652540558,-3.224777995603741,48.29172090079875,-0.0497343125139433,-0.0917996751481547,0.0690694798277813,4
2021-03-18 00:00:00+05:30,125.09174864757536,125.23851402415684,116.43268100683332,117.3621826171875,4392236,126.87248916625975,165.07938835946126,88.66558997305827,11.150370212656796,15.205948964563806,-4.05557875190701,35.010931460538686,-0.0415501982053695,-0.1118104431427815,0.0706159456625445,4
2021-03-19 00:00:00+05:30,116.3348456626501,123.18382723698006,111.5405570676596,123.13490295410156,4999311,128.71193008422853,161.91878786895415,95.5050722995029,10.038528165380328,14.172464804727111,-4.133936639346784,31.566814370336544,0.0491872271645079,-0.0576563815538254,0.0708256336902006,5
2021-03-22 00:00:00+05:30,124.26008981291383,124.65146166748876,119.71040786617448,121.4226531982422,2319194,130.57827758789062,156.65776724243025,104.498787933351,8.916437940803092,13.121259431942308,-4.204821491139215,22.05387762303306,-0.0139054785830919,-0.0762932936280522,0.0675911749312195,5
2021-03-23 00:00:00+05:30,120.3463923283395,127.4889047776478,120.24855122591012,126.95076751708984,3017718,132.11196022033693,152.73493859063336,111.48898185004047,8.376684771019,12.172344499757648,-3.795659728738647,32.29975798497135,0.0455278662855613,-0.0148064200763444,0.067038379800862,5
2021-03-24 00:00:00+05:30,126.99968763761169,127.78243136098328,120.83560134425308,121.08020782470705,2843445,132.4837619781494,151.9399747756786,113.0275491806202,7.3900336822400305,11.215882336254126,-3.825848654014095,33.156504598939776,-0.0462428058309496,-0.0111865798425609,0.062307561061694,5
2021-03-25 00:00:00+05:30,120.78667810208071,124.7982303878984,116.43268569843632,119.71041107177734,2682657,132.21958694458007,152.2393135102273,112.19986037893284,6.423528003535708,10.257411469710442,-3.8338834661747354,36.87316014189363,-0.0113131351319846,0.0200083911377935,0.0491759177187727,5
2021-03-26 00:00:00+05:30,122.00971040016788,124.74930598818024,118.04708986530414,120.59099578857422,3863374,131.37569465637208,151.88077115400762,110.87061815873652,5.663337685622565,9.338596712892867,-3.675259027270302,29.21720001396177,0.0073559576724608,-0.0206595133020536,0.0439913274324431,5
2021-03-30 00:00:00+05:30,120.3463895342168,124.45577545922232,117.99816580644334,118.82982635498048,1868263,129.9863296508789,149.90018167096383,110.07247763079395,4.862715371351257,8.443420444584547,-3.5807050732332897,28.89858352064907,-0.0146044853687211,-0.0213537323964458,0.0375170521475467,5
2021-03-31 00:00:00+05:30,119.31903663724002,122.00970788745477,116.23700099519552,117.01973724365234,1550522,128.14199714660646,145.38087149878882,110.90312279442408,4.035637043638431,7.561863764395325,-3.5262267207568936,29.6420648583982,-0.0152326159757302,-0.0782274141989776,0.0336254513180126,5
2021-04-01 00:00:00+05:30,117.9003233757229,122.84137725830078,117.55787579663672,122.84137725830078,2632548,126.93119583129882,141.81730678758814,112.04508487500952,3.806055368751189,6.810702085266497,-3.004646716515309,40.08352079904918,0.0497492145493962,0.0145454774585742,0.0336283817641232,5
2021-04-05 00:00:00+05:30,125.62987092169092,128.95652770996094,123.2816548955184,128.95652770996094,5676424,126.39306106567383,140.0609948903629,112.72512724098472,4.070628105439184,6.262687289301035,-2.1920591838618515,48.33806324645715,0.0497808685326095,0.0772373643645722,0.0350743573964255,5
2021-04-06 00:00:00+05:30,133.5551404194551,135.365234375,132.82132096660095,135.365234375,5480259,126.52270278930663,140.49128981645092,112.55411576216235,4.742761372642974,5.958702105969423,-1.2159407333264491,53.42466155816098,0.0496966441237702,0.1225152714745689,0.0355228313804557,5
2021-04-07 00:00:00+05:30,139.08323723046357,142.11636352539062,135.36523071357823,142.11636352539062,8678027,126.67680435180664,141.280143542514,112.07346516109928,5.753864561250978,5.917734597025735,-0.1638700357747566,60.81402868725751,0.0498734345015654,0.1959654228631644,0.0353281185815441,5
2021-04-08 00:00:00+05:30,136.63717803827436,146.17683105724032,133.06592929019186,139.8170623779297,10786715,126.77953872680663,141.73588656965177,111.82319088396152,6.297048283454089,5.993597334311406,0.3034509491426824,65.18390566765935,-0.0161790035322015,0.1948160683937441,0.0341273291034067,5
2021-04-09 00:00:00+05:30,141.08901148202318,145.54085230309556,139.03432605432434,140.69764709472656,2792003,127.07306671142578,142.8995345228437,111.24659890000784,6.721104416053379,6.139098750659802,0.5820056653935772,72.02215300607826,0.0062981205714123,0.1453603845459912,0.034068212874311,0
2021-04-12 00:00:00+05:30,135.12063526173787,137.6645338793152,127.3910609789246,128.4184112548828,4342376,126.88716659545898,142.54970950594316,111.2246236849748,5.997208163304009,6.1107206331886434,-0.1135124698846343,54.440795295573366,-0.0872739245708678,-0.0041728516162315,0.0389700042702812,0
2021-04-13 00:00:00+05:30,130.13064892403114,140.1105904420604,128.46732782595876,136.49041748046875,3497522,127.17824783325196,143.3449752314607,111.0115204350432,6.005629451500894,6.089702396851094,-0.0840729453501998,61.44131079739881,0.062857079033354,0.0083122015092269,0.0411476275288169,0
2021-04-15 00:00:00+05:30,136.5882780610063,141.87177258545367,133.40839350305646,134.28897094726562,3309167,127.32012023925782,143.69322754546002,110.9470129330556,5.768173136738639,6.025396544828603,-0.2572234080899642,55.86855330907813,-0.0161289457079881,-0.0550773491803183,0.0412442576553029,0
2021-04-16 00:00:00+05:30,138.9364698588457,147.69337817741055,138.00696829289186,145.7365264892578,10505534,128.16401138305665,146.4938966079624,109.8341261581509,6.429593011579698,6.106235838178823,0.3233571734008746,68.10345030407942,0.0852456866803124,0.0423372084254469,0.0450656532516821,0
2021-04-19 00:00:00+05:30,143.3393968605193,143.3393968605193,134.3868056905568,136.83287048339844,9669079,128.88315467834474,147.3967809059163,110.36952845077316,6.164264593832996,6.117841589309658,0.046423004523338,61.3195483105425,-0.0610941966324115,-0.0274686655472362,0.0470996359506678,0
2021-04-20 00:00:00+05:30,139.9148846450712,145.10054419475807,134.48461865369717,137.3709716796875,7421133,129.88359413146972,147.93250924494902,111.83467901799042,5.929063625856969,6.08008599661912,-0.1510223707621509,61.14359589480787,0.003932543360291,0.0697139945691727,0.0454706585159111,0
2021-04-22 00:00:00+05:30,136.78394924280013,140.55088014977125,132.67456328537935,133.60406494140625,5582180,130.40705223083495,148.23779299815376,112.57631146351612,5.376727701729607,5.939414337641217,-0.5626866359116107,59.55698378397906,-0.0274214172923277,-0.0211469243947145,0.0448244636325657,0
2021-04-23 00:00:00+05:30,133.06591697431568,138.93647213494728,133.06591697431568,135.31629943847656,3386952,131.10173454284669,148.53686160443516,113.6666074812582,5.019301137558728,5.75539169762472,-0.7360905600659926,61.8504650563609,0.0128157365408099,0.0076501330225724,0.0438100930562469,0
2021-04-26 00:00:00+05:30,138.34940709911675,139.76813650356155,134.53355231440025,135.51197814941406,3877317,131.5297950744629,148.9561959131241,114.10339423580167,4.697675764934871,5.54384851108675,-0.8461727461518791,58.85168443387703,0.0014460838180581,-0.0701577606256274,0.0435991408728962,0
2021-04-27 00:00:00+05:30,138.34942563203225,149.06320190429688,137.95806121743797,149.06320190429688,19168413,132.92894477844237,151.291099524655,114.56679003222976,5.473164609964556,5.529711730862312,-0.0565471208977559,62.72449217851492,0.1000001914217603,0.0893815307512846,0.047504718130036,0
2021-04-28 00:00:00+05:30,154.39561717966143,161.44028100106146,152.43876528873946,154.68914794921875,15493506,134.67788162231446,154.3550265793746,115.00073666525432,6.467162510822419,5.717201886854333,0.7499606239680858,62.35149381046215,0.0377420179698937,0.1260686741731187,0.0461605492734257,0
2021-04-29 00:00:00+05:30,156.98843495687782,160.7553806986114,150.8732729927614,154.73805236816406,8762324,136.38523445129394,156.82679008319664,115.94367881939124,7.17613714450647,6.0089889383847614,1.1671482061217082,58.82354447117616,0.0003161464110033,0.1581837157127397,0.0459267234404846,0
2021-04-30 00:00:00+05:30,152.7322837610441,160.16831139007806,150.041612627666,151.4603271484375,7298813,138.0167594909668,157.7553152499808,118.2782037319528,7.388351302719428,6.284861411251695,1.1034898914677331,58.02970426432919,-0.0211824122739244,0.1193058617251134,0.0465294860682499,0
2021-05-03 00:00:00+05:30,151.6560093358553,157.23303379002925,150.67758346917236,151.4603271484375,5923888,139.73878898620606,157.69310016971556,121.78447780269656,7.470418220946442,6.521972773190645,0.9484454477557972,57.51367409579888,0.0,0.1176895888969973,0.0462211002932469,0
2021-05-04 00:00:00+05:30,153.22148499479965,155.667549474732,147.54661241543803,148.37826538085938,6992626,141.015633392334,157.48064269835606,124.55062408631191,7.2037202156371904,6.658322261679954,0.5453979539572362,65.98746560423253,-0.0203489707542858,-0.0045949403654783,0.0463884944485198,0
2021-05-05 00:00:00+05:30,151.65601576990272,152.38983520104742,147.35094774569168,148.0358428955078,2833276,141.96959915161133,157.6866286190893,126.25256968413336,6.885359355487822,6.703729680441528,0.1816296750462935,60.554589491122265,-0.0023077671414517,-0.0430108067819668,0.0456775627455035,0
2021-05-06 00:00:00+05:30,149.45455891805184,156.64599538447357,148.81858804342994,152.97689819335938,8422706,142.8501823425293,158.97733033039415,126.72303435466446,6.951623954851982,6.753308535323619,0.1983154195283631,66.26919520930085,0.0333774253667691,-0.0113815195929597,0.0450981983671241,0
2021-05-07 00:00:00+05:30,156.3524717195993,168.24034118652344,155.61865224807076,168.24034118652344,18162198,144.15638122558593,163.8669279678853,124.44583448328656,8.14191646999248,7.031030122257391,1.1108863477350894,68.3706531926205,0.099776130732311,0.1107881803374213,0.0485432304382258,0
2021-05-10 00:00:00+05:30,181.00880281207128,185.02035522460935,179.0519508897786,185.02035522460935,19235937,146.41654586791992,173.14823276175974,119.6848589740801,10.32027307640297,7.688878713086507,2.6313943633164625,84.85496188598222,0.0997383500279662,0.2215763606748428,0.0516346911342616,0
2021-05-11 00:00:00+05:30,176.11666908575964,192.50530357012892,172.34972324736512,181.54693603515625,20107657,148.4590103149414,179.28031169694415,117.63770893293864,11.63227090304852,8.47755715107891,3.154713751969611,80.65176919793198,-0.018773173282672,0.2235413021520307,0.051713259411923,0
2021-05-12 00:00:00+05:30,182.91671650296857,184.67788608466168,169.21875409139102,172.0561981201172,9352353,150.64089965820312,181.66640284911165,119.6153964672946,11.770532034371117,9.13615212773735,2.6343799066337645,74.71697580226726,-0.0522770481414305,0.1622604009595454,0.0536783745485241,0
2021-05-14 00:00:00+05:30,174.40440899586815,175.82312350248242,161.44026639168723,167.31082153320312,10504764,152.18191986083986,183.3095655977784,121.05427412390132,11.366170605717656,9.582155823333412,1.7840147823842436,69.79417874746838,-0.0275803873313601,0.0936999214203309,0.0496445084511769,0
2021-05-17 00:00:00+05:30,169.9525713328612,172.00727164015902,162.7611501165069,166.47915649414062,7053916,153.7914291381836,184.34720046172407,123.2356578146431,10.853490559004484,9.836422770467626,1.017067788536858,69.0089991530804,-0.0049707785273019,-0.0104682662907241,0.0484872993848455,0
2021-05-18 00:00:00+05:30,171.17562448109624,182.57429625674877,170.34397134484422,174.89364624023438,9611131,155.24928512573243,186.94778996816825,123.55078028329662,10.999373002903326,10.069012816954766,0.93036018594856,66.92306831032437,0.0505438033402692,-0.0547329453134033,0.0488321758206851,0
2021-05-19 00:00:00+05:30,176.312353131777,180.66634562157245,167.80005035618686,170.9799346923828,6352550,156.95663833618164,188.1530117817026,125.7602648906607,10.676114475042112,10.190433148572236,0.4856813264698765,60.918022258741765,-0.0223776656956175,-0.0582053411285726,0.0465488873570641,0
2021-05-20 00:00:00+05:30,166.33240025174547,173.86627657134687,164.37554848407788,167.26190185546875,6546991,158.4511848449707,188.54119677132223,128.36117291861913,10.00458891237662,10.153264301333111,-0.1486753889564944,57.99999025298381,-0.0217454337177244,-0.027864711164322,0.0443412815044274,0
2021-05-21 00:00:00+05:30,168.72955525227405,171.0288622496834,164.37556267913277,165.35398864746094,3778444,160.03868103027344,187.87488741984896,132.20247464069791,9.212254282157971,9.965062297498086,-0.7528080153401149,59.03307994062703,-0.0114067410859434,-0.0116957938991044,0.0445807421287922,0
2021-05-24 00:00:00+05:30,166.33240260089897,173.1813838844654,162.81006339751278,166.91946411132812,6000772,161.61883926391602,187.02820081121155,136.20947771662048,8.611377565774859,9.694325351153442,-1.0829477853785825,59.85037134926744,0.0094674188186945,0.0026448212885017,0.0437608616135836,0
2021-05-25 00:00:00+05:30,169.90363829788754,171.61588348920353,164.130931910431,165.45181274414062,4934833,163.11583099365234,185.3825073524288,140.84915463487587,7.925392250818419,9.340538731086438,-1.4151464802680191,61.10757711846976,-0.0087925717650797,-0.0539861435739319,0.0439827424821787,0
2021-05-26 00:00:00+05:30,166.8216060937589,167.800031935951,162.71222054247065,165.25611877441406,3454236,163.9254768371582,185.19600045399875,142.65495322031768,7.282010593357938,8.92883310354074,-1.6468225101828011,61.22446381470327,-0.0011827852864276,-0.0334765358769536,0.0440135512732956,0
2021-05-27 00:00:00+05:30,166.2834810718711,170.19718472724716,165.74534383333796,167.84896850585938,7077789,164.58346786499024,185.4615200661,143.7054156638805,6.901787785111225,8.523424039854836,-1.6216362547436116,59.99998358397863,0.0156898864058687,0.0035098647323639,0.0389885047935637,0
2021-05-28 00:00:00+05:30,174.1598079558036,180.03036328015654,168.58278338358716,170.29502868652344,14388713,165.3613166809082,185.85049635541563,144.87213700640078,6.720366878131983,8.162812607510267,-1.4424457293782833,51.66930801866864,0.0145729830956851,0.0298815896700075,0.0383793245053679,0
2021-05-31 00:00:00+05:30,171.81161257373645,171.95837050275384,165.40291925044573,166.72378540039062,6619747,166.12448959350587,185.54260891746088,146.70637026955086,6.216757109062115,7.773601507820636,-1.5568443987585212,31.0729003756111,-0.0209709191963948,-0.0011722941478352,0.0387953910119421,0
2021-06-01 00:00:00+05:30,167.80004075579237,168.97414884221723,155.17835269993495,159.09205627441406,10953496,166.50607604980468,184.9882509308051,148.02390116880426,5.142545911176597,7.247390388491829,-2.104844477315232,28.61139767748972,-0.0457746872028415,-0.0384387234219154,0.0399552927824983,0
2021-06-02 00:00:00+05:30,160.46184655364402,161.4402724472638,157.77117534618964,159.09205627441406,4537188,167.04176559448243,183.8575924025924,150.22593878637247,4.242322939486513,6.646376898690766,-2.404053959204253,34.92607974247136,0.0,-0.0373000560930174,0.0399552927824983,0
2021-06-03 00:00:00+05:30,160.36402255384655,162.7611783040396,157.57551728769846,158.35826110839844,5037510,167.55788650512696,182.44000353777648,152.67576947247744,3.4301381143549747,6.003129141823608,-2.5729910274686336,38.519506165495685,-0.0046123934984529,-0.0565431380481175,0.0396402615197395,0
2021-06-04 00:00:00+05:30,157.52656919851242,158.26038862024464,154.59129151158362,155.56971740722656,5857184,167.68752746582032,182.0716746433808,153.30338028825983,2.5322731485390197,5.308957943166691,-2.776684794627672,36.67864722202037,-0.0176090826058205,-0.0864694136574181,0.0398984753512927,0
2021-06-07 00:00:00+05:30,158.11364030223027,161.1956760886888,157.03736577987587,157.86903381347656,4152826,167.16896209716796,182.2023392880945,152.13558490624143,1.9833811291130128,4.643842580355956,-2.6604614512429423,25.56183306895933,0.0147799741785941,-0.053110307960254,0.0393960547910217,0
2021-06-08 00:00:00+05:30,158.40714219613164,159.33665871522106,153.66178568993092,154.49343872070312,3917269,165.64261627197266,179.16774739185226,152.11748515209305,1.2614566491806445,3.967365394120893,-2.705908744940249,25.962931899434253,-0.0213822496485391,-0.0289053876189701,0.0326958633745013,0
2021-06-09 00:00:00+05:30,154.68914516583354,161.14674733192464,154.4934480365865,156.1567840576172,7216774,164.37310867309571,176.28254059109003,152.4636767551014,0.8141592442104582,3.3367241641388063,-2.522564919928348,32.7770018302475,0.0107664464632772,-0.0184501494639927,0.0229553402365174,0
2021-06-10 00:00:00+05:30,157.91795323144115,159.28775861351482,155.716494692362,156.64601135253906,3807098,163.6025993347168,175.4126635320039,151.79253513742967,0.4934610701767496,2.7680715453463955,-2.274610475169646,35.8730878568451,0.0031329237335047,-0.0108125066786841,0.0229291043356966,0
2021-06-11 00:00:00+05:30,158.35824697906412,167.99573368964911,155.71648495371036,165.69644165039062,14241782,163.52188034057616,175.24699176667414,151.79676891447818,0.9585499767290742,2.4061672316229314,-1.4476172548938573,48.40359338875106,0.0577763213994841,0.0650944439055312,0.0245243184923919,0
2021-06-14 00:00:00+05:30,166.82161589296993,168.97414988631516,159.09205725745014,163.39712524414062,9720458,163.36777877807617,175.0099594929351,151.72559806321723,1.12859097393698,2.1506519800857413,-1.0220610061487614,47.3750161800185,-0.0138766794467525,0.0350169459907858,0.0239719906380179,0
2021-06-15 00:00:00+05:30,163.3971289633777,163.3971289633777,158.50499935369572,159.0431365966797,5117904,162.57525329589845,173.00912266426505,152.14138392753185,0.9016258121350234,1.9008467464955976,-0.9992209343605744,42.82490017304513,-0.0266466661574088,0.0294491333331095,0.024616039501601,0
2021-06-16 00:00:00+05:30,156.54813764107095,157.52656350132764,152.8790406651083,153.71070861816406,7871560,161.7117919921875,172.07510701747762,151.34847696689738,0.2881502960595128,1.578307456408381,-1.2901571603488682,34.64401642585511,-0.0335281867084791,-0.0156642278093445,0.0223991275693522,0
2021-06-17 00:00:00+05:30,151.6559960096241,153.51499902113082,148.2315057771487,149.356689453125,5423871,160.8165313720703,172.20403074810605,149.42903199603455,-0.5431058427612925,1.1540247965744463,-1.6971306393357388,28.16328881909591,-0.0283260626678585,-0.04653372171098,0.0226541940086999,0
2021-06-18 00:00:00+05:30,147.7423080986225,148.2315210393464,138.30050431448856,141.0400848388672,10317206,159.60083618164063,173.7943702745424,145.40730208873887,-1.851618503741065,0.5528961365113441,-2.404514640252409,25.62676966553268,-0.0556828398159423,-0.148804383280281,0.024917878915763,0
2021-06-21 00:00:00+05:30,137.02856351754684,147.49771867292304,133.0170109682028,145.9811553955078,9159353,158.5539207458496,173.54114828391457,143.56669320778465,-2.4615459458166526,-0.0499922799542552,-2.4115536658623973,36.88849092120972,0.0350330940475935,-0.1065867580143203,0.0265858258467278,0
2021-06-22 00:00:00+05:30,147.74231741741474,152.9279779020907,146.86174004040726,149.25888061523438,4887545,157.7442741394043,172.9109759182654,142.5775723605432,-2.649886563010853,-0.5699711365655747,-2.079915426445278,40.771374242902034,0.0224530708148336,-0.0615195109378242,0.0270993578154648,0
2021-06-23 00:00:00+05:30,151.6560305548124,153.27042748888005,148.23153954228437,149.16104125976562,3309324,156.93952026367188,172.1359776373167,141.74306289002706,-2.77505358702652,-1.0109876266577638,-1.7640659603687558,41.263947632587474,-0.0006555010667738,-0.0295988965199578,0.0271000063321495,0
2021-06-24 00:00:00+05:30,150.1883901578354,150.48192094210864,144.26890990510904,145.9811553955078,2218588,155.84612960815429,170.88354358999618,140.8087156263124,-3.0951604857599198,-1.4278221984781951,-1.6673382872817242,40.95943921694779,-0.0213184745654866,-0.0226004879324577,0.0273292859593962,0
2021-06-25 00:00:00+05:30,147.74232618928536,153.2215177681436,147.74232618928536,150.92221069335938,4998700,154.8774887084961,168.41727126559255,141.33770615139963,-2.916525747494376,-1.7255629082814314,-1.1909628392129443,43.760995791484575,0.0338472132547842,0.0700660799075818,0.0283041199474361,0
2021-06-28 00:00:00+05:30,143.0458492025388,148.62287328552722,142.65448485375092,145.00270080566406,6172566,153.79143447875975,166.80465484607015,140.77821411144936,-3.215544610293449,-2.023559248683835,-1.191985361609614,41.848748438185154,-0.0392222580129206,-0.0067026088894338,0.0289036948675704,0
2021-06-29 00:00:00+05:30,146.76388471554486,147.35094622624482,142.16528598037667,143.09478759765625,2537344,152.99157104492187,166.5865358897807,139.39660620006305,-3.5653724697031066,-2.331921892887689,-1.2334505768154171,38.82845539935391,-0.0131577770442002,-0.0412979984317862,0.0287679340593134,0
2021-06-30 00:00:00+05:30,143.82859403765755,145.5408392047725,140.4041037034276,140.9911651611328,2552482,152.0865264892578,166.36438042476283,137.8086725537528,-3.966633437456665,-2.6588642018014843,-1.3077692356551802,36.97067030521434,-0.0147009019115235,-0.0547721846779339,0.0274343408719171,0
2021-07-01 00:00:00+05:30,141.87176284616044,142.65450659261,139.0343335610753,139.8170623779297,2259411,151.1594665527344,166.1143994033836,136.20453370208517,-4.329468509570887,-2.9929850633553654,-1.3364834462155215,25.21088631446696,-0.0083274918812202,-0.042225265315086,0.0274129001362323,0
2021-07-02 00:00:00+05:30,139.42569598445684,140.59980412261748,137.37099554547947,137.7623748779297,2363802,150.26909942626952,166.20657105458562,134.33162779795342,-4.7283090246510255,-3.340049855614497,-1.388259169036528,25.32959243581358,-0.0146955419106583,-0.0871961506193914,0.0274797576896911,0
2021-07-05 00:00:00+05:30,138.9854036045559,145.49192993904637,138.9854036045559,144.5135040283203,6085260,149.60132293701173,165.3156384081053,133.88700746591817,-4.448355433019941,-3.5617109710955863,-0.8866444619243548,36.63366447818717,0.0490056095241735,-0.003373708038717,0.0298464069592882,0
2021-07-06 00:00:00+05:30,145.29624302997328,146.274668908963,141.08900876439867,142.165283203125,2785784,148.98491516113282,164.85760833031063,133.11222199195498,-4.365647523261657,-3.7224982815288006,-0.6431492417328566,38.76191067465578,-0.0162491446109779,-0.0064957250374818,0.0296855386294799,0
2021-07-07 00:00:00+05:30,141.77391350682376,147.54663554204188,139.37677292667846,145.10057067871094,7739999,148.4321044921875,164.0206750757196,132.84353390865542,-4.016942923281647,-3.7813872098793695,-0.2355557134022765,45.73950605403803,0.0206470061427868,0.0291465462597011,0.0299106105396982,0
2021-07-08 00:00:00+05:30,145.63871384563498,146.03007826781428,141.57823704994502,142.80126953125,1954026,147.73986740112304,163.01916866388228,132.4605661383638,-3.881384220835145,-3.801386612070525,-0.0799976087646192,52.004473643536045,-0.0158462584723541,0.0213436550773318,0.0298815863016718,0
2021-07-09 00:00:00+05:30,141.13792871449093,145.10055638875411,141.08900443612347,142.8501739501953,2002250,146.5975540161133,159.44724309287082,133.74786493935576,-3.727043754206676,-3.7865180404977554,0.0594742862910795,45.9899502515564,0.0003424648751781,0.0369317027002031,0.0298552881963477,0
2021-07-12 00:00:00+05:30,143.97537499276987,145.44301394246006,141.13794566187366,141.87176513671875,1860353,145.5212860107422,155.7937258910976,135.24884613038677,-3.641698009014931,-3.757554034201191,0.1158560251862597,39.94673110212544,-0.0068491958141939,-0.0182802216952947,0.026291681749249,0
2021-07-13 00:00:00+05:30,142.8501766429228,143.48614748490647,140.94224918737788,141.38253784179688,1267010,144.63825607299805,152.8451633810261,136.43134876496998,-3.572357531220064,-3.7205147336049658,0.148157202384902,39.52566619846686,-0.0034483767397298,-0.0055058826155872,0.0262544726794036,0
2021-07-14 00:00:00+05:30,141.87173918651197,141.96958773709838,139.67028116465232,140.0616455078125,1367971,143.95580291748047,151.1996668008501,136.71193903411083,-3.582690647553676,-3.692949916394708,0.1102592688410322,41.6088316203085,-0.0093426837157387,-0.0347271216600235,0.0258604355598725,0
2021-07-15 00:00:00+05:30,140.84440704780147,142.31204591581522,139.42569246130708,140.35519409179688,1782024,143.50572814941407,150.4490004163593,136.56245588246884,-3.526541029462408,-3.659668139008248,0.1331271095458408,32.747590462296415,0.0020958527434122,-0.0171292275445621,0.0251020628183465,0
2021-07-16 00:00:00+05:30,141.0400803206903,142.1163547276424,138.9364707148036,139.3278350830078,1638513,143.42011566162108,150.53158445653006,136.3086468667121,-3.524315226479928,-3.632597556502585,0.1082823300226567,38.9733944018425,-0.0073197077987519,-0.0246575749247288,0.024496242786052,0
2021-07-19 00:00:00+05:30,137.0774852394686,141.18687135364974,136.09905926325422,137.2242431640625,2270417,142.98227005004884,150.4967113171666,135.46782878293106,-3.650216129626244,-3.6361212711273168,-0.0140948584989275,38.67926526980361,-0.0150981454473332,-0.0327586110469375,0.0215583882899433,0
2021-07-20 00:00:00+05:30,137.41991181917749,138.49618625869476,133.31052611031947,133.84866333007812,2611676,142.211759185791,150.16386082901622,134.2596575425658,-3.976535557541638,-3.704204128410181,-0.2723314291314564,36.87051741982896,-0.0245990049290969,-0.0532871642193107,0.020462423263843,0
2021-07-22 00:00:00+05:30,136.00119658995092,138.34941271750816,134.240027029486,134.97384643554688,1649553,141.50239944458008,149.37509252185126,133.6297063673089,-4.097124086012968,-3.782788119930739,-0.3143359660822291,41.08106771481672,0.0084063828317357,-0.036325426949106,0.019775061254848,0
2021-07-23 00:00:00+05:30,136.24581567235603,144.21998131796633,136.24581567235603,141.2357940673828,8835264,141.26513137817383,148.8502630701201,133.67999968622755,-3.645382819044784,-3.755307059753549,0.1099242407087648,55.53822752584282,0.046393785145822,0.0062740818484423,0.022693551599391,0
2021-07-26 00:00:00+05:30,144.31782457596168,146.56820719933634,142.9969435995302,145.44300842285156,5336344,140.99117126464844,147.41451604098287,134.567826488314,-2.9142934126471687,-3.5871043303322727,0.672810917685104,51.61290151758263,0.0297885842838219,0.0438905358444743,0.0232906368680202,0
2021-07-27 00:00:00+05:30,148.08476900958658,152.63444356715425,146.56820584719912,149.45455932617188,11769766,141.21376419067383,148.4761774050344,133.95135097631325,-1.98828148756769,-3.2673397617793567,1.2790582742116667,61.958259863042365,0.0275816001526687,0.08912649747674,0.022872815182949,0
2021-07-28 00:00:00+05:30,150.5797545838025,150.5797545838025,143.53509040922384,145.9811553955078,3920214,141.35808258056642,148.8876842467714,133.82848091436145,-1.5171957460049157,-2.9173109586244688,1.400115212619553,51.41956006674958,-0.023240535091898,0.0906433561873554,0.0217484275397101,0
2021-07-29 00:00:00+05:30,146.7639005369152,153.46612463327276,145.58979231853908,149.16104125976562,9091037,141.76657638549804,150.0600738120354,133.47307895896068,-0.8771553867086368,-2.5092798442413025,1.6321244575326657,59.969326180573695,0.0217828517361882,0.105110695137472,0.0219831995636244,0
2021-07-30 00:00:00+05:30,150.18836628004118,155.27617765670368,149.20994044108326,150.38404846191406,11709132,142.2949256896973,151.37459799199243,133.2152533874021,-0.2681413638782146,-2.061052148168685,1.7929107842904703,61.39052326182286,0.0081992401757142,0.0647729171980771,0.021668320350015,0
2021-08-02 00:00:00+05:30,152.291980291662,153.9553162099465,148.81858040600576,149.69915771484375,5328757,142.89176483154296,152.28096836373308,133.50256129935283,0.1574269575345965,-1.617356327028029,1.7747832845626252,61.94027071466213,-0.0045542778910075,0.0292633474660957,0.0215825872157474,0
2021-08-03 00:00:00+05:30,149.69918088900064,150.18839389844183,145.589794595614,146.42144775390625,3554755,142.98716201782227,152.4838987443238,133.49042529132075,0.2275856517002807,-1.248367931282367,1.4759535829826478,57.08393290310181,-0.0218953133135263,-0.0202945402665576,0.0219399119150982,0
2021-08-04 00:00:00+05:30,147.05740808670197,148.67180476567154,142.06743028509743,142.8501739501953,3263744,143.0214065551758,152.51060115609616,133.53221195425542,-0.004928217858577,-0.999679988597609,0.994751770739032,53.68695474634218,-0.0243903735312961,-0.0214478467226109,0.0200299352796284,0
2021-08-05 00:00:00+05:30,142.89909250428516,143.63291186162016,138.30049418423786,140.9911651611328,3019311,142.81593627929686,152.29352717135976,133.33834538723397,-0.3353380393713792,-0.866811598752363,0.5314735593809838,50.80744682211296,-0.0130136963621104,-0.0547721846779339,0.0199137259707394,0
2021-08-06 00:00:00+05:30,141.13794056849346,145.54085725867176,140.45304540260693,141.28469848632812,3437007,142.74010772705077,152.24242808617905,133.2377873679225,-0.5669688531977783,-0.8068430496414462,0.2398741964436678,52.53166331138284,0.0020819270828766,-0.0605074146403926,0.019345599161553,0
2021-08-09 00:00:00+05:30,136.97963067967436,138.93648254652683,134.04435287939563,134.729248046875,3711493,142.33406143188478,152.48825397384567,132.17986888992388,-1.264926718423311,-0.8984597833978192,-0.3664669350254919,47.10554992639609,-0.0463988705761189,-0.0999999592281231,0.0215355968777016,0
2021-08-10 00:00:00+05:30,135.70766639225363,137.76236670939883,122.498917029562,126.4126205444336,5151181,141.5611042022705,153.96730408563175,129.15490431890927,-2.460779356975109,-1.2109236981132772,-1.2498556588618324,42.26068238907164,-0.0617284488929077,-0.1366522972993815,0.0250861746401815,0
2021-08-11 00:00:00+05:30,127.19537285213568,130.5220150933535,120.93344531107104,125.92341613769533,7115453,140.78814811706542,155.03149713712855,126.54479909700228,-3.4086827232501093,-1.6504755031406435,-1.7582072201094658,40.45408091826897,-0.0038699016334869,-0.1184930850584858,0.025086601116745,0
2021-08-12 00:00:00+05:30,127.19537161869744,131.69613689396624,126.31479424855982,130.57093811035156,2677180,140.3136127471924,155.27325393796872,125.35397155641608,-3.7417541750969576,-2.0687312375319067,-1.673022937565051,38.35467351258552,0.0369075277276012,-0.0739069504026895,0.0267321186911393,0
2021-08-13 00:00:00+05:30,131.59828908957394,132.7234729501003,128.17379829542145,129.4457550048828,2052343,139.76814079284668,155.49719146506644,124.03909012062692,-4.049824715013244,-2.464949933028174,-1.58487478198507,31.271472506616817,-0.0086174084505528,-0.0837949445926088,0.0267245770575633,0
2021-08-16 00:00:00+05:30,129.4457551146554,134.2400362586965,126.36370443954752,132.47886657714844,3797647,139.42569236755372,155.48976570219045,123.36161903291703,-4.003081055735464,-2.7725761575696324,-1.2305048981658318,29.659994039794427,0.0234315259867055,-0.0167029913871679,0.0273425389554816,0
2021-08-17 00:00:00+05:30,132.47887628436553,133.7508330881065,126.07019783824823,127.58674621582033,2663727,138.9438175201416,155.84245556862288,122.04517947166032,-4.31109398904843,-3.080279723865392,-1.2308142651830385,28.68477838815015,-0.0369275529578841,0.0092880415446654,0.0283541810628179,0
2021-08-18 00:00:00+05:30,127.58673045042843,128.85868709699875,123.37950359022896,125.43419647216795,4182550,138.5230941772461,156.34937843456908,120.69680991992313,-4.674998756932013,-3.399223530478716,-1.2757752264532964,21.835027528981183,-0.0168712645121553,-0.0038850571286311,0.0283921279278965,0
2021-08-20 00:00:00+05:30,119.36796222599165,122.20539888661814,116.43268446633611,117.16650390625,4515151,137.63272705078126,157.82699234191955,117.43846175964296,-5.566364021849267,-3.832651628752827,-1.7337123930964404,16.218904546209274,-0.0659125884204349,-0.1026601661755148,0.0311925770361491,0
2021-08-23 00:00:00+05:30,119.95501973454628,121.32481755473668,106.89303482141116,108.26283264160156,7314717,135.98407897949218,159.96800983681973,112.00014812216465,-6.911557147703988,-4.44843273254306,-2.4631244151609284,13.89599073166309,-0.075991609955117,-0.1636432369874331,0.0345231606480837,0
2021-08-24 00:00:00+05:30,107.62684751888293,113.79093358997414,107.4311653274947,111.93192291259766,4594286,134.3085247039795,160.12252614608184,108.49452326187716,-7.594028240100982,-5.077551834054644,-2.5164764060463387,20.152397633589917,0.033890580741984,-0.155096010370721,0.0335998013741823,0
2021-08-25 00:00:00+05:30,112.91034714792288,116.6283609835062,112.91034714792288,114.4269027709961,3884841,132.5571418762207,158.7939275200579,106.32035623238346,-7.843156449256583,-5.630672757095033,-2.21248369216155,24.935274321024565,0.0222901545285401,-0.1031442828909797,0.0331879623025526,0
2021-08-26 00:00:00+05:30,114.62260774897048,114.62260774897048,111.78517084719796,112.91036224365234,2017377,130.90360221862792,157.73979269795603,104.06741173929984,-8.069939259759096,-6.118526057627846,-1.95141320213125,25.086799386099187,-0.0132533564277171,-0.0998438590173014,0.0320004280466451,0
2021-08-27 00:00:00+05:30,113.0571147687508,115.06288336780248,112.51897754241172,113.20387268066406,2016080,129.10574378967286,155.6076236201902,102.60386395915552,-8.132239042131829,-6.521268654528643,-1.610970387603186,25.086768961850908,0.0025994995603533,-0.0338205126335134,0.0320742292656916,0
2021-08-30 00:00:00+05:30,114.42690385000576,118.24276628063174,114.42690385000576,117.21542358398438,2941481,127.44731254577636,152.45159152767758,102.44303356387516,-7.768364565468019,-6.770687836716519,-0.9976767287515004,33.727250765018525,0.0354365165106715,0.0826931156698984,0.0329108635393635,0
2021-08-31 00:00:00+05:30,117.36218445102396,119.75933239985235,114.76936177169128,116.38375854492188,2908516,125.78154258728028,148.91287548528342,102.65020968927712,-7.461093003500309,-6.908768870073278,-0.5523241334270317,39.17633274075708,-0.0070951843506039,0.0397727075215212,0.0326354947246508,0
2021-09-01 00:00:00+05:30,116.62836667950512,116.92189744142765,113.7420132013888,114.76936340332033,1546422,124.19893836975098,145.65488025655532,102.74299648294664,-7.264110132872744,-6.979837122633172,-0.2842730102395725,38.24740716636259,-0.0138713095519976,0.0029928331889712,0.032598039023886,0
2021-09-02 00:00:00+05:30,115.40533644321954,118.34061425828878,115.16072995863044,116.82405853271484,2427559,122.89763259887695,142.68252944595082,103.11273575180309,-6.863089638351028,-6.956487625776743,0.0933979874257158,34.678279160046046,0.017902818909729,0.0346619762021225,0.0331496802735056,0
2021-09-03 00:00:00+05:30,116.9708213489942,118.68306670353525,115.94347115035065,116.53052520751952,2368562,121.67460060119627,139.6956302524797,103.65357094991286,-6.494103708318519,-6.864010842285099,0.3699071339665796,35.33330456873638,-0.0025126102352719,0.0293863844767889,0.0330237023411561,0
2021-09-06 00:00:00+05:30,117.41111307261998,118.29169791362416,115.6010265723766,116.57945251464844,1792642,120.4393383026123,136.02263102319108,104.8560455820335,-6.127102254780581,-6.7166291247841965,0.5895268700036151,30.63169164882227,0.0004198668721502,-0.0054256602918836,0.0330745803538408,0
2021-09-07 00:00:00+05:30,117.21542156069198,117.99815777346504,114.47582615399386,114.9161148071289,1784993,119.448681640625,133.66625247404312,105.23111080720686,-5.902428884605342,-6.553789076748426,0.651360192143084,33.24705843901823,-0.0142678462768602,-0.012610382721284,0.0330058765957419,0
2021-09-08 00:00:00+05:30,114.76935779811303,115.69885939080964,113.5952422725628,114.4269027709961,1399790,118.84939575195312,132.8396233062346,104.85916819767164,-5.698164054619895,-6.38266407232272,0.6845000177028258,34.77670714258582,-0.0042571230062371,-0.0029839028654428,0.0318973670456511,0
2021-09-09 00:00:00+05:30,114.96504664364244,114.96504664364244,112.71466402129472,113.39956665039062,1640985,118.22320327758788,131.99974513124965,104.44666142392612,-5.555143903373391,-6.217160038532855,0.6620161351594636,43.48561277513371,-0.0089780995179209,-0.0293132418556169,0.0293697637022121,0
2021-09-13 00:00:00+05:30,116.33484788954932,122.98813992452108,115.6988695239423,121.91187286376952,10535636,117.7902500152588,130.4302700696699,105.15022996084772,-4.700740224795339,-5.913876075785352,1.213135850990013,73.92798627188988,0.0750647155435983,0.0461797254124343,0.0341489769695783,0
2021-09-14 00:00:00+05:30,123.08928365243732,127.30836940947032,121.7646893985211,123.62893676757812,5772261,117.49940910339356,129.24635231916236,105.75246588762477,-3.840792185436968,-5.499259297715676,1.658467112278708,72.01247739025786,0.0140844682595215,0.0604693545978345,0.0332337557647981,0
2021-09-15 00:00:00+05:30,124.11952689670822,124.65918000798035,121.7156339155683,122.25527954101562,2007766,116.98822975158691,126.7048869270498,107.27157257612402,-3.2328535038940918,-5.04597813895136,1.8131246350572685,65.38128637964195,-0.0111111303104141,0.0638654095311568,0.0332627689160363,0
2021-09-16 00:00:00+05:30,116.4663056376827,116.76066324523596,114.40582484228467,114.74923706054688,14012113,116.34635429382324,124.71808909012718,107.9746194975193,-3.318479253219621,-4.700478361805013,1.3819991085853918,52.924676638334624,-0.0613964690003472,0.002816944981862,0.035096304100413,0
2021-09-17 00:00:00+05:30,114.70018274753647,115.68136479416071,114.40582513921925,114.60206604003906,5750709,115.8047477722168,123.02307452383236,108.58642102060124,-3.3594876652591097,-4.432280222495833,1.0727925572367232,52.23418573351278,-0.001282544653697,0.0106040915778429,0.0343921499579085,0
2021-09-20 00:00:00+05:30,112.83592712083046,113.03216052149344,108.12625064667472,108.7149658203125,4649599,115.38217086791992,123.22717395400484,107.537167781835,-3.82295823164705,-4.310415824326077,0.4874575926790268,37.18515308272558,-0.0513699309545585,-0.1082495636680433,0.0358060435920555,0
2021-09-21 00:00:00+05:30,109.84332623642636,110.6773369579683,106.1638935913586,107.04695892333984,6059082,115.32137718200684,123.41362444887514,107.22912991513854,-4.27557010043715,-4.303446679548292,0.0278765791111412,36.27053681633042,-0.0153429372339553,-0.1341269954898368,0.0331925019410366,0
2021-09-22 00:00:00+05:30,107.97908616712525,110.57921257653813,107.93002407094488,109.30368041992188,3862683,115.18996505737304,123.59334913547708,106.786580979269,-4.401432726110187,-4.323043888860671,-0.0783888372495162,42.11189860215934,0.0210816030579452,-0.1059389759666664,0.0291432436426257,0
2021-09-23 00:00:00+05:30,111.11886612017896,112.7378179846578,110.4810962964964,110.97168731689452,3485093,115.01720428466795,123.62619323662474,106.4082153327112,-4.316823888618472,-4.321799888812231,0.0049760001937588,41.45849293591548,0.0152602994754111,-0.0329200423499037,0.0283604867257788,0
2021-09-24 00:00:00+05:30,111.60946073986234,111.85475625797194,107.58661574003014,108.17532348632812,2876909,114.78045234680177,123.87986008984308,105.68104460376044,-4.424412097710103,-4.342322330591806,-0.0820897671182976,38.63585846751942,-0.0251988944043088,-0.0560787669522955,0.0283851890717232,0
2021-09-27 00:00:00+05:30,109.00932464958886,109.45086106517064,106.94884383434898,107.8319091796875,2034839,114.51185417175292,124.11064850570146,104.9130598378044,-4.48567907689899,-4.3709936798532425,-0.1146853970457471,38.19677700294628,-0.0031746085481688,-0.008122677811301,0.0282755433766872,0
2021-09-28 00:00:00+05:30,107.97908274638112,111.36415767249268,107.3413129453649,107.8809585571289,2573524,114.04513092041016,123.99186196109044,104.09839987972988,-4.478648650690957,-4.392524674020786,-0.0861239766701711,40.074960466114526,0.0004548688585275,0.0077909698900118,0.0282626911432939,0
2021-09-29 00:00:00+05:30,107.73378642025592,112.63969641232906,106.94883782719438,110.72638702392578,4176884,113.76226234436037,123.75065051460189,103.77387417411882,-4.195116004308403,-4.353042940078309,0.1579269357699058,45.10483596193626,0.0263756320378825,0.0130160905702183,0.0277281101295583,0
2021-09-30 00:00:00+05:30,111.56039107934782,112.4434563818453,107.43942964879248,107.8809585571289,3458820,113.41784210205078,123.72982279152824,103.10586141257332,-4.152153198889224,-4.312864991840492,0.1607117929512682,43.0348326254878,-0.0256978353875307,-0.0278515073032965,0.0281809578448389,0
2021-10-01 00:00:00+05:30,107.83189900644012,109.696146229425,107.145067142275,107.7828369140625,2718556,112.96578102111816,123.44045504889624,102.4911069933401,-4.079002263618662,-4.266092446196126,0.1870901825774638,27.358458040327637,-0.0009095362553201,-0.0036282449602771,0.0280779793231047,0
2021-10-04 00:00:00+05:30,108.7640303270326,127.25931074133466,108.5187348109654,119.01738739013672,28488877,113.09012413024902,123.79938815036176,102.38086011013628,-3.079002464234165,-4.0286744498037335,0.9496719855695686,44.337358156417054,0.1042332044482348,0.1037306887686659,0.0363370497977651,0
2021-10-05 00:00:00+05:30,120.09668514784003,121.51939613466593,116.36819034082568,117.79090881347656,8821892,113.15069694519045,123.95633073935907,102.34506315102178,-2.3582772376210954,-3.694595007367206,1.3363177697461106,44.49819644750367,-0.0103050369660676,0.0918600500856672,0.036419755362093,0
2021-10-06 00:00:00+05:30,122.89304635620115,131.18403131963498,121.86280225469358,122.6477508544922,38066071,113.5372787475586,125.13316368894117,101.94139380617602,-1.3792911310184903,-3.231534232097463,1.8522431010789724,60.41396997788196,0.0412327410488571,0.1076650665752367,0.0374543472395812,0
2021-10-07 00:00:00+05:30,125.05164651015278,128.0442546907414,123.92329316628884,124.6591796875,8297399,114.04889259338378,126.66781636136822,101.42996882539934,-0.4361049453660399,-2.6724483747511787,2.2363434293851387,62.638711674158586,0.0164000466294254,0.1555253249023191,0.0373421949847668,0
2021-10-08 00:00:00+05:30,125.98377158769634,126.37625339802716,122.10810541203722,124.61012268066406,4524708,114.60942039489746,128.0744707064989,101.14437008329602,0.303915067866086,-2.077175686227726,2.381090754093812,73.41041631552335,-0.0003935290362002,0.1561221271251034,0.0373062293755118,0
2021-10-11 00:00:00+05:30,125.3950753329339,125.59130875853896,122.45152903390564,123.48176574707033,3600660,114.6879150390625,128.34908148614804,101.02674859197695,0.7902280286260606,-1.5036949432569688,2.2939229718830294,74.59619362062308,-0.0090550984889515,0.0375103037869537,0.0373076462995359,0
2021-10-12 00:00:00+05:30,123.53081454185372,126.08188622909064,122.7949280463532,123.97234344482422,3856904,114.7050853729248,128.41434709949232,100.99582364635728,1.201371412191861,-0.962681672167203,2.164053084359064,73.17829307840218,0.003972875628931,0.0524780281739403,0.0336508311816661,0
2021-10-13 00:00:00+05:30,124.61011624423222,124.95352845325216,122.9421098085212,123.57987213134766,4430850,114.7713150024414,128.6459567857422,100.89667321914064,1.4784932015208767,-0.4744466974295871,1.952939898950464,70.75929230130707,-0.0031657973268145,0.0075999867128531,0.0335341739572061,0
2021-10-14 00:00:00+05:30,126.5724854127828,135.35406183275052,126.5724854127828,129.8594512939453,16200880,115.52682571411133,130.9550121036038,100.09863932461889,2.1796975770540143,0.0563821574671331,2.123315419586881,82.02898877366803,0.0508139315431834,0.04171591389805,0.0351455885840672,0
2021-10-18 00:00:00+05:30,135.5012523106221,149.82650180917156,135.4031281131842,146.39236450195312,33963715,117.11634063720705,137.79906972986572,96.43361154454834,4.023099237417597,0.849725573457226,3.173373663960371,88.52941355841241,0.1273139000917575,0.1748031488349464,0.0413183779163924,0
2021-10-19 00:00:00+05:30,149.8755534955877,156.40040793734138,142.66385966278668,146.34329223632812,24618892,118.9977569580078,143.03618954742765,94.95932436858796,5.417597916086592,1.7633000419830993,3.654297874103493,88.43135332647343,-0.0003352105541293,0.1851409100845338,0.0413031607796978,0
2021-10-20 00:00:00+05:30,146.24520137725068,146.3433106085389,137.07114235349917,140.3581085205078,11556906,120.6633144378662,145.8059854732754,95.520643402457,5.970964300493009,2.604832893685081,3.366131406807927,77.8598037965304,-0.0408982442881967,0.132172746117172,0.0405500388250282,0
2021-10-21 00:00:00+05:30,141.92797277650791,145.6564674355985,132.45957230070957,134.12757873535156,10395166,121.90450935363768,147.13675642776877,96.6722622795066,5.839445965807613,3.2517555081095884,2.5876904576980246,73.20034005434773,-0.0443902375917661,0.0853513312652824,0.0420329144114871,0
2021-10-22 00:00:00+05:30,133.44076305953504,135.79559406604315,125.10071536831413,127.2102508544922,7458356,122.71643753051758,147.5086461404229,97.92422892061224,5.118048511204222,3.6250141087285153,1.4930344024757067,65.32508272832803,-0.0515727484688889,-0.0204005208173603,0.0441502848352817,0
2021-10-25 00:00:00+05:30,128.28954146109527,132.45956479730677,123.5798650517502,127.65177917480467,7932152,123.6902603149414,147.59159971822262,99.78892091166018,4.529747368491996,3.805960760681212,0.7237866078107849,58.20894721258599,0.0034708548827369,-0.1280161393041671,0.0441301823700391,0
2021-10-26 00:00:00+05:30,128.3876780776184,134.91253276447674,127.16120050703226,133.9313507080078,8891273,124.99523239135742,148.0872005067089,101.90326427600591,4.518141098434612,3.948396828231892,0.5697442702027198,63.99999894117877,0.0491929808875124,-0.0848138738622635,0.0443526633760104,0
2021-10-27 00:00:00+05:30,134.9125404783341,135.94278469086245,130.39909677185312,131.968994140625,3857510,126.19963417053222,148.01034385512213,104.38892448594233,4.301017814827105,4.0189210255509344,0.2820967892761707,58.512558063573046,-0.0146519583130395,-0.0597693604474377,0.044607626761833,0
2021-10-28 00:00:00+05:30,129.51603568038058,130.49721776886832,125.68943152393864,126.62155151367188,4492425,126.99439239501952,147.5535872633817,106.43519752665736,3.655315912245712,3.94620000288989,-0.2908840906441781,51.689196111510114,-0.0405204469563126,-0.0559618483570026,0.0459484634394003,0
2021-10-29 00:00:00+05:30,125.88565979837382,128.7801438466933,121.9609316049508,124.5610580444336,4973347,127.82839736938476,146.378011193191,109.27878354557852,2.9433982370390765,3.745639649719728,-0.802241412680651,49.95917907216209,-0.0162728496421543,-0.0208253092204718,0.0460670006240811,0
2021-11-01 00:00:00+05:30,125.59130289396887,130.25191764979974,124.51200413188884,126.08189392089844,4147591,128.74335021972655,144.76242981592424,112.72427062352888,2.473405219691585,3.491192763714099,-1.0177875440225137,52.14922564460247,0.0122095613215031,-0.012298185454638,0.0454773344372451,0
2021-11-02 00:00:00+05:30,127.0630753625634,128.2895529239781,125.93472199472184,126.52342224121094,2772811,129.11865196228027,144.51802670746298,113.71927721709756,2.1122117505161384,3.215396561074507,-1.1031848105583686,52.11039344234566,0.0035019169412977,-0.05531138473282,0.045442363961068,0
2021-11-03 00:00:00+05:30,127.55366519757804,129.90849610487342,124.02141135081008,125.44412231445312,3830984,129.5013126373291,144.07363208223003,114.92899319242818,1.7190566252325823,2.9161285739061222,-1.19707194867354,51.52488259980967,-0.0085304357694354,-0.0494424608496979,0.0399025980155452,0
2021-11-04 00:00:00+05:30,126.37625945341568,128.4857950127913,125.93473049583136,127.8970947265625,974860,129.7637798309326,144.00160027294237,115.52595938892284,1.5871174274694797,2.6503263446187937,-1.0632089171493142,48.2876785285366,0.0195543032774423,0.01007366595688,0.0399278371728101,0
2021-11-08 00:00:00+05:30,129.02543760358975,129.5160286210939,126.03282940248454,128.1423797607422,2935680,129.93793983459472,143.99694431672458,115.87893535246486,1.4852263501541074,2.4173063457258563,-0.9320799955717488,27.751207653981453,0.0019178311650009,0.0287515357731713,0.0390391193283221,0
2021-11-09 00:00:00+05:30,129.0254396445562,131.9199236992866,127.99519549717084,130.5953369140625,4013443,130.23720054626466,144.07170758831822,116.40269350421109,1.5841489958254016,2.2506748757457657,-0.6665258799203642,31.8644287598532,0.0191424348283548,0.0357977093522701,0.0390914791172261,0
2021-11-10 00:00:00+05:30,131.28216251948072,133.39169795816804,126.62154773813197,127.60272979736328,4894855,130.4432487487793,143.97352628725966,116.91297121029896,1.4048730194969892,2.0815145044960106,-0.6766414849990214,34.22329991727926,-0.022915114638959,0.0085304960696896,0.0394937721671913,0
2021-11-11 00:00:00+05:30,127.55367019719216,130.49721643251195,124.90448157973438,125.6894302368164,2812865,130.52910308837892,143.9074335987608,117.15077257799705,1.0957767993727143,1.884366963471352,-0.788590164098637,38.31524317179072,-0.0149941898859471,0.0019555154744386,0.0395968739254096,0
2021-11-12 00:00:00+05:30,126.081893057497,127.99519505509014,123.72705464719589,124.70823669433594,2313161,130.58552131652831,143.84948689618977,117.32155573686688,0.762848061705725,1.6600631831182264,-0.8972151214125015,45.85366186705076,-0.0078064920863414,-0.0249329981970597,0.0396444472168164,0
2021-11-15 00:00:00+05:30,125.59129672333512,126.18001191538544,122.50057190836937,122.79492950439452,1835457,130.23229522705077,143.94630257618448,116.51828787791705,0.3406845391313595,1.3961874543208532,-1.0555029151894937,42.32559081535496,-0.0153422680061701,-0.0417305365042541,0.0397972195375444,0
2021-11-16 00:00:00+05:30,121.66656884765624,124.31575727178344,120.83256563901062,122.6477508544922,2233769,129.04506454467773,140.8463903308029,117.24373875855257,-0.0056935493636416,1.1158112535839544,-1.121504802947596,27.884624011512827,-0.0011985726975565,-0.0608565837599559,0.0380860576330323,0
2021-11-17 00:00:00+05:30,121.86280663009455,122.54963855103472,118.72302708981778,119.1155014038086,1659116,127.68367500305176,137.1297941414415,118.23755586466206,-0.5587823948274888,0.7808925239016657,-1.3396749187291546,26.26812395496286,-0.0287999529226933,-0.0665129061661349,0.0243206012270628,0
2021-11-18 00:00:00+05:30,119.70421090156988,120.88162637512416,114.74923852156014,115.68136596679688,2759630,126.4498378753662,135.35643647296837,117.54323927776409,-1.2596943468490736,0.3727751497515179,-1.6324694966005917,28.265116253690053,-0.028830298294844,-0.0796253451953989,0.0245779814599311,0
2021-11-22 00:00:00+05:30,116.17195477397496,117.5456111240752,112.49252213218412,113.3755874633789,2848314,125.41223831176758,135.3304478306167,115.49402879291848,-1.978423143185964,-0.0974645088359784,-1.8809586343499851,27.992298741114965,-0.0199321514242819,-0.090873301807111,0.023706505361881,0
2021-11-23 00:00:00+05:30,110.92262737493466,119.21361222683316,110.92262737493466,117.64372253417967,2819107,124.93391189575196,135.39489449387557,114.47292929762833,-2.178505605970784,-0.5136727282629396,-1.6648328777078445,35.017412729092385,0.037645979758909,-0.0419496716273655,0.0244762054508349,0
2021-11-24 00:00:00+05:30,118.4286693689938,119.36079679955384,116.85877960036494,117.15313720703124,1747843,124.40897979736329,135.3388550642721,113.47910453045444,-2.349574107401267,-0.8808530040906052,-1.4687211033106615,33.391310885896274,-0.0041700935381903,-0.0447999544156311,0.0221307920044845,0
2021-11-25 00:00:00+05:30,117.2021901675338,119.2136163178438,115.58324581113648,118.47772979736328,1707146,123.63629875183103,133.89617237630662,113.37642512735547,-2.3511608565023607,-1.1749145745729563,-1.1762462819294044,37.75861971884611,0.0113065055013528,-0.0053542284499414,0.0223226483276036,0
2021-11-26 00:00:00+05:30,116.85878151454952,117.20219373740215,113.22841089726457,113.5718231201172,2398781,122.71644020080566,133.12843575729354,112.30444464431778,-2.716964558894631,-1.4833245714372914,-1.2336399874573396,26.825357251294108,-0.0414078382970102,-0.0182358051277262,0.0203348930434137,0
2021-11-29 00:00:00+05:30,111.85475315409784,112.63970178459692,106.26201849072292,108.56779479980467,3332738,121.81375236511232,133.81009575727495,109.81740897294968,-3.3717820884987475,-1.8610160748495828,-1.5107660136491647,22.55844518106413,-0.0440604736530475,-0.0424058897611195,0.0218027816051751,0
2021-11-30 00:00:00+05:30,108.56779136808326,112.492519424872,108.27343376949425,109.2546157836914,2159854,121.0484302520752,134.20380197587428,107.8930585282761,-3.7916017601178567,-2.247133211903238,-1.5444685482146188,18.52384153550152,0.0063261944774064,-0.0713094296047198,0.0207922062739111,0
2021-12-01 00:00:00+05:30,114.3077102804666,115.14171353642088,110.87357306174012,113.13029479980467,3274600,120.40085029602052,133.78605022338957,107.01565036865146,-3.768140193746376,-2.551334608271865,-1.2168055854745106,29.19604313430193,0.0354738240422407,-0.0343383242065251,0.0226002633948076,0
2021-12-02 00:00:00+05:30,112.83593111259992,117.05501674853136,112.29627801294892,116.02477264404295,2673917,119.87591781616212,133.07224966237635,106.67958596994788,-3.475918338573109,-2.7362513543321145,-0.7396669842409946,36.488313592174194,0.025585346960868,-0.0207039513460942,0.0232682864346352,0
2021-12-03 00:00:00+05:30,115.779480583305,117.10407483857615,114.84736064073547,115.33795166015624,1799905,119.37060928344728,132.44256865545918,106.29864991143536,-3.2621471249602507,-2.841430508457742,-0.4207166165025087,36.79113993208125,-0.0059196063757336,0.0155507633101139,0.0232134062192987,0
2021-12-06 00:00:00+05:30,116.27007832310852,116.56443594610477,111.65852546833644,112.14911651611328,1841121,118.5832103729248,131.38708019545095,105.77934055039869,-3.3118671015694474,-2.9355178270800835,-0.3763492744893639,35.51401810944985,-0.0276477525232881,0.0329869619523213,0.0237625253455521,0
2021-12-07 00:00:00+05:30,114.45489120511206,125.93472604022467,114.30771239584936,123.43270874023438,15309168,118.3477268218994,130.5714441178727,106.12400952592616,-2.412963804947964,-2.83100702265366,0.4180432177056961,50.81968571411272,0.1006124040442164,0.1297711117726465,0.032817388660207,0
2021-12-08 00:00:00+05:30,124.61012136456787,125.54224132532714,121.6665751906017,123.6780014038086,4960540,118.00186004638672,129.106689760451,106.89703033232249,-1.661629171412983,-2.5971314524055247,0.9355022809925416,55.11552041585502,0.0019872582079556,0.093235031541897,0.0328177210175445,0
2021-12-09 00:00:00+05:30,124.61011836916325,124.70823507543857,121.42127675735397,121.96092987060548,2279416,117.71977005004882,128.0578747600334,107.38166534006425,-1.1910151030993603,-2.315908182544292,1.1248930794449317,57.32265965368666,-0.0138834029796203,0.0511628429971096,0.0325852531371641,0
2021-12-10 00:00:00+05:30,120.7835064554738,130.15379035510566,120.53821094785268,128.4367218017578,5915366,117.8571346282959,128.7017125462005,107.01255671039128,-0.2921401650055912,-1.911154579036552,1.6190144140309606,66.00626241866097,0.0530972659688873,0.1135686038555388,0.0344054647814119,0
2021-12-13 00:00:00+05:30,129.51603213624458,130.4972141978828,126.76871936932756,127.3083724975586,3529420,117.98714141845704,129.23247631988897,106.74180651702513,0.3254250433084422,-1.463838654567553,1.7892636978759953,61.00560738504653,-0.0087852546247702,0.1351705341278124,0.0342888982104172,0
2021-12-14 00:00:00+05:30,126.08188821412202,127.55366122829464,123.62893319050096,124.4629364013672,2839843,118.07054176330568,129.48941236831698,106.65167115829438,0.5785775259858497,-1.0553554184568723,1.6339329444427222,57.90031703185359,-0.0223507381358282,0.0083464721113828,0.0346241989293704,0
2021-12-15 00:00:00+05:30,125.05164199359824,130.20284745602763,123.23645680400232,124.11952209472656,5761570,118.14413032531738,129.7052848155899,106.58297583504486,0.7429280161465499,-0.695698731536188,1.438626747682738,56.22968560635227,-0.0027591692480497,0.0035699209714459,0.0344454344568843,0
2021-12-16 00:00:00+05:30,125.59130597387454,125.934725689807,120.83257439312324,121.61751556396484,2705563,118.2692310333252,129.92837456017773,106.61008750647268,0.6636359644892167,-0.423831792331107,1.0874677568203237,59.38215907139698,-0.0201580419303598,-0.0028157731086911,0.0347547113775595,0
2021-12-17 00:00:00+05:30,121.9609340038681,122.2552841326696,115.82854608102326,116.61348724365234,3481384,118.31583709716796,129.93882005829462,106.69285413604132,0.1947680128297548,-0.3001118312989347,0.4948798441286895,59.38215907139698,-0.0411456219698932,-0.0920549387452807,0.0353680517142813,0
2021-12-20 00:00:00+05:30,114.6020611704852,114.7982945771419,108.17531604384526,110.13768005371094,3894785,118.15394172668456,130.15084672499808,106.15703672837108,-0.6913868591817476,-0.3783668368754973,-0.3130200223062502,50.90725899690993,-0.0555322316741189,-0.1348748091503325,0.0368874945144875,0
2021-12-21 00:00:00+05:30,112.10004812310936,115.38700646150164,111.11886608264452,113.08123016357422,2672904,117.92581710815428,130.1352050186252,105.71642919768338,-1.1429755751083943,-0.5312885845220768,-0.6116869905863177,49.9486067071324,0.0267260950877827,-0.0914465508116354,0.0371387859790462,0
2021-12-22 00:00:00+05:30,114.01335182582504,116.9078433803102,112.83593635385397,115.82854461669922,2319260,117.85958747863768,130.10095193519686,105.61822302207852,-1.2646000477348878,-0.6779508771646391,-0.5866491705702487,49.79382315991178,0.024295052761196,-0.0667983354922988,0.0365815811112631,0
2021-12-23 00:00:00+05:30,116.80972200844911,119.55702716197348,116.80972200844911,117.5456085205078,2475292,117.81298141479492,130.05153403138695,105.57442879820287,-1.2085047214519875,-0.7840616460221088,-0.4244430754298787,52.27043186240663,0.0148241861234699,-0.0334812549374552,0.0367108896388953,0
2021-12-24 00:00:00+05:30,117.7418419141486,118.03619951326384,114.60206245743451,115.43606567382812,1903275,117.90619354248048,130.03665839192698,105.77572869303394,-1.319065878413312,-0.8910624925003496,-0.4280033859129624,53.45716172612938,-0.017946590036255,-0.0100967872383759,0.0368466313748628,0
2021-12-27 00:00:00+05:30,114.84735616174144,115.63229727070744,113.32652106651892,114.7982940673828,1604766,118.21771850585938,129.63761098361215,106.7978260281066,-1.4415321451688072,-1.001156423034041,-0.4403757221347661,38.29785386033403,-0.0055248903600663,0.0423162537235124,0.0356730866746811,0
2021-12-28 00:00:00+05:30,115.77948474234572,123.3836458165252,115.73042264431128,122.05905151367188,5039035,118.8579402923584,129.5762196624903,108.13966092222648,-0.941848060499268,-0.9892947505270864,0.0474466900278184,48.15642551289752,0.0632479559498264,0.0793926749568523,0.0365546034604287,0
2021-12-29 00:00:00+05:30,122.6968143041034,126.57248027957444,120.4891547643434,123.57987213134766,7053277,119.38041915893557,129.94070443419133,108.82013388367976,-0.4183053459094168,-0.8750968696035526,0.4567915236941358,51.85184280167432,0.0124597119084235,0.0669207019763495,0.0365800280621338,0
2021-12-30 00:00:00+05:30,123.13833952030672,124.31575491182846,119.55702376617673,120.34197235107422,3623603,119.59627914428712,130.04364627212425,109.14891201644998,-0.2616492944900699,-0.7524073545808562,0.4907580600907862,40.00000377004462,-0.0262008668922396,0.02378960699394,0.0366139431313866,0
2021-12-31 00:00:00+05:30,120.68538713335312,125.10070617481728,120.53820833480609,122.3533935546875,5386417,119.94705123901367,130.26268102772457,109.63142145030278,0.0245239391835951,-0.597021095827966,0.6215450350115612,44.009479916239954,0.0167142117111505,0.0599234549486875,0.0363977838204961,0
2022-01-03 00:00:00+05:30,122.35340002020948,126.52342377972666,121.02880573493962,125.34600830078124,5969893,120.60689582824708,130.50204178315738,110.71174987333676,0.4871813648079381,-0.3801806037007852,0.8673619685087234,51.0638391739433,0.0244587800889737,0.0918804091915101,0.036622363676078,0
2022-01-04 00:00:00+05:30,126.57249377099512,132.21429097396583,126.57249377099512,130.93875122070312,16125645,120.98219795227052,131.8501718837115,110.11422402082952,1.290255063797332,-0.0460934702011617,1.3363485339984935,57.29277189789776,0.0446184365640227,0.0727492111147254,0.0368358457786616,0
2022-01-05 00:00:00+05:30,131.23309714011228,134.66723426153575,128.33861313209954,132.2142791748047,10030438,121.40901184082033,133.34114415972147,109.47687952191916,2.006491615597156,0.3644235469585017,1.6420680686386542,61.63792417236816,0.0097414091871976,0.0698690401158523,0.0301470395678477,0
2022-01-06 00:00:00+05:30,130.30096035018292,132.21426207606356,128.53482992181318,129.3197784423828,4658289,121.77695426940916,134.2234963388276,109.33041219999076,2.313879264528069,0.7543146904724152,1.5595645740556536,64.63273949149828,-0.0218924971681384,0.0746024509646359,0.0306612013461012,0
2022-01-07 00:00:00+05:30,129.51603761909075,130.7915773475483,125.93472893116255,129.0745086669922,7146876,121.8088436126709,134.33027284885003,109.28741437649175,2.508775369049289,1.10520682618779,1.4035685428614988,75.46176275320323,-0.0018966145654193,0.0549319877204761,0.0304504030327633,0
2022-01-10 00:00:00+05:30,129.46694973989372,132.45955755301358,128.9272966962741,129.3197784423828,5192602,121.9094139099121,134.6472683059593,109.1715595138649,2.652447394627842,1.4146549398758004,1.2377924547520416,73.54196314151665,0.0019002185475942,0.0317024067656472,0.0282185932666598,0
2022-01-11 00:00:00+05:30,129.46696941749744,130.49721357160328,126.71965666376526,127.7499008178711,3427948,122.07376213073732,135.0332296545182,109.1142946069564,2.6095512236001213,1.6536341966206645,0.9559170269794568,67.89397982204002,-0.0121395013463556,-0.0243537560355763,0.0282844099991077,0
2022-01-12 00:00:00+05:30,128.73107586706132,132.41050838024896,127.35742705079764,131.38026428222656,4845617,122.43679924011232,136.02891748627883,108.8446809939458,2.835806280793662,1.890068613455264,0.9457376673383976,69.6378979105163,0.028417739983463,-0.0063080546048694,0.0283990529903532,0
2022-01-13 00:00:00+05:30,132.45957317996064,137.8560743095146,131.968982168183,133.53887939453125,14228398,123.03286743164062,137.4916726870698,108.57406217621144,3.152951975236917,2.1426452858115947,1.010306689425322,75.66067723011955,0.0164302844426285,0.0326253339045752,0.0285142434292697,0
2022-01-14 00:00:00+05:30,133.4407441956859,134.9125171096089,132.16520467595632,134.07850646972656,5639448,123.90611839294434,138.83449010696538,108.9777466789233,3.4085440441155868,2.395825037472393,1.0127190066431933,77.4058897758984,0.0040409735175404,0.0387682885986768,0.0279783357575231,0
2022-01-17 00:00:00+05:30,134.4219405074748,138.93538391463392,134.17664499559984,134.9615936279297,6405711,125.14731407165527,139.36671996467797,110.92790817863256,3.640396132989821,2.644739256575879,0.9956568764139416,72.40208405527102,0.0065863439372553,0.0436268547124099,0.0259013905326238,0
2022-01-18 00:00:00+05:30,135.4031201981535,136.58053564032926,128.04425496999298,128.5839080810547,5754710,125.9224479675293,139.01815067886852,112.82674525619008,3.271799393946964,2.770151284050096,0.5016481098968675,57.43442262278678,-0.0472555589737432,0.0065284376570484,0.0249427103688914,0
2022-01-19 00:00:00+05:30,128.044259345949,129.27073692589104,124.2176477993648,127.16120147705078,4885838,126.48908081054688,138.6964035479229,114.28175807317086,2.832235047152992,2.7825680366706758,0.0496670104823162,60.70882062434913,-0.0110644218645702,-0.0321133682309584,0.0248641700392677,0
2022-01-20 00:00:00+05:30,127.84801805255596,132.06710366200764,127.65178464618248,131.38026428222656,6368032,127.1808135986328,138.8084309417232,115.55319625554242,2.792134257944923,2.784481280925525,0.007652977019398,63.25650371688983,0.0331788529533294,-0.0161646939235368,0.0252652044877864,0
2022-01-21 00:00:00+05:30,131.2331066313244,133.14640874302103,126.08190057663693,128.7801513671875,5155619,127.84801788330078,138.08646554985324,117.60957021674832,2.521480652004485,2.731881155141317,-0.2104005031368325,55.10206394876989,-0.019790742005615,-0.0395168117697922,0.025805941190382,0
2022-01-24 00:00:00+05:30,127.16120781463086,128.14238992748557,116.07384694504243,118.37962341308594,8542100,128.02708435058594,137.39260349067715,118.66156521049469,1.4510235381683572,2.4757096317467253,-1.0246860935783682,33.6734293108038,-0.0807618863907591,-0.1228643628835469,0.0315580535361596,0
2022-01-25 00:00:00+05:30,118.52679477735282,123.67800054606865,114.60206657261696,122.3043441772461,5118615,128.03934898376465,137.3725476496563,118.706150317873,0.9088935693332444,2.162346419264029,-1.2534528499307849,37.94746905340335,0.0331536851613798,-0.0488363123933842,0.0322379450892449,0
2022-01-27 00:00:00+05:30,120.68539810180664,120.97975572565338,117.74185180664062,119.70421600341795,3537193,127.84556617736816,137.71420133957434,117.97693101516198,0.2663724736803203,1.7831516301472876,-1.5167791564669673,38.22114616279372,-0.0212594915685084,-0.0586419866045273,0.029574007260752,0
2022-01-28 00:00:00+05:30,121.0778702141462,125.73847761005244,120.93069140492646,121.47034454345705,5312619,127.9019847869873,137.6014495493635,118.2025200246111,-0.0991750820979717,1.4066862876982358,-1.5058613697962075,41.01967540137837,0.0147541047341943,-0.0754292875943786,0.0296284781285602,0
2022-01-31 00:00:00+05:30,122.94211282352168,124.36482378970511,120.34197891576326,121.22504425048828,3879396,127.84556732177734,137.6929200611091,117.99821458244556,-0.4040106539320618,1.0445468993721765,-1.448557553304238,40.44033150734352,-0.0020194253493781,-0.0586667047405273,0.0290393869683739,0
2022-02-01 00:00:00+05:30,122.15716781934556,125.29694745169748,120.19480367766934,124.31576538085938,5490758,127.79405517578124,137.70702198740713,117.88108836415536,-0.3916845798245418,0.7573006035328327,-1.1489851833573743,46.08500869507132,0.0254957310964945,0.0501449641131164,0.0293422945610247,0
2022-02-02 00:00:00+05:30,125.00259876656504,127.84802830204453,124.51200772547632,125.24789428710938,4807368,127.50951232910155,137.36897059023073,117.6500540679724,-0.3032058958533952,0.5451993036555872,-0.8484051995089824,42.55067102922782,0.0074980747887791,0.0240674207417965,0.0288994706740425,0
2022-02-03 00:00:00+05:30,125.93471915705904,127.94613033513647,125.05164634974862,126.91590118408205,5622216,127.24459342956544,136.85332037702466,117.63586648210618,-0.0973692725180228,0.4166855884208652,-0.5140548609388881,41.85765034964511,0.0133176442323974,0.0602458745518048,0.0272640321563065,0
2022-02-04 00:00:00+05:30,127.55366589368025,135.89371327903626,127.06307487101223,135.1087646484375,17477979,127.53404273986816,137.7364102403845,117.33167523935184,0.7185701163972169,0.4770624940161356,0.2415076223810813,51.06600823263575,0.0645534829593363,0.1122777757504525,0.0307561014488202,0
2022-02-07 00:00:00+05:30,135.01065098184048,140.30902786355264,132.85203857585094,138.78819274902344,16060563,128.01972694396972,139.38897921450624,116.6504746734332,1.6431656671166197,0.7102831286362323,0.9328825384803872,53.742796258935,0.027233082251622,0.1448805286657126,0.0307571143879112,0
2022-02-08 00:00:00+05:30,139.5240847894462,140.99585786733414,131.62556627711763,134.5200653076172,9982439,128.27974128723145,140.00642365942565,116.55305891503724,2.0083609532134545,0.9698986935516768,1.0384622596617776,56.0560718100748,-0.0307528137434895,0.0820837155729641,0.0316570445163433,0
2022-02-09 00:00:00+05:30,135.59933871514966,138.9844133539438,134.8143901827044,136.7277069091797,5956235,128.72863159179687,141.0425430191478,116.41472016444592,2.4477034737477084,1.2654596495908832,1.1822438241568252,59.60590906576767,0.0164112439026409,0.0916567315355803,0.0318024091478468,0
2022-02-10 00:00:00+05:30,137.85606692671146,143.5959874457714,137.85606692671146,139.57313537597656,16068827,129.13827514648438,142.33691876982093,115.93963152314782,2.9910093891957104,1.6105695975118488,1.3804397916838616,58.45999289076228,0.0208109133921694,0.0997293016383831,0.0318234872922571,0
2022-02-11 00:00:00+05:30,138.34665681429905,140.84867381484483,134.91251994302212,136.23712158203125,6485085,129.27318725585937,142.71416307043222,115.8322114412865,3.1164700813921518,1.9117496942879093,1.204720387104242,57.58482525878735,-0.0239015465616566,0.0083514710280254,0.0319227508703358,0
2022-02-14 00:00:00+05:30,131.3312217532657,132.26334169488177,122.84398814297784,123.62893676757812,9869852,128.75070877075194,142.21755689186992,115.28386064963397,2.17346904214358,1.9640935638590435,0.2093754782845365,55.10983306325,-0.0925458837359645,-0.1092258331287477,0.0378118806489533,0
2022-02-15 00:00:00+05:30,124.26670478956324,130.00661813061802,119.9985644839494,129.172607421875,8877023,128.4612594604492,141.6111506483519,115.31136827254652,1.852111823791432,1.9416972158455212,-0.0895853920540892,56.48147814826554,0.0448412062680676,-0.0397521207971001,0.0392122755752217,0
2022-02-16 00:00:00+05:30,129.51603245542742,130.88968135644612,126.08189523123048,127.0140151977539,5023452,128.38276481628418,141.54830617716058,115.21722345540778,1.4070341468187737,1.834764602040172,-0.4277304552213983,56.95611731168657,-0.0167109131510458,-0.0710440621803013,0.0393156059757963,0
2022-02-17 00:00:00+05:30,127.5046008163794,128.09331601847842,122.40245729423611,123.13834381103516,4813784,128.1816219329834,141.5471478331411,114.81609603282568,0.7331216209416311,1.614436005820464,-0.8813143848788327,51.52602467180712,-0.0305137301634353,-0.1177503931588984,0.0385165194640413,0
2022-02-18 00:00:00+05:30,123.62893252226542,125.3950631240562,120.48915310333138,120.8325653076172,4523988,127.65423698425292,141.31741620135438,113.99105776715147,0.0128360676775685,1.294116018191885,-1.2812799505143164,49.65397344333789,-0.018725105698647,-0.1130716510708034,0.0386493061913114,0
2022-02-21 00:00:00+05:30,120.8325699020886,120.8325699020886,112.54157716031672,115.04359436035156,10144352,126.96740913391112,141.72914979067554,112.20566847714672,-1.0134347526693404,0.83260586401964,-1.84604061668898,42.196522587361024,-0.047909029594199,-0.0694444410159974,0.0390389239647004,0
2022-02-22 00:00:00+05:30,110.18674394917063,113.7189977274948,108.9112043275808,112.88499450683594,8328136,126.69267768859864,142.3072625042506,111.07809287294668,-1.978139973419104,0.2704566965318912,-2.248596669950995,39.80580814085893,-0.0187633206830641,-0.1260918490392012,0.0390208412818984,0
2022-02-23 00:00:00+05:30,115.8285419448883,117.4474863100482,113.37558686334324,113.8171157836914,6392957,126.2683162689209,142.8183580952612,109.7182744425806,-2.6370629935346277,-0.3110472414814125,-2.3260157520532148,39.06632179205732,0.0082572646694776,-0.1039011277103211,0.0350731887642188,0
2022-02-24 00:00:00+05:30,109.79426803433768,111.70756995285402,103.02411069171708,103.66188049316406,10395146,125.4661994934082,144.69413504184962,106.23826394496676,-3.933365462743737,-1.0355108857338773,-2.89785457700986,24.583637949388844,-0.0892241489393149,-0.1581673320843031,0.0390122628685873,0
2022-02-25 00:00:00+05:30,108.91120607857462,112.4925220098549,107.24319961043992,111.41322326660156,7708188,124.96334342956544,145.13419864480687,104.79248821432398,-4.285821643727445,-1.685573037332591,-2.600248606394854,29.241061562212398,0.0747752475313108,-0.0779536709912244,0.0427220697472005,0
2022-02-28 00:00:00+05:30,111.413220905593,115.92665668180376,109.74520698698106,115.43606567382812,7200101,124.67389450073242,145.23302451292807,104.11476448853676,-4.192210748551574,-2.186900579576388,-2.005310168975186,35.47421804915419,0.0361074052906653,0.0034115007937531,0.0434026937948706,0
2022-03-02 00:00:00+05:30,115.28888425228722,121.02879741789576,115.09265084788971,117.64372253417967,10091114,124.34029235839844,145.13902172850857,103.54156298828832,-3.8949850184734487,-2.5285174673558,-1.3664675511176485,35.47423303748815,0.0191244984612473,0.0421555411162781,0.043634974929952,0
2022-03-03 00:00:00+05:30,121.6665679248522,124.3648184231856,120.24385702006076,121.27409362792967,12216686,124.14160232543944,144.97971119009526,103.30349346078364,-3.328126310580629,-2.6884392360007663,-0.6396870745798626,36.23615835523352,0.0308590294114099,0.0655171921454258,0.0438101148844603,0
2022-03-04 00:00:00+05:30,122.1571594742704,123.87422798093684,118.37961025676913,118.7230224609375,7931946,123.73195838928224,144.66234587036735,102.80157090819708,-3.0495831275690506,-2.7606680143144238,-0.2889151132546272,36.66915056141983,-0.0210355822144414,0.1452910355872487,0.0439998528416507,0
2022-03-07 00:00:00+05:30,118.2324321103175,123.57987106620531,116.76065909649613,122.3533935546875,7984133,123.09418983459472,143.33078548272218,102.8575941864673,-2.5069959524594907,-2.709933601943437,0.2029376494839461,48.87542621849454,0.0305784928525085,0.098194540713602,0.0444515392864302,0
2022-03-08 00:00:00+05:30,124.61012299644086,131.42933539443572,123.08928779231174,124.31576538085938,18998589,122.37056846618653,141.23259954459428,103.50853738777876,-1.8967798040327608,-2.5473028423613018,0.650523038328541,45.42937047834387,0.016038556587274,0.0769230972590611,0.0420834954932736,0
2022-03-09 00:00:00+05:30,126.2781198696089,126.57247746268916,121.17597648559776,121.71562957763672,6779091,121.7303466796875,139.70435142129045,103.75634193808456,-1.6044927455049989,-2.358740822990041,0.7542480774850429,45.05494270748776,-0.0209155757136414,0.0346121914178123,0.0416578728416634,0
2022-03-10 00:00:00+05:30,123.04022786673916,123.04022786673916,118.8211421500076,120.44009399414062,7178388,120.91596603393556,137.44687897117902,104.38505309669208,-1.4589602220313085,-2.178784702798295,0.7198244807669867,47.3532249023545,-0.010479636739524,-0.0068769809679862,0.0412738629682179,0
2022-03-11 00:00:00+05:30,120.9306863476268,123.62893695578886,120.19479981812806,121.3722152709961,4842464,120.00592002868652,134.02539642805598,105.98644362931704,-1.2539554340103791,-1.993818849040712,0.7398634150303329,50.54401571941085,0.0077392938343341,0.0223140613770191,0.0410979797622747,0
2022-03-14 00:00:00+05:30,121.17597929503629,122.45151891352444,116.85877691610489,117.25125122070312,5344277,119.05662651062012,130.8415883433233,107.27166467791692,-1.407786929641162,-1.876612465160802,0.46882553551964,52.30296553311501,-0.0339531089639569,-0.0417000475896396,0.0411265825061292,0
2022-03-15 00:00:00+05:30,117.25125260086156,117.8890224176128,110.03956617655092,112.0019302368164,7040176,118.47527618408203,130.456038395387,106.49451397277709,-1.9310162775862665,-1.887493227645895,-0.0435230499403713,49.13461488137917,-0.0447698504641616,-0.0990528844536954,0.0417908374211558,0
2022-03-16 00:00:00+05:30,114.16052891092058,114.5039411279183,112.19816482999089,113.08123016357422,4731502,117.670707321167,128.75435925386833,106.58705538846564,-2.232849917544499,-1.956564565625616,-0.2762853519188828,49.280921265299455,0.0096364404120157,-0.0709391180411634,0.0372055718468016,0
2022-03-17 00:00:00+05:30,115.19077031936824,116.76066004976312,113.915230702646,115.28888702392578,6012485,117.0844509124756,127.29308090563724,106.87582091931397,-2.267774302810878,-2.0188065130626685,-0.2489677897482094,63.450625773269216,0.0195227524245902,-0.042769868400015,0.0359471987186162,0
2022-03-21 00:00:00+05:30,117.15313236592992,118.7230220696865,114.30770306709483,114.7982940673828,5346677,116.66744842529296,126.50963124382712,106.82526560675882,-2.3084287515863906,-2.076730960767413,-0.2316977908189774,54.70667608663828,-0.0042553360450183,-0.0541633123275803,0.0358430888026326,0
2022-03-22 00:00:00+05:30,115.48512461084688,117.74184632643352,114.30770914191254,115.97571563720705,4837292,116.42460594177246,126.0718200875576,106.77739179598731,-2.2200482799392063,-2.105394424601772,-0.1146538553374343,50.81481464415434,0.0102564378625096,-0.0108786522123771,0.0354477221263746,0
2022-03-23 00:00:00+05:30,117.398429256467,117.398429256467,114.50393782899276,115.73041534423828,3992771,116.4589469909668,126.09033908714474,106.82755489478885,-2.145072739712404,-2.1133300876238983,-0.0317426520885057,46.92913077285724,-0.0021151004899688,0.0332894718826575,0.0352463402063523,0
2022-03-24 00:00:00+05:30,115.77948344642571,117.69278547515104,114.35677244925306,115.09265899658205,4498389,116.5693302154541,126.07808028577108,107.06058014513714,-2.112761096445041,-2.113216289388127,0.0004551929430856,39.024410068120176,-0.0055107064617304,0.0177874686196659,0.0336294818236978,0
2022-03-25 00:00:00+05:30,115.73041836546516,116.71160040327604,112.88499644447346,113.3755874633789,3687383,116.54725379943848,126.08491453712216,107.0095930617548,-2.2003430242096726,-2.130641636352436,-0.0697013878572367,40.21545298929575,-0.0149190360894704,-0.0165956980758241,0.0335293197517607,0
2022-03-28 00:00:00+05:30,113.32652524392223,113.8171162622942,110.97168685857189,111.41322326660156,4609341,116.93482093811036,124.7405459245608,109.12909595165988,-2.400428082751546,-2.184598925632258,-0.2158291571192876,28.6807091453729,-0.0173085250597815,-0.0294871176290679,0.0337067153319593,0
2022-03-29 00:00:00+05:30,112.14910844525258,112.59063736214678,109.89238679355502,110.33391571044922,4859549,116.88085556030272,124.86030338340925,108.90140773719624,-2.6159331834360984,-2.2708657771930265,-0.3450674062430718,21.78216968061666,-0.0096874277981318,-0.0486463902874838,0.0270454336151489,0
2022-03-30 00:00:00+05:30,111.16792778740316,111.41322329665532,108.7640273052372,109.30368041992188,5885810,116.57423629760744,125.2300636473401,107.91840894787477,-2.8371490184482724,-2.384122425444076,-0.4530265930041968,23.25581395348837,-0.0093374306884114,-0.0555319438299792,0.0216174831081915,0
2022-03-31 00:00:00+05:30,110.38298135275367,112.49252427132689,109.79427361603732,111.60945892333984,6142918,116.27252311706545,125.18815687810118,107.35688935602968,-2.794197338843873,-2.4661374081240357,-0.3280599307198373,31.78137951334071,0.0210951588689387,-0.0302643114131686,0.0205623656455396,0
2022-04-01 00:00:00+05:30,111.85475580641396,114.7983020118459,111.65852238704854,114.50394439697266,5077804,115.93401565551758,124.55944821581237,107.3085830952228,-2.497803907196271,-2.4724707079384824,-0.0253331992577887,36.89138980349856,0.0259340516615256,0.0099523800391174,0.0209522416921286,0
2022-04-04 00:00:00+05:30,115.63229954104,117.59466358072105,114.06240980646012,117.10407257080078,6255133,115.85306816101074,124.39830797883856,107.30782834318292,-2.0297041972274315,-2.3839174057962724,0.354213208568841,49.70178643697941,0.0227077607458985,0.0510787601089464,0.0203992177592174,0
2022-04-05 00:00:00+05:30,118.57584177796711,121.17597554388747,117.74183858515384,120.34197235107422,7328584,115.75249710083008,124.01839504200191,107.48659915965824,-1.381534878486704,-2.1834409003343587,0.8019060218476546,68.39826227806378,0.0276497623796627,0.0907069832171032,0.0208259642602601,0
2022-04-06 00:00:00+05:30,119.55703362658792,123.43270729115498,119.11550468980847,122.50057983398438,8046494,115.66173782348632,123.5635882221706,107.75988742480207,-0.6857693181188012,-1.8839065838912472,1.198137265772446,69.8347145942184,0.0179372785798528,0.1207360938201054,0.0200936141631246,0
2022-04-07 00:00:00+05:30,122.54963839322986,123.481758337661,118.42866933037004,119.26268005371094,4264063,115.53909034729004,123.1147121934522,107.96346850112788,-0.3911328151957463,-1.585351830152147,1.1942190149564007,58.019812834644526,-0.026431709830774,0.0685714383368509,0.0205570837761984,0
2022-04-08 00:00:00+05:30,120.34197744005328,121.47033827137496,119.50797421197196,120.29291534423828,3761228,115.53173141479492,123.08756781307744,107.9758950165124,-0.0736508844282752,-1.2830116410073729,1.2093607565790976,60.85271913589456,0.0086383711154518,0.0505569565987691,0.0201893040184338,0
2022-04-11 00:00:00+05:30,121.02880215305134,123.43270262300616,120.58727323297028,122.10810089111328,4261393,115.5685256958008,123.25023274157022,107.88681865003136,0.3207289725838933,-0.9622635182891196,1.282992490873013,61.81474441250536,0.0150897128204146,0.0427314627959423,0.020319367743296,0
2022-04-12 00:00:00+05:30,121.6175063778454,121.6175063778454,116.36818415463,118.7230224609375,5631054,115.6421142578125,123.41930004325042,107.86492847237456,0.356026262450257,-0.6986055621412445,1.0546318245915014,55.143344703632245,-0.0277219808143142,-0.0134529113866751,0.0211740183931397,0
2022-04-13 00:00:00+05:30,119.7042067299067,121.07786305839846,118.62490800245774,118.91925811767578,2750802,115.98798065185548,123.69850933796477,108.27745196574617,0.395277681402149,-0.4798289134325657,0.8751065948347148,56.67806395262138,0.0016528862950979,-0.0292351409369823,0.019768429521921,0
2022-04-18 00:00:00+05:30,119.7042119987987,119.7042119987987,116.80972789971516,118.87020874023438,2214700,116.27742958068848,123.9631049322556,108.59175422912136,0.417612857806148,-0.300340559184823,0.7179534169909709,60.18182748697991,-0.0004124594974589,-0.003290814136491,0.0167953014153024,0
2022-04-19 00:00:00+05:30,119.94950385584002,127.06307361416182,118.82114301769988,121.81375122070312,18701538,116.60367279052734,124.6577737390387,108.54957184201598,0.6651653123161196,-0.1072393848846344,0.7724046972007541,68.5965010883284,0.0247626593043277,0.0126427717884525,0.017408550888354,0
2022-04-20 00:00:00+05:30,123.1383490657357,123.6289400978701,118.28150084193511,119.01738739013672,6056375,116.81462745666504,124.89061086861504,108.73864404471504,0.6284646755215846,0.0399014271966093,0.5885632483249752,64.62813265362777,-0.0229560603999455,-0.0253112895739212,0.0179371043921063,0
2022-04-21 00:00:00+05:30,120.09668043057812,120.53820934409168,118.87020290879082,119.50797271728516,2945809,116.99124031066894,125.14410428251183,108.83837633882604,0.6316836366029861,0.1582578690778847,0.4734257675251014,67.50843483012133,0.0041219635038727,0.0066116094425234,0.0178918365242899,0
2022-04-22 00:00:00+05:30,118.7230220696865,118.7230220696865,114.40581976998752,114.7982940673828,5770643,116.94463424682615,125.13840014545468,108.75086834819768,0.2513060797759578,0.1768675112174993,0.0744385685584585,55.05442644297734,-0.0394089075633793,-0.034653462488095,0.0199226799762934,0
2022-04-25 00:00:00+05:30,112.83593377189564,112.98311257398048,111.31509862672712,111.70757293701172,4194526,116.77537994384764,125.26473682930268,108.28602305839264,-0.296127664089937,0.082268476156012,-0.3783961402459491,45.595046034212224,-0.0269230580077866,-0.0602559369511588,0.0207540831986954,0
2022-04-26 00:00:00+05:30,112.83593271292892,114.20958904312084,112.1000461952359,112.59063720703124,3229386,116.73613243103028,125.29861217611638,108.17365268594416,-0.6512101978398448,-0.0644272586431593,-0.5867829391966854,42.48365763945798,0.0079051423892044,-0.0757148837569361,0.0208300697904845,0
2022-04-27 00:00:00+05:30,111.85475143513152,112.83593346526426,110.13768288239925,112.0019302368164,2762785,116.76556777954102,125.25473439571964,108.27640116336238,-0.9689499447226808,-0.2453317958590636,-0.7236181488636172,34.76702089412474,-0.0052287382398621,-0.0589448088817794,0.0206087122559008,0
2022-04-28 00:00:00+05:30,113.32652720673458,113.32652720673458,109.49991569999152,111.90381622314452,4431556,116.84406280517578,125.10889651514913,108.57922909520244,-1.214675936166287,-0.4392006239205084,-0.7754753122457789,29.069742560089352,-0.0008760028819541,-0.0636288635916321,0.0202424078794081,0
2022-04-29 00:00:00+05:30,113.27745827319472,113.27745827319472,110.77544867865925,111.1679229736328,1832831,116.93727493286131,124.87980454529205,108.9947453204306,-1.4520575740256874,-0.6417720139415443,-0.8102855600841431,32.25803107214068,-0.0065761229093768,-0.0316239115157851,0.0201761217544404,0
2022-05-02 00:00:00+05:30,109.79427230900964,110.87357106111212,108.0281416340602,110.67733764648438,2262626,116.89066886901855,124.97451485253708,108.80682288550004,-1.6606276859213835,-0.8455431483375122,-0.8150845375838713,28.414083863447274,-0.0044130115416908,-0.0092226092058078,0.0200838234959601,0
2022-05-04 00:00:00+05:30,110.38297060776584,111.8056814568251,107.24319132703022,107.7828369140625,3034707,116.55461349487304,125.56224970421576,107.54697728553036,-2.0360131290423027,-1.0836371444784705,-0.9523759845638322,19.32770061771249,-0.0261526053478737,-0.0427015994600704,0.020339993279845,0
2022-05-05 00:00:00+05:30,109.84332241833827,110.2848588118938,107.3903674068897,108.02813720703124,1728445,116.10081672668456,125.87385628353618,106.32777716983296,-2.287347989837059,-1.3243793135501882,-0.9629686762868708,23.543675394598964,0.002275875269124,-0.035479683442803,0.0193792206660633,0
2022-05-06 00:00:00+05:30,104.98648371777044,106.60543566478898,99.98245655175208,102.63164520263672,6237384,115.21530036926268,126.46773244773196,103.96286829079344,-2.888685513718144,-1.6372405535837795,-1.251444960134365,17.953663896627916,-0.0499545039275498,-0.082858398698561,0.0210514809075567,0
2022-05-09 00:00:00+05:30,100.86551110836048,100.86551110836048,89.77815167737165,92.6235809326172,15765612,113.72145042419432,128.33298565489167,99.10991519349696,-4.125263509652541,-2.134845144797532,-1.990418364855009,12.898740096474969,-0.0975144094227421,-0.166813785352579,0.0277017124617965,0
2022-05-10 00:00:00+05:30,93.21229467167478,95.95960740369624,91.44616398882886,91.83863830566406,7114541,112.350248336792,129.66868333146869,95.0318133421153,-5.10969737973241,-2.729815591784508,-2.3798817879479017,4.874444558789477,-0.0084745441608887,-0.1702127982242688,0.0268609384498811,0
2022-05-11 00:00:00+05:30,92.96700017350136,93.70288671841034,89.68004177007292,93.06511688232422,6121617,110.98885841369628,129.88704318438565,92.09067364300694,-5.72490856094764,-3.328834185617134,-2.396074375330505,8.992247912491479,0.0133547121264809,-0.1365497555373591,0.0272857025375957,0
2022-05-12 00:00:00+05:30,91.74052345931167,92.47641001112432,89.58192590165791,90.36686706542967,4256098,109.40179672241212,129.6511645820001,89.15242886282414,-6.356915499589931,-3.9344504484116944,-2.4224650511782366,6.9565378099214,-0.028993138431302,-0.1634876856920573,0.027141158165297,0
2022-05-13 00:00:00+05:30,92.2311170832614,93.89912365320303,89.63098303002567,90.41593170166016,4512467,107.98644218444824,129.41533817409297,86.55754619480349,-6.775720161452654,-4.502704391019886,-2.273015770432768,8.235331016736751,0.0005429493997499,-0.1190248239405863,0.0265634926819309,0
2022-05-16 00:00:00+05:30,90.0725154650053,90.95557332409702,87.03084511186715,89.58192443847656,6269897,106.51957550048829,128.7970334141591,84.24211758681749,-7.093157781781954,-5.0207950691723005,-2.072362712609654,8.925356840063642,-0.0092241184433681,-0.0328388998083911,0.026386835208466,0
2022-05-17 00:00:00+05:30,91.15180858078406,101.25797860986285,91.15180858078406,98.51067352294922,10475451,105.50159873962404,127.25733946273309,83.74585801651499,-6.548763878927815,-5.326388831123404,-1.2223750478044115,29.873776033652163,0.0996713247727199,0.0726495442482368,0.0360160862605699,0
2022-05-18 00:00:00+05:30,99.78621288647868,100.32586601585732,96.89172879282064,98.8050308227539,4959565,104.35116271972656,124.87340149692508,83.82892394252804,-6.02413315757417,-5.465937696413557,-0.5581954611606124,30.975961054118542,0.0029880751930511,0.0616763201155969,0.0360609776163708,0
2022-05-19 00:00:00+05:30,94.1934754491924,96.842663951871,93.8500632337822,94.97842407226562,3430792,103.149214553833,122.85428922394848,83.44413988371753,-5.8497029809676775,-5.542690753324382,-0.3070122276432956,27.96935474677089,-0.0387288655104295,0.051031502547244,0.0358247218160876,0
2022-05-20 00:00:00+05:30,98.118200152438,102.82787675408484,98.118200152438,99.88433074951172,11012735,102.16803245544432,120.33783666165336,83.9982282492353,-5.255023501043027,-5.485157302868111,0.230133801825084,36.7511550253974,0.051652854057816,0.1047204720412975,0.038217077568949,0
2022-05-23 00:00:00+05:30,98.11820127585312,98.11820127585312,93.99723981659716,94.63500213623048,6453033,101.15986785888671,118.60191384320746,83.71782187456597,-5.147970082776453,-5.41771985884978,0.2697497760733265,33.05699059356023,-0.0525540750375094,0.0564073358484755,0.0393315949759345,0
2022-05-24 00:00:00+05:30,94.78218747529932,96.49925611610485,94.48783734265636,95.51807403564452,3565444,100.35039291381835,117.22478559660382,83.47600023103288,-4.93498551429208,-5.3211729899382405,0.3861874756461603,36.47187824777101,0.0093313454797925,-0.0303784288573311,0.0389653444476543,0
2022-05-25 00:00:00+05:30,96.49924881635174,96.49924881635174,92.6235828860411,93.11417388916016,3082510,99.3765697479248,115.50834299993429,83.24479649591532,-4.903642225719977,-5.237666837094588,0.3340246113746108,34.29752749896498,-0.0251669662600955,-0.0575968337462751,0.0389245545062578,0
2022-05-26 00:00:00+05:30,94.24253561177304,95.0765388280368,89.33662553278069,94.48783111572266,5404173,98.50086479187011,113.6163839604599,83.38534562328033,-4.713624061606154,-5.132858281996902,0.4192342203907477,40.63205496850572,0.0147523966458389,-0.0051653095040795,0.0390919863508779,0
2022-05-27 00:00:00+05:30,97.13702517630172,97.43138279237814,94.8803034152495,96.10678100585938,3991318,97.71101303100586,111.4674666955576,83.95455936645413,-4.381885918296874,-4.982663809256897,0.600777890960023,54.96503864584675,0.0171339512296977,-0.0378192426710614,0.03946221875763,0
2022-05-30 00:00:00+05:30,97.13701932683531,101.7976338904966,96.45019491178353,100.96363067626952,5089815,97.2007984161377,109.53965275215891,84.86194408011649,-3.684600095348941,-4.723051066475306,1.0384509711263652,61.654130356449286,0.0505359727958638,0.0668740782710479,0.0413781471050268,0
2022-05-31 00:00:00+05:30,100.03150561792091,105.0845946026101,99.5409145997147,103.12223052978516,9463386,96.82304306030274,107.81363297329152,85.83245314731396,-2.924107794521277,-4.3632624120845005,1.439154617563224,62.54589289956326,0.0213799745418918,0.0796096086621571,0.041741669581328,0
2022-06-01 00:00:00+05:30,104.39776665794008,104.69211676746254,101.110808443746,101.84669494628906,3249757,96.52623596191408,106.54858125315587,86.50389067067225,-2.396709453872248,-3.9699518204420494,1.5732423665698023,64.84770847304293,-0.0123691620802138,0.0937829407961434,0.0417936803519196,0
2022-06-02 00:00:00+05:30,101.55234162236604,104.83929997481384,101.55234162236604,104.49588775634766,3022430,96.34962348937988,105.61441766226515,87.08482931649459,-1.744861077303554,-3.524933671814351,1.7800725945107971,67.06300937412973,0.0260115736839148,0.1059190005998527,0.0419063066666163,0
2022-06-03 00:00:00+05:30,106.850725544204,106.89978015465904,103.76000062419078,104.93741607666016,3841624,96.46491203308103,106.10849193522924,86.82133213093284,-1.179047570652969,-3.055756451582075,1.876708880929106,68.78750523437394,0.0042253176636195,0.0918835796847925,0.0419152369979312,0
2022-06-06 00:00:00+05:30,104.49588296329274,104.59399966609335,101.79763246424058,104.2505874633789,2856422,97.04626235961912,107.10760120065908,86.9849235185792,-0.7770996976055642,-2.6000251007867727,1.8229254031812083,58.79698812057807,-0.0065451260280651,0.0325558497163072,0.0403995813095322,0
2022-06-07 00:00:00+05:30,103.56376573615238,104.05435674866692,101.1108106735796,102.04293060302734,1953349,97.55647697448732,107.54052770537427,87.57242624360035,-0.6294368150169163,-2.205907443632802,1.5764706286158856,54.68749792905276,-0.0211764452754481,-0.0104662197589497,0.0339644548543349,0
2022-06-08 00:00:00+05:30,103.90717233119187,104.39776331718822,101.35610070117572,102.38633728027344,3730282,98.02253799438476,107.99404482604707,88.05103116272245,-0.4791791884219236,-1.8605617925906264,1.3813826041687025,61.92731166057876,0.0033653157079742,0.005298574826301,0.0338248001809478,0
2022-06-09 00:00:00+05:30,100.8655189013954,102.82788302410096,99.68809593627704,101.06175231933594,2023383,98.55728225708008,107.92919441558298,89.18537009857717,-0.4616601423790172,-1.5807814625483043,1.1191213201692871,52.14286329202297,-0.0129371261451766,-0.0328638333119775,0.0340142576203933,0
2022-06-10 00:00:00+05:30,100.32585965586784,100.52209306184288,98.26537894983156,99.88433074951172,2116091,99.03070220947264,107.59258152807976,90.46882289086555,-0.5365986772045517,-1.3719449054795538,0.8353462282750022,61.21594658389954,-0.011650516073616,-0.0481533233432868,0.0333654901265072,0
2022-06-13 00:00:00+05:30,98.11820081400678,98.11820081400678,94.38970618874468,95.0765380859375,2653772,99.3054328918457,106.8872520952712,91.7236136884202,-0.9727237397352724,-1.2921006723306976,0.3193769325954252,49.19209271899267,-0.0481336024128862,-0.0879999777522986,0.0353443953584431,0
2022-06-14 00:00:00+05:30,94.19347351665324,97.9710227803124,93.6047658043391,94.48783111572266,2679119,99.10429077148436,106.98254061621496,91.2260409267538,-1.3502943733621322,-1.3037394125369846,-0.0465549608251476,52.69231459383804,-0.0061919268629946,-0.0740384409057783,0.0352982129517238,0
2022-06-15 00:00:00+05:30,95.41995493168596,96.49925369595904,93.99724394502938,95.4690170288086,2157814,98.9374900817871,106.98192728615832,90.8930528774159,-1.5524526103636305,-1.353482052102314,-0.1989705582613166,51.95313425455412,0.0103842569090641,-0.0675609699029402,0.0276323107525418,0
2022-06-16 00:00:00+05:30,96.3030215777152,96.8917293220003,89.48380170608947,90.36686706542967,2925267,98.70691223144532,107.46211711360712,89.95170734928351,-2.1001560397327665,-1.5028168496284044,-0.5973391901043621,39.96569079354512,-0.053442992524363,-0.1058252504875676,0.0298656503620792,0
2022-06-17 00:00:00+05:30,89.82721769655858,92.57452288465124,87.32520052974714,91.3480453491211,3403444,98.28009796142578,107.60722713575238,88.95296878709918,-2.427064378690673,-1.6876663554408582,-0.739398023249815,30.555538413308085,0.0108577215914875,-0.0854617069197548,0.028912287036288,0
2022-06-20 00:00:00+05:30,90.85744633419218,91.05368721409133,79.6719706979618,82.7626953125,10192601,97.68648262023926,109.23667821158767,86.13628702889085,-3.340401520354632,-2.018213388423613,-1.3221881319310191,17.322810926564642,-0.0939850437281819,-0.1295150519921886,0.0327490448917028,0
2022-06-21 00:00:00+05:30,84.77412918974574,89.33662714258779,83.54765164789706,88.94415283203125,5244529,97.3577865600586,109.52546461368124,85.19010850643595,-3.524804076848355,-2.3195315261085616,-1.2052725507397932,32.10884650247172,0.0746889343827066,-0.0586708173764922,0.0357983750117354,0
2022-06-22 00:00:00+05:30,86.54025007268675,87.079903171176,81.14374903109274,82.4192886352539,12406905,96.82304229736329,110.60846779714744,83.03761679757913,-4.149612294051039,-2.685547679697057,-1.4640646143539815,22.358720762730968,-0.0733591134326657,-0.1366907170482002,0.038867723632091,0
2022-06-23 00:00:00+05:30,82.46835399238338,85.60813354646234,81.53622655682952,83.84200286865234,6622115,96.29075088500976,111.22969879717655,81.35180297284299,-4.478352499234475,-3.044108643604541,-1.4342438556299344,24.220628956618214,0.0172619086740077,-0.0722041651842709,0.0389388870071992,0
2022-06-24 00:00:00+05:30,83.10612168671192,85.65720116026847,82.61553063192419,83.6457748413086,6666366,95.66770057678222,111.64245383526216,79.6929473183023,-4.700530650784685,-3.3753930450405703,-1.325137605744115,24.514574375687214,-0.0023404501399038,-0.0843178469596733,0.0386997885595772,0
2022-06-27 00:00:00+05:30,86.3440179250985,86.98178773648293,84.97036159730698,85.6081314086914,4503170,94.89992561340333,111.27400018762528,78.52585103918138,-4.664493286643534,-3.6332130933611633,-1.0312801932823707,29.548225977775303,0.0234603190789464,0.0343806600962843,0.0389052824046666,0
2022-06-28 00:00:00+05:30,85.36283735331389,88.99320790159614,84.62695082440601,88.50261688232422,4572546,94.16894493103028,110.30100922268636,78.03688063937419,-4.352203139785658,-3.777011102646062,-0.5751920371395958,33.75431123833174,0.0338108708367268,-0.0049641930992457,0.0378742436790181,0
2022-06-29 00:00:00+05:30,87.472383986096,88.79697829779307,86.34402309619658,87.52143859863281,2855088,93.45268211364746,109.42065969803902,77.4847045292559,-4.1362042480429295,-3.848849731725436,-0.2873545163174937,34.02777802776866,-0.0110864324497433,0.0619048046623944,0.037379127302116,0
2022-06-30 00:00:00+05:30,88.50261553479812,89.04226864211053,84.82318294628116,85.46095275878906,5048882,92.50093536376951,107.95842459504016,77.0434461324989,-4.084207357143242,-3.8959212568089976,-0.1882861003342446,33.33333333333333,-0.0235426413554854,0.0193095326297605,0.0375370346651925,0
2022-07-01 00:00:00+05:30,84.47977175567127,87.07990564679693,84.03824283404562,86.68743133544922,2962596,91.58843612670898,106.0791885517122,77.09768370170578,-3.899086631865544,-3.8965543318203073,-0.0025323000452361,39.431398093036776,0.014351332825903,0.036363540177746,0.0370981285789086,0
2022-07-04 00:00:00+05:30,85.85342946078798,86.3440204862782,83.49859104126993,85.65719604492188,2968114,90.65876655578612,104.07500082990788,77.24253228166438,-3.7917990026801647,-3.8756032659922792,0.0838042633121145,38.99755986969495,-0.0118844828443549,0.0005731305592482,0.0369949865554457,0
2022-07-05 00:00:00+05:30,86.44212992642747,87.4233118949132,84.52882808221004,85.21565246582031,2375230,89.81740264892578,102.30612017132304,77.32868512652851,-3.699753208315912,-3.840433254457006,0.1406800461410946,37.050793440957456,-0.005154775074239,-0.0371397426685625,0.0370007622210056,0
2022-07-06 00:00:00+05:30,84.38165548757505,87.07990609909635,81.73246697241137,86.39308166503906,4453860,89.01773986816406,100.08506451618692,77.9504152201412,-3.4915491517302684,-3.770656433911659,0.2791072821813904,44.42916634936336,0.0138170531486689,-0.012892349025115,0.0372072033207012,0
2022-07-07 00:00:00+05:30,87.3742623410698,90.7593373337837,85.46095290037624,89.5328598022461,5938255,88.44129524230956,97.95990084669758,78.92268963792155,-3.038169949423221,-3.6241591370139714,0.5859891875907506,47.600521527533495,0.0363429348356907,0.0476464035563688,0.038354726022721,0
2022-07-08 00:00:00+05:30,90.75933610643273,91.24992711241345,87.42331576859891,88.45355987548828,6598833,87.8697566986084,95.72224222881346,80.01727116840334,-2.7344333041727538,-3.446213970445728,0.7117806662729742,59.38512462911224,-0.0120547911587063,0.020373524890878,0.0383468312088254,0
2022-07-11 00:00:00+05:30,88.20826777330454,90.66122289778004,86.6383779908052,89.72909545898438,4048079,87.60238456726074,94.75459362296748,80.450175511554,-2.3635492386500943,-3.2296810240866014,0.8661317854365072,51.54439574863356,0.0144203985152389,0.0475371551028478,0.0385629711474833,0
2022-07-12 00:00:00+05:30,88.11015035135698,89.68004012113234,87.42331843057563,88.3554458618164,4379709,87.29576530456544,93.69081878749144,80.90071182163942,-2.155614406021513,-3.014867700473584,0.8592532944520705,64.64893274923165,-0.0153088537239949,0.0368452661587663,0.0373464761219209,0
2022-07-13 00:00:00+05:30,87.52143380409134,89.68003875474011,87.32520039304363,89.38568115234375,3640651,86.9915985107422,92.2225735374704,81.76062348401399,-1.8859530819995456,-2.7890847767787763,0.9031316947792308,63.95062856651354,0.0116601221405026,0.0346393418272485,0.0374685630890178,0
2022-07-14 00:00:00+05:30,89.4347455408123,90.02345327487264,86.83461160573546,87.61956024169922,3246315,86.85423316955567,91.8510582057015,81.85740813340983,-1.794074760244584,-2.590082773471938,0.7960080132273539,59.26773683393902,-0.0197584320875113,-0.0213698028273958,0.0375494098920355,0
2022-07-15 00:00:00+05:30,87.71767120070483,88.11014549296387,84.97035864071606,86.00060272216797,3244822,86.58686103820801,91.12219174632332,82.05153033009272,-1.8307926321057977,-2.43822474519871,0.6074321130929121,50.93022902563384,-0.0184771244578875,-0.0277315820502105,0.0359607085380151,0
2022-07-18 00:00:00+05:30,87.17802000724774,91.24992684198511,86.73649109750349,90.71027374267578,5498911,86.9842399597168,91.50143297938293,82.4670469400507,-1.462996209482398,-2.243179038055448,0.7801828285730497,54.8179815900295,0.0547632327150402,0.0109348955171393,0.0379502859235132,0
2022-07-19 00:00:00+05:30,89.53286258236204,91.74052220768056,89.48380048524719,91.39710998535156,4231449,87.10688781738281,91.96823307513654,82.24554255962909,-1.1033739420912667,-2.0152180188626114,0.9118440767713448,58.56833081564372,0.0075717580196503,0.034425315767091,0.0311959494788694,0
2022-07-20 00:00:00+05:30,92.2801714154336,94.19347334849505,92.2311093204014,92.52546691894533,5063448,87.61219673156738,92.522677264579,82.70171619855577,-0.7190331630555136,-1.755981047701192,1.0369478846456783,66.28959721791216,0.0123456522178282,0.0351262721962177,0.0269266644264208,0
2022-07-21 00:00:00+05:30,92.72170450310958,93.65382446410185,92.2311134739926,93.21229553222656,2266998,88.0807113647461,93.25743083280771,82.90399189668446,-0.3549276130300711,-1.475770360766968,1.1208427477368967,65.42923936179233,0.007423130475882,0.0638297575917949,0.0206195821865189,0
2022-07-22 00:00:00+05:30,93.70288564019664,95.17465871307932,93.26135671266182,93.94818115234376,3064980,88.59583168029785,93.96129780698264,83.23036555361307,-0.0069118464420654,-1.1819986579019874,1.175086811459922,69.88233606599367,0.0078947269339888,0.0924130550090571,0.0204662776020281,0
2022-07-25 00:00:00+05:30,94.1934750233944,94.63500394323664,92.81981868213826,93.1632308959961,3614462,88.97358665466308,94.51434250968023,83.43283079964591,0.2032117319617583,-0.9049565799292384,1.1081683118909966,68.75000674975405,-0.0083551405330009,0.0270416685135224,0.0206248845532092,0
2022-07-26 00:00:00+05:30,93.60476799322656,97.23513854224493,92.72170266119308,96.79360961914062,6826196,89.38813629150391,95.9306097007166,82.84566288229124,0.65512552507073,-0.5929401589292448,1.2480656839999749,71.99170030767326,0.0389679349699383,0.0590445325312143,0.0215622489283888,0
2022-07-27 00:00:00+05:30,96.89172557379196,98.36349862048247,95.91054354266495,97.38231658935548,3882752,89.88118019104004,97.26365324115292,82.49870714092718,1.048685599631142,-0.2646150072171674,1.3133006068483093,68.60465284493627,0.0060820850935434,0.0524920309201453,0.0206072467020614,0
2022-07-28 00:00:00+05:30,98.4125626680504,99.1975038170238,96.352074373161,97.87290954589844,4498422,90.50177803039551,98.38922052909034,82.61433553170069,1.3842151748128655,0.0651510291888392,1.3190641456240266,72.96651047024486,0.0050378033068541,0.0499999918150342,0.020285057277321,0
2022-07-29 00:00:00+05:30,98.60879964196263,101.55234589993168,98.1182085989678,101.1108169555664,3924851,91.22294731140136,100.20370536319125,82.24218925961151,1.8896145478796167,0.4300437329269948,1.4595708149526223,75.32752226010479,0.0330827746379556,0.0762402817741401,0.019988566824295,0
2022-08-01 00:00:00+05:30,101.60140567508904,103.76000322057232,101.25798596418592,102.87693786621094,3321288,92.0839344024658,102.0641095448951,82.10375926003653,2.404935786910628,0.8250221437237214,1.579913643186906,81.75964096887411,0.0174671807015529,0.1042654583443853,0.0200477768715582,0
2022-08-02 00:00:00+05:30,102.5335234059833,103.02411442706456,100.080568300577,102.68070220947266,2723475,92.95718688964844,103.45014491387522,82.46422886542166,2.7656166963044058,1.2131410542398584,1.5524756420645474,80.17816600541356,-0.0019074795654734,0.0608210873992229,0.0196580798686191,0
2022-08-03 00:00:00+05:30,102.38634967993164,103.612827293457,100.37493088524523,102.63164520263672,2558158,93.76911506652831,104.63003891429466,82.90819121876197,3.012771075525663,1.5730670584970194,1.4397040170286437,86.95648907493832,-0.0004777626738066,0.0539043308593363,0.0195174656838137,0
2022-08-04 00:00:00+05:30,103.024112475807,104.05435659489495,100.47304071166624,102.19010925292967,2816296,94.4019775390625,105.6902145807431,83.1137404973819,3.136854731912976,1.8858245931802111,1.251030138732765,92.30766776895688,-0.0043021423736826,0.0441102622478659,0.0196969431615588,0
2022-08-05 00:00:00+05:30,102.72975487440334,103.71093689798244,101.84669704184196,102.19010925292967,2098867,95.08880500793455,106.52376605424786,83.65384396162128,3.1983236395450376,2.148324402453176,1.0499992370918614,89.79589030009474,0.0,0.0106743504786197,0.0186714561975421,0
2022-08-08 00:00:00+05:30,102.68069969976072,110.48109374996628,101.60140097692704,108.96026611328124,13647552,96.0503635406494,108.7518026437974,83.34892443750142,3.7501044006005486,2.4686804020826507,1.281423998517898,92.8229414075754,0.0662506079095661,0.0591320890108679,0.0222592699275793,0
2022-08-10 00:00:00+05:30,110.18674662409006,111.26604537619257,109.10744038616266,110.67733764648438,5558821,97.1664581298828,110.90173279729198,83.43118346247364,4.276649399510959,2.8302742015683124,1.446375197942646,93.02323310500466,0.015758694379637,0.077878659426172,0.0222738422638897,0
2022-08-11 00:00:00+05:30,112.24722071243907,112.24722071243907,109.30367475399656,109.79426574707033,3234510,98.18688735961912,112.5081628613485,83.86561185788977,4.570003427769436,3.178220046808537,1.3917833809608986,88.94003816906041,-0.0079787960046047,0.0697895910203101,0.021907338014166,0
2022-08-12 00:00:00+05:30,109.59802622858405,112.44345552115138,108.91120182402364,110.72638702392578,3901600,99.34222869873048,113.80156772562631,84.88288967183462,4.822116646606901,3.50699936676821,1.3151172798386908,89.0410419025565,0.0084897081875183,0.0835333070235597,0.0219107456813226,0
2022-08-16 00:00:00+05:30,110.726395793506,112.49252652486052,107.58661614423708,111.80569458007812,3805826,100.63248329162596,114.67855907989966,86.58640750335229,5.05078696047056,3.81575688550868,1.2350300749618803,92.79275808262216,0.009747518953356,0.0940950684703643,0.0207929057169612,0
2022-08-17 00:00:00+05:30,112.73782047764236,115.58324995603787,112.10005063985672,113.13029479980467,6226691,101.75348434448242,116.04187010972429,87.46509857924055,5.278051902416337,4.108215888890212,1.1698360135261252,91.93950851254024,0.0118473412709569,0.0382710949162701,0.0195982545491926,0
2022-08-18 00:00:00+05:30,113.1302867345521,114.40581883336344,112.3453381461878,113.42463684082033,2762967,102.85486068725588,117.17783494979632,88.53188642471541,5.419440018011372,4.370460714714444,1.048979303296928,91.81581385063234,0.002601796817877,0.0248225992127775,0.017247538715067,0
2022-08-19 00:00:00+05:30,113.42464257586592,113.76805479345492,110.18674632825184,110.8245086669922,3222070,103.7698127746582,117.64540457844991,89.89422097086648,5.26103655034585,4.5485758818407245,0.7124606685051251,80.4147287099479,-0.0229238395312398,0.0093833945963555,0.0187540842133724,0
2022-08-22 00:00:00+05:30,110.3829721834211,110.3829721834211,108.27342944008416,108.7149658203125,2429109,104.5449462890625,117.64781023127432,91.44208234685068,4.908693816680795,4.620599468808739,0.2880943478720565,68.85641712352947,-0.0190349848788274,-0.0181656898384904,0.0197310057344444,0
2022-08-23 00:00:00+05:30,107.88095848543122,112.59063510507124,106.8507218713894,112.24722290039062,3556002,105.45989837646484,117.99023918552626,92.92955756740344,4.858477780263641,4.668175131099719,0.1903026491639217,71.36463612092402,0.0324909919570444,0.0039490682650002,0.0204467159569142,0
2022-08-24 00:00:00+05:30,112.73781600655018,115.58324537209822,112.10004619405798,114.70018005371094,5118962,106.53674583435058,118.29552852427284,94.77796314442833,4.95944495734966,4.726429096349707,0.233015860999953,74.8478530986298,0.0218531656279559,0.0138767892073852,0.0206322033441979,0
2022-08-25 00:00:00+05:30,114.94547556081385,115.33794986741508,112.24722499593946,112.59063720703124,3282484,107.32659721374512,118.43393194137658,96.21926248611364,4.813749784022676,4.743893233884301,0.0698565501383745,68.97194028601253,-0.0183918006553419,-0.0073528966635307,0.0211814470949982,0
2022-08-26 00:00:00+05:30,113.7190018536564,117.15313905165225,113.52276095084731,115.68136596679688,4781736,108.2415496826172,118.90572370442138,97.577375660813,4.891297457733302,4.7733740786541015,0.1179233790792002,73.34464442152655,0.0274510282243309,0.0438247582436721,0.0205125939656036,0
2022-08-29 00:00:00+05:30,111.85475571268978,119.40985463930456,109.94145367509223,116.61348724365234,7985746,109.17857856750489,119.28550233879425,99.07165479621554,4.970670153435407,4.812833293610363,0.1578368598250437,74.17762236581714,0.0080576613965901,0.0726534876200464,0.020504414126836,0
2022-08-30 00:00:00+05:30,117.4965553203382,118.67397083443736,115.77948666221218,116.51537322998048,3190110,109.94880638122558,119.81194161837897,100.0856711440722,4.9683841657474375,4.843943468037779,0.1244406977096588,66.31356358013647,-0.0008413607721624,0.0380245516931625,0.0205984885754167,0
2022-09-01 00:00:00+05:30,116.4172484421156,117.05501825377038,113.81711458587674,114.84735870361328,2450533,110.54732742309572,120.04975665450893,101.04489819168248,4.776912399321617,4.830537254294547,-0.0536248549729299,59.023343979402114,-0.0143158321526792,0.0012831597111131,0.0203697859357348,0
2022-09-02 00:00:00+05:30,115.33794910639764,116.2210069331429,112.590636464141,113.1793441772461,3027945,111.07225952148436,119.87942660230073,102.26509244066804,4.4394001711089,4.7523098376574175,-0.3129096665485171,57.08418687900061,-0.0145237517448862,0.0052287382398621,0.0206849651695513,0
2022-09-05 00:00:00+05:30,113.76805531174853,115.58324808666327,113.22840967760015,114.60206604003906,2647446,111.6707805633545,119.65089304346655,103.69066808324244,4.237869540668072,4.649421778259549,-0.4115522375914766,57.94770028246016,0.012570508100532,-0.0093299376069573,0.0206930828112809,0
2022-09-06 00:00:00+05:30,114.60206201887216,117.64372475951612,114.01334682289456,115.73041534423828,4111385,112.34779586791991,119.15214337572196,105.5434483601179,4.121691133214156,4.54387564925047,-0.4221845160363138,58.03211277475371,0.0098458024640235,-0.0075726394972561,0.0206679732881411,0
2022-09-07 00:00:00+05:30,115.53419113962276,117.25125979774876,113.76806038264871,116.51537322998048,3198180,113.06405906677246,118.17030669683513,107.9578114367098,4.046315048365429,4.444363529073462,-0.3980484807080335,57.08418687900061,0.0067826412219065,0.0,0.0205345470595843,0
2022-09-08 00:00:00+05:30,117.44748917712832,117.88902559407992,114.89641732721068,115.68136596679688,1905202,113.40011405944824,118.24727063721234,108.55295748168416,3.8746173649010416,4.330414296238978,-0.4557969313379368,54.61849057546499,-0.0071579160763396,0.0072618758724432,0.0207058944010782,0
2022-09-09 00:00:00+05:30,117.15313226677448,119.40984637469433,115.7304138756488,117.05501556396484,4472640,113.71899795532228,118.65035748936,108.78763842128454,3.805520089426381,4.225435454876459,-0.4199153654500787,63.424935468184856,0.0118744240758899,0.0342436282423512,0.0155750001690842,0
2022-09-12 00:00:00+05:30,118.08526133929143,118.62491447537516,117.2512580719281,117.8399658203125,2194755,114.12128295898438,119.01712751943832,109.22543839853044,3.770633411547436,4.134475046210655,-0.3638416346632187,70.85200839915953,0.0067058233478147,0.028253415423961,0.0153432686198219,0
2022-09-13 00:00:00+05:30,118.62490888807568,121.27409737393975,117.98713907160472,120.29291534423828,5302342,114.599609375,119.947347726161,109.251871023839,3.896007248034692,4.086781486575463,-0.1907742385407704,69.3396037835433,0.0208159388612361,0.0394235170281633,0.0155881564515066,0
2022-09-14 00:00:00+05:30,117.98713451172311,121.32315478094505,117.20218592396812,119.9004364013672,4217581,115.00434646606443,120.67715355025842,109.33153938187048,3.918526808266776,4.053130550913726,-0.1346037426469495,63.87430547865792,-0.0032626937484052,0.0290525024942864,0.015647612647293,0
2022-09-15 00:00:00+05:30,120.2929237652861,121.32316796292434,117.9871473312378,119.70421600341795,2007989,115.33304252624512,121.30269204499814,109.3633930074921,3.8758618529624576,4.017676811323472,-0.1418149583610137,71.1370452737029,-0.0016365278045558,0.0347752639588967,0.0156325959411276,0
2022-09-16 00:00:00+05:30,119.2136233128264,120.09668868638276,113.66994303609373,114.99453735351562,3554819,115.41153755187987,121.31646399021788,109.50661111354192,3.4225646668718497,3.898654382433148,-0.4760897155612982,48.138295232328446,-0.0393443005363142,-0.0176026477850773,0.018049383427472,0
2022-09-19 00:00:00+05:30,115.3870093724002,116.27007472826088,111.95287214413932,112.8359375,1999869,115.51210899353028,121.1505920200059,109.87362596705464,2.8562177131942263,3.690167048585364,-0.8339493353911376,40.39900858663872,-0.0187713251706875,-0.0424646110975869,0.0185463957543833,0
2022-09-20 00:00:00+05:30,113.98570310404372,117.90086118581948,113.98570310404372,115.47247314453124,3189112,115.8499843597412,120.496013834029,111.20395488545344,2.590271032090953,3.4701878452864823,-0.8799168131955288,47.652302768185706,0.0233660986290937,-0.0400725361581979,0.0184466188190743,0
2022-09-21 00:00:00+05:30,116.31497264954032,117.75218820115974,113.19275410592938,114.2830581665039,2688792,115.95177612304688,120.34793923987355,111.55561300622016,2.257507383041016,3.2276517528373896,-0.9701443697963734,48.70171450076285,-0.010300420053692,-0.0468503568749247,0.0180397395752427,0
2022-09-22 00:00:00+05:30,113.58923112998714,116.6618877431464,111.75554956746495,115.67070770263672,3357513,116.00030250549317,120.35956605390923,111.64103895707709,2.0817642320177185,2.998474248673456,-0.9167100166557374,55.80678844489145,0.012142215638919,-0.0336956243935976,0.0168581252273219,0
2022-09-23 00:00:00+05:30,116.46364729494164,116.46364729494164,111.70598038060491,112.6476058959961,2684156,116.0031509399414,120.35309815287776,111.65320372700506,1.6791908016888897,2.734617559276543,-1.0554267575876533,45.760857945758175,-0.0261354137679552,-0.0204090690873828,0.0172194910327057,0
2022-09-26 00:00:00+05:30,110.41746338796224,110.86349140301289,103.47920276741657,104.96597290039062,4506519,115.46738128662108,122.05052506715715,108.884237506085,0.7318683503380896,2.3340677174888524,-1.6021993671507628,31.820399201648243,-0.0681917110843676,-0.0697469686872533,0.0224193007283391,0
2022-09-27 00:00:00+05:30,106.25449413412272,106.75008413952833,101.99242462489644,103.47919464111328,2773239,114.81066665649412,123.26652159153406,106.3548117214542,-0.1372796234014828,1.8397982493107852,-1.977077872712268,28.49358235300633,-0.0141643831633728,-0.1038626624754678,0.0214009375526819,0
2022-09-28 00:00:00+05:30,102.09153954357195,103.52874751230522,99.3162325311384,99.76226806640624,2815671,113.97301139831544,124.7252154977936,103.22080729883726,-1.1131785361552602,1.2492028922175764,-2.362381428372837,26.01864124160932,-0.0359195545307255,-0.1270598663796841,0.0221891935802938,0
2022-09-29 00:00:00+05:30,101.69507009875484,103.42963516034898,100.555211545858,102.14110565185548,3899023,113.33769874572754,125.30523429458052,101.37016319687456,-1.6753210845030964,0.6642980968734419,-2.339619181376538,28.1933314383908,0.0238450631842668,-0.1169665364680123,0.0231730599990045,0
2022-09-30 00:00:00+05:30,102.78536358915552,106.55185063649624,102.5375685876753,106.00669860839844,4487639,112.97906646728516,125.38831771411816,100.56981522045211,-1.7882877901282654,0.1737809194731003,-1.9620687096013656,34.12766798774922,0.0378456149644463,-0.0589529376570061,0.0249623919167432,0
2022-10-03 00:00:00+05:30,106.15537926402848,106.55185278681871,102.73581119943243,103.67742919921876,1701062,112.43283462524414,125.4863209283193,99.37934832216898,-2.042225785408732,-0.2694204215032661,-1.7728053639054655,27.638935692091536,-0.0219728511476835,-0.0122758229697415,0.0251787809595116,0
2022-10-04 00:00:00+05:30,106.05626267465335,107.49347068605726,105.80846766840416,107.19612121582033,1711694,112.00611991882325,125.1632798033428,98.84896003430369,-1.9372134466499065,-0.6029790265325943,-1.334234420117312,34.22957737941904,0.033938843235014,0.0359195545307255,0.0262835253267913,0
2022-10-06 00:00:00+05:30,108.23685525160444,110.6652508399406,108.03862227227648,109.97142028808594,2232014,111.67892227172852,124.68857082262863,98.6692737208284,-1.6114709367675175,-0.8046774085795789,-0.8067935281879386,38.64530123355914,0.0258899206500022,0.1023348047268133,0.0268968199880395,0
2022-10-07 00:00:00+05:30,110.56613148560793,110.7643644597998,108.13773596018927,110.3183364868164,1820936,111.4107707977295,124.29352607773124,98.52801551772777,-1.310221000786953,-0.9057861270210538,-0.4044348737658992,43.92626201307304,0.0031546032398388,0.0800581781719962,0.0268486652984726,0
2022-10-10 00:00:00+05:30,108.0386220753584,109.87230359816168,107.64214855532173,109.475830078125,1347444,111.0318115234375,123.6588490648799,98.40477398199508,-1.126476166158909,-0.9499241348486248,-0.1765520313102843,45.48119428393896,-0.0076370477975081,0.0327255873003078,0.0268532465219173,0
2022-10-11 00:00:00+05:30,109.92186770408654,110.71480719706184,106.55185406315668,106.89876556396484,1290218,110.48475151062011,122.81439466862126,98.15510835261895,-1.1752569986635706,-0.994990707611614,-0.1802662910519565,38.45126487277074,-0.0235400317341379,0.0310707585018936,0.0270317107513166,0
2022-10-12 00:00:00+05:30,107.04744146023884,108.58377350603732,105.61023346547512,107.9890594482422,1364717,109.86955871582032,121.33625772693816,98.40285970470248,-1.1131073467671655,-1.0186140354427244,-0.094493311324441,41.49932022754294,0.0101993122046386,0.0073970795158291,0.0271112678890559,0
2022-10-13 00:00:00+05:30,108.0386245970704,109.62451115212964,106.35362155021444,108.1377410888672,2025576,109.28142395019532,119.74456496600936,98.81828293438129,-1.0398689718495715,-1.022865022724094,-0.0170039491254776,39.47368477163475,0.0013768213315743,-0.0166741431038642,0.0265551335648926,0
2022-10-14 00:00:00+05:30,109.17847969143504,110.02098118811251,106.6509676392992,107.24567413330078,1372634,108.65849685668944,117.92378225815771,99.39321145522118,-1.0418001563684245,-1.0266520494529603,-0.0151481069154639,41.973488690772285,-0.0082493581480799,-0.0278526893295097,0.0265637459014322,0
2022-10-17 00:00:00+05:30,107.04743765669478,107.04743765669478,104.0738977217866,106.10581970214844,2074559,108.2140609741211,117.04208424769652,99.38603770054569,-1.122369384828488,-1.045795516528066,-0.0765738683004222,52.10235725410488,-0.0106284420361381,-0.0307831452254953,0.0265800066457198,0
2022-10-18 00:00:00+05:30,106.94832415128528,107.29523564093692,105.01551860247754,106.00669860839844,1591874,107.87259902954102,116.47327533912284,99.2719227199592,-1.1806099857179504,-1.0727584103660428,-0.1078515753519075,54.91328468175215,-0.0009341720748988,-0.0083449696622793,0.0254227242425826,0
2022-10-19 00:00:00+05:30,106.10582529807522,108.13773982349532,104.37126024456602,104.9164047241211,1921557,107.34479560852051,115.24915451056197,99.44043670647908,-1.2997608519900012,-1.1181588986908346,-0.1816019532991666,61.15880161517468,-0.0102851413975735,-0.0284533890731197,0.0252355427318715,0
2022-10-20 00:00:00+05:30,104.22257903300608,106.20493904290784,103.03315848980304,105.75890350341795,2158233,106.9185878753662,114.13723670152024,99.6999390492122,-1.311092700983011,-1.15674565914927,-0.1543470418337407,58.39078873329157,0.0080301910984486,-0.0219982178423192,0.0246447488541599,0
2022-10-21 00:00:00+05:30,105.80846766661088,107.04744269783583,102.68624907550333,103.42963409423828,1869678,106.3065341949463,112.38666983262092,100.22639855727168,-1.490840368009145,-1.223564600921245,-0.2672757670879002,43.5643624721402,-0.0220243339522181,-0.0355822280935952,0.0249285581962956,0
2022-10-24 00:00:00+05:30,103.6278764704386,105.06508450725298,103.6278764704386,104.12346649169922,352305,105.88032722473145,111.241430433457,100.51922401600588,-1.5593302250782417,-1.2907177257526443,-0.2686124993255969,51.21295500595242,0.0067082553615993,-0.0186827943652282,0.0247755500745107,0
2022-10-25 00:00:00+05:30,104.5694964240579,106.25449950273205,102.88449334538376,105.31288146972656,2432958,105.89767265319824,111.2485548184618,100.54679048793469,-1.500338117981144,-1.3326418041983443,-0.1676963137827996,44.13580862837219,0.0114231212050759,-0.0065450310950152,0.0245049383592247,0
2022-10-27 00:00:00+05:30,107.04744729268909,108.03862736021398,106.20494574771368,107.29524230957033,3515708,106.08847503662108,111.34760782094811,100.82934225229408,-1.2788843133109111,-1.3218903060208578,0.0430059927099466,41.2337944705519,0.0188235362301201,0.0226736475740318,0.0198244034737894,0
2022-10-28 00:00:00+05:30,107.2952410349698,107.54303604890735,103.3800828395976,103.82611083984376,2233780,106.29166717529296,110.7790629745142,101.80427137607174,-1.3675462723274023,-1.3310214992821667,-0.0365247730452356,32.34502421428574,-0.0323325750056778,-0.0182754605007015,0.0208973288725018,0
2022-10-31 00:00:00+05:30,104.07389742656818,104.81728240818651,101.64550951145615,102.09153747558594,2460512,106.2891887664795,110.7862809431021,101.7920965898569,-1.559796722012436,-1.376776543828221,-0.1830201781842153,30.8483314904708,-0.0167065235346575,-0.0129372653241058,0.0196101649498978,0
2022-11-01 00:00:00+05:30,102.14110303774136,103.52874900181958,101.4472724935989,103.2313995361328,3419287,106.1504238128662,110.85089166762565,101.44995595810678,-1.6017156652603577,-1.421764368114648,-0.1799512971457093,39.72223089353852,0.0111650983884874,-0.0085673958582384,0.0190684324564384,0
2022-11-02 00:00:00+05:30,103.47920115498688,105.56067779629588,103.28096060308364,104.76773071289062,2271698,106.2049388885498,110.8089437981174,101.6009339789822,-1.493748639000856,-1.4361612222918898,-0.057587416708966,41.1924393980355,0.0148824019015654,-0.0051764869522884,0.0174174348853167,0
2022-11-03 00:00:00+05:30,103.57831133354904,106.05626136545212,102.63669334626722,103.97478485107422,2725580,106.0438720703125,110.7265924888415,101.3611516517835,-1.4553912525435777,-1.4400072283422274,-0.0153840242013503,39.0052458353097,-0.007568607780476,-0.0309469216623402,0.0167986583357197,0
2022-11-04 00:00:00+05:30,104.47038198987742,107.24568167782267,104.4208199610143,106.99788665771484,2792052,105.89519538879397,110.22865878254142,101.56173199504649,-1.1675943953587762,-1.3855246617455372,0.217930266386761,49.411783030199416,0.0290753360150799,0.0305489225418804,0.0163385063583903,0
2022-11-07 00:00:00+05:30,108.13773657642416,112.99452009283512,106.79964508774547,111.80510711669922,6283812,105.96953392028809,110.65887578392628,101.28019205664988,-0.5453246342225384,-1.2174846562409374,0.672160022018399,61.523043248221065,0.0449281813795316,0.0951456886760684,0.0182598445058266,0
2022-11-09 00:00:00+05:30,113.0936382807227,113.19275476987356,111.06172378576788,112.25113677978516,3452797,106.1082992553711,111.3645027915527,100.85209571918948,-0.0159961059725048,-0.977186946187251,0.961190840214746,62.45059517018445,0.0039893496333793,0.0873739703634965,0.0182658009987963,0
2022-11-10 00:00:00+05:30,111.9042242565723,112.10245723304922,101.34815567395488,109.77318572998048,2342479,106.25202026367188,111.75082205636149,100.75321847098228,0.2012309604038904,-0.7415033648690228,0.9427343252729132,59.176022080525655,-0.022075064189915,0.0477766864189028,0.0188683655154627,0
2022-11-11 00:00:00+05:30,111.90422091326242,114.13437586146344,110.66524594203965,112.6476058959961,3634311,106.48494758605958,112.64809797986196,100.3217971922572,0.598428350889165,-0.4735170217173852,1.0719453726065502,62.08695060836618,0.0261850846989728,0.0834127337444763,0.0188473533274165,0
2022-11-14 00:00:00+05:30,110.5165744260068,115.96806464433,109.0298043664641,115.42291259765624,7240137,106.84920616149904,114.1751199960564,99.52329232694166,1.1241951788845483,-0.1539745815969985,1.278169760481547,70.71916034299281,0.0246370677795186,0.0787401153715585,0.0193913773297687,0
2022-11-15 00:00:00+05:30,115.7698326858032,118.446015791823,114.48129559795446,118.1486587524414,5439447,107.39435539245603,116.29739452466708,98.491316260245,1.7407478550018567,0.2249699057227725,1.5157779492790842,72.6399771815691,0.0236152952082107,0.0567375838128838,0.0198791352012363,0
2022-11-16 00:00:00+05:30,118.14865947835568,119.13983953291267,114.97688632861468,115.86894989013672,3617147,107.88251190185548,117.52776701700516,98.23725678670576,2.022107246362893,0.5843973738507966,1.4377098725120965,66.46058100073213,-0.0192952580789037,0.0322296344975909,0.0203709614167763,0
2022-11-17 00:00:00+05:30,114.5308534246828,114.72908640226436,109.57495336410982,111.25995635986328,5530857,108.14517478942872,117.8612018562734,98.42914772258402,1.851832559158268,0.8378844109122909,1.0139481482459771,55.71427346147325,-0.0397776413322424,0.0135440237066633,0.0223102264155552,0
2022-11-18 00:00:00+05:30,110.76436212657124,111.45818508373092,108.28641219085377,108.6333236694336,2699201,108.33102073669434,117.92847843953363,98.73356303385503,1.4877910077339465,0.967865730276622,0.5199252774573244,57.1010042976284,-0.0236080686741778,-0.0356357527053771,0.0230219481673542,0
2022-11-21 00:00:00+05:30,109.02980158962492,109.52539159685048,107.04744156072265,108.23685455322266,2259175,108.45491828918458,117.97624328916704,98.93359328920212,1.1539912187694623,1.0050908279751902,0.1489003907942723,59.45121672187354,-0.0036496086359041,-0.0622585055489192,0.0228984879516051,0
2022-11-22 00:00:00+05:30,108.03862864630564,111.50775892393928,107.2952435868127,111.01216888427734,3068825,108.83404502868652,118.113627018043,99.55446303933005,1.100708866715962,1.0242144357233447,0.0764944309926174,61.39332608962315,0.025641121432349,-0.0604026312572641,0.0234562739909573,0
2022-11-23 00:00:00+05:30,111.85466618352716,113.29188178112716,110.71480762325233,111.90422821044922,2253002,109.22308311462402,118.32178181836476,100.12438441088328,1.1175811711354413,1.042887782805764,0.0746933883296772,60.65088481155667,0.0080356895567168,-0.0342172918926659,0.0227878367233187,0
2022-11-24 00:00:00+05:30,112.49893666566032,113.5892332178407,111.75555162161412,113.09364318847656,2278611,109.61212120056152,118.6721497437633,100.55209265735974,1.2129463518066077,1.0768994966059329,0.1360468552006746,63.45029075243629,0.010628865388272,0.0164811032522997,0.0228271213489642,0
2022-11-25 00:00:00+05:30,113.49011690482784,114.67952995235134,113.04408890253244,113.5892333984375,1786026,109.92682075500488,119.08471449313718,100.76892701687258,1.313374172764583,1.1241944318376629,0.1891797409269198,60.50552538388523,0.0043821226020193,0.0456205293330111,0.0227672192822596,0
2022-11-28 00:00:00+05:30,112.99452229462337,113.8865858251595,111.8051092953108,113.4901123046875,1816414,110.41002082824708,119.22600001855054,101.5940416379436,1.369182615634628,1.1731920685970558,0.1959905470375722,53.15984789716892,-0.000872627543865,0.0485348338433253,0.0225241921116021,0
2022-11-29 00:00:00+05:30,113.49011542578376,115.27424253592136,112.89540890977244,113.6387939453125,2668670,110.9873836517334,118.9839345806284,102.9908327228384,1.4091646021423827,1.2203865753061214,0.1887780268362613,52.63158656240424,0.0013100845316447,0.0236606949259159,0.021039088751922,0
2022-11-30 00:00:00+05:30,113.98570194265324,118.64424499720728,113.98570194265324,116.26541900634766,7581421,111.63908462524414,119.07931681641534,104.19885243407292,1.6339620083818571,1.3031016619212688,0.3308603464605886,62.24299000878784,0.0231138062086366,0.0389725291496287,0.020823680228422,0
2022-12-01 00:00:00+05:30,117.85130331139224,120.23013681975512,117.05835628790352,118.34689331054688,8464740,112.31804275512695,119.59461686886156,105.04146864139236,1.957508216928588,1.4339829729227325,0.5235252440058553,61.078995444219046,0.0179027807407254,0.0464504456127166,0.0209520158653096,0
2022-12-02 00:00:00+05:30,117.25660411643968,119.43719722347916,116.46365704364148,117.603515625,2927276,112.99947929382324,119.4971659645086,106.50179262313787,2.1293902661802235,1.5730644315742306,0.5563258346059929,54.60252393564943,-0.0062813451604194,0.0353403408620742,0.0210494026249653,0
2022-12-05 00:00:00+05:30,118.59468761857984,121.4195490848684,118.1982141091474,120.3788070678711,5673261,113.66852531433103,120.31806174471566,107.01898888394643,2.4611799040146,1.7506875260623045,0.7104923779522951,54.69727326428594,0.023598711553153,0.0606986337689883,0.0211633734972391,0
2022-12-06 00:00:00+05:30,120.32926124545048,120.32926124545048,117.45483754830332,118.84249114990234,2157842,114.0203945159912,120.9917486304281,107.04904040155432,2.570526300268938,1.9146552809036312,0.6558710193653066,56.465524105787296,-0.0127623454276512,0.0457915560692598,0.020970826913114,0
2022-12-07 00:00:00+05:30,119.73454758079792,119.73454758079792,115.81938202535687,116.5627670288086,2115223,114.23597602844238,121.24353320749071,107.22841884939405,2.4450444722867104,2.020733119180247,0.4243113531064635,62.82973745046601,-0.0191827358971986,0.0025574932340346,0.0195175577228508,0
2022-12-08 00:00:00+05:30,117.15748136283948,117.65307139832036,115.17512122091594,117.05836486816406,1608858,114.60023498535156,121.38486953618184,107.81560043452129,2.358403614502365,2.0882672182446704,0.2701363962576941,72.7273138892422,0.0042517679700668,-0.0108877251133383,0.019518865877018,0
2022-12-09 00:00:00+05:30,117.90086579173416,119.18940290200273,113.98570755700882,115.32379913330078,2554103,114.7340446472168,121.46185335668136,108.0062359377522,2.1252762899300706,2.09566903258175,0.0296072573483199,67.83044777861298,-0.0148179562974146,-0.0193847648140766,0.0191282837183687,0
2022-12-12 00:00:00+05:30,114.4812926253114,115.12556115250658,113.58922909243374,114.2334976196289,2162796,114.67457389831544,121.3977697317853,107.95137806484556,1.8314313845172023,2.042821502968841,-0.2113901184516384,58.85557451563703,-0.0094542628829944,-0.0510497619799255,0.0184947899669443,0
2022-12-13 00:00:00+05:30,114.97688233487992,115.67070532412832,112.94496026877556,113.4901123046875,3088743,114.44164657592772,120.97826491079935,107.9050282410561,1.5210386114546282,1.9384649246659984,-0.4174263132113702,54.39559579761883,-0.0065075947986527,-0.045037585407593,0.0177228324772541,0
2022-12-14 00:00:00+05:30,114.38218016591868,117.30615831116228,114.3326181381944,116.8601303100586,2967911,114.49120559692383,121.08813946773344,107.89427172611424,1.529352962202097,1.8566425321732185,-0.3272895699711213,59.31373418330482,0.0296943754564591,0.0025511000539006,0.0181827369663938,0
2022-12-15 00:00:00+05:30,116.86012730924818,117.65306679774912,112.59805014593046,113.19275665283205,2916321,114.58784561157226,121.04052372608209,108.13516749706244,1.2258845069439843,1.7304909271273714,-0.5046064201833871,49.15253242235774,-0.0313825908587994,-0.033022913139831,0.0189855663056004,0
2022-12-16 00:00:00+05:30,112.9449635558692,113.24232059540316,109.42627891926983,110.12010192871094,3227227,114.66218452453612,120.85504777035511,108.46932127871716,0.7290420696244837,1.530201155626794,-0.8011590860023103,43.609025384835306,-0.0271453299219939,-0.0451224920068318,0.0178602765966687,0
2022-12-19 00:00:00+05:30,110.56613513853428,112.20157613490792,110.02098309834076,111.95378112792967,1717094,114.84803085327148,120.42108054606469,109.27498116047828,0.4777462834044286,1.319710181182321,-0.8419638977778925,46.99645326413935,0.0166516300575696,-0.0199566374067451,0.0173922186601078,0
2022-12-20 00:00:00+05:30,111.80511301477148,111.80511301477148,109.52539586779493,111.35907745361328,1623902,114.86537628173828,120.39010795274872,109.34064461072784,0.2279769693731168,1.1013635388204803,-0.8733865694473635,40.57142320950816,-0.00531204634917,-0.0187772732601851,0.0174209661929795,0
2022-12-21 00:00:00+05:30,111.50775513066397,112.20157813774664,108.1873034903049,109.12892150878906,2392487,114.72661094665528,120.68675990755852,108.76646198575202,-0.1482134457014723,0.8514481419160899,-0.9996615876175622,32.386362973718434,-0.0200267099532428,-0.0661577971953029,0.0171041815710474,0
2022-12-22 00:00:00+05:30,110.02098246851828,110.51657247963772,105.7589053480496,106.4527359008789,2340102,114.3945655822754,121.38811714391888,107.4010140206319,-0.654745375570954,0.5502094384186811,-1.204954813989635,30.158721539391777,-0.0245231563815521,-0.0595446294556206,0.0177389921692831,0
2022-12-23 00:00:00+05:30,105.61023612191784,105.95714762295538,98.52329733456426,99.11800384521484,3550370,113.67100410461424,123.4536453441965,103.888362865032,-1.62924622107073,0.1143183065207988,-1.7435645275915288,17.450707028610992,-0.0689013015362388,-0.0999099881928785,0.0226634938520902,0
2022-12-26 00:00:00+05:30,101.00124605787876,104.42081411921824,98.42417950535156,103.42963409423828,3711818,113.1679801940918,123.97117277739092,102.36478761079266,-2.0302294138214307,-0.314591237547647,-1.7156381762737838,28.25175078124697,0.0434999705578875,-0.0761398761865028,0.0250432196060663,0
2022-12-27 00:00:00+05:30,104.2721315446615,108.88111999385198,104.2225770826033,108.0881805419922,4203839,112.89044952392578,123.92541634877053,101.85548269908104,-1.9496315785338112,-0.6415993057448799,-1.3080322727889313,38.794240455824365,0.0450407321707175,-0.0293725216337535,0.0272505482239958,0
2022-12-28 00:00:00+05:30,108.03862137187888,108.43509488933395,106.50228932752916,107.74126434326172,2614409,112.46424179077148,123.60827932142809,101.32020426011488,-1.891941329377758,-0.8916677104714555,-1.0002736189063026,37.63157036521784,-0.0032095664575988,-0.0127157599135219,0.0272412473678801,0
2022-12-29 00:00:00+05:30,107.7908264703794,109.42627500510928,106.35361847561568,107.9890594482422,4236130,111.94635009765624,122.90039670665024,100.99230348866227,-1.8054147003894911,-1.0744171084550629,-0.7309975919344285,39.863005234363285,0.0022999090134212,0.0144319780451092,0.0266471648227036,0
2022-12-30 00:00:00+05:30,108.83156420155284,111.11127360515108,108.1377336822901,108.6333236694336,2757547,111.49784049987792,122.20845802010088,100.78722297965496,-1.6656543586040442,-1.192664558484859,-0.4729898001191852,42.16365216388704,0.0059660138210593,0.0959999137904159,0.026300238394896,0
2023-01-02 00:00:00+05:30,108.63332953808452,116.1662962371952,108.58377507395495,115.72026824951172,8485712,111.26491355895996,121.34647083350175,101.18335628441817,-0.9718333908900832,-1.1484983249659038,0.1766649340758206,52.65017725509993,0.0652372986547238,0.1188308772713535,0.0302833669554007,0
2023-01-03 00:00:00+05:30,116.21586270486334,116.41409569316446,113.88659106285829,115.32379913330078,4404940,111.08897895812989,120.72679205810584,101.45116585815394,-0.4487936061863991,-1.0085573812100028,0.5597637750236037,48.03548516502042,-0.0034260991804485,0.0669418113527922,0.0297856750145571,0
2023-01-04 00:00:00+05:30,114.97688699528408,115.17511998250345,112.49893684452366,113.5892333984375,3959214,110.94030227661132,120.31060438625931,101.57000016696335,-0.1722600601975585,-0.8412979170075141,0.6690378568099555,50.53333981957972,-0.0150408306689439,0.0542778952040534,0.0298324073048018,0
2023-01-05 00:00:00+05:30,113.1431997439594,115.67070423420878,113.09363771857863,114.53085327148438,2875797,110.81392669677734,119.90069114384,101.7271622497147,0.1214753296401482,-0.6487432676779816,0.7702185973181299,56.294202234586265,0.0082896930006028,0.0605783016971046,0.029630388466799,0
2023-01-06 00:00:00+05:30,115.0760024556543,118.396454115439,114.38217944451254,114.87776947021484,9705003,110.79162521362304,119.83386573852552,101.74938468872055,0.3778997867662355,-0.4434146567891383,0.8213144435553738,54.35747006074829,0.0030290195944679,0.057481862745752,0.0296219496299892,0
2023-01-09 00:00:00+05:30,116.95923990444288,119.58586841471754,116.76100692944614,118.59468841552734,8175110,111.00968475341796,120.59542361837744,101.4239458884585,0.8710019435507519,-0.1805313367211602,1.0515332802719122,59.86486064794493,0.0323554240516152,0.0248393838823282,0.0302618844442258,0
2023-01-10 00:00:00+05:30,118.49557782435396,124.59132907301486,118.39645376981994,122.1629409790039,17162947,111.4433261871338,122.21308947705997,100.67356289720765,1.5320565222370135,0.1619862350704745,1.370070287166539,67.14472117868999,0.030087794075349,0.0593038201750348,0.0307548564190807,0
2023-01-11 00:00:00+05:30,123.35234727549545,124.78956280460542,122.36116728111747,124.3930892944336,11527292,111.81997413635254,123.84152829063794,99.79841998206714,2.210421011928787,0.571673190442137,1.63874782148665,73.87862335985884,0.0182555224813472,0.0951133797874959,0.0308205329589194,0
2023-01-12 00:00:00+05:30,125.38427383044606,125.78074735497886,123.35235174353024,124.24441528320312,6785828,112.3725570678711,125.61391674047005,99.13119739527215,2.70485314384635,0.9983091811229796,1.7065439627233705,91.35400157160248,-0.0011951951034721,0.0848117492733044,0.0303073943773685,0
2023-01-13 00:00:00+05:30,124.39309291502208,126.17721998167254,123.89750290340844,125.78074645996094,4962297,113.1555892944336,127.63081551874984,98.68036307011737,3.1839605417129064,1.4354394532409651,1.748521088471941,90.48474652440648,0.0123653942372854,0.0949093722834946,0.0292862732836867,0
2023-01-16 00:00:00+05:30,127.31706980448403,128.357811844279,124.24441327275596,126.82147979736328,9885230,113.89897422790528,129.59032367071083,98.20762478509972,3.606066597820373,1.869564882156847,1.736501715663526,89.04959183705925,0.0082741863655073,0.0693689699913981,0.0283196121357317,0
2023-01-17 00:00:00+05:30,127.86222812585665,128.25869410137008,125.3842779683788,127.11884307861328,4610744,114.68696250915528,131.3914086303482,97.98251638796236,3.919402982188657,2.2795325021632094,1.639870480025448,90.47621172473362,0.0023447390909263,0.040567966519905,0.0282510903540188,0
2023-01-18 00:00:00+05:30,127.61443390243356,129.7454650014125,127.36663888514728,129.3489990234375,6708037,115.69796638488768,133.40359373461197,97.9923390351634,4.2981330683071945,2.6832526153920067,1.614880452915188,91.2046088337157,0.017543865966787,0.0398407158879499,0.0282156160261326,0
2023-01-19 00:00:00+05:30,128.30824945927785,131.1826805670498,127.6639885015084,129.59678649902344,6093788,116.85516891479492,135.03551949466336,98.67481833492648,4.565643868095734,3.059730865932752,1.5059130021629814,91.06797973894992,0.0019156505072068,0.0430793706390753,0.0275421093293449,0
2023-01-20 00:00:00+05:30,129.54723034733206,130.9348915008239,128.4073793321489,128.90296936035156,4200821,118.34441719055177,135.24150327734517,101.44733110375836,4.667854735863969,3.381355639918996,1.286499095944973,84.45601475646842,-0.0053536600514172,0.0248227410654182,0.0266946923869462,0
2023-01-23 00:00:00+05:30,129.8445808809085,129.89414290608605,126.67280788423145,128.11001586914062,5299106,119.57843627929688,135.46381394543235,103.6930586131614,4.631484000647177,3.631381312064633,1.0001026885825444,82.74111754461985,-0.0061515533361703,0.0101602352680016,0.020203419689092,0
2023-01-24 00:00:00+05:30,128.1595806582191,128.55604661977645,125.9789800591362,127.51530456542967,3115940,120.54979248046877,135.8416000977691,105.2579848631684,4.502766608364794,3.805658371324665,0.6971082370401294,87.87061088657809,-0.0046421921008769,0.0031188254802729,0.0192150339465054,0
2023-01-25 00:00:00+05:30,126.67281167668877,128.25869066040357,125.68163164028932,126.22677612304688,3001602,121.474068069458,135.70391882075535,107.24421731816066,4.24781747532252,3.894090192124236,0.3537272831982845,81.21694543884728,-0.0101048924815267,-0.0241379749666628,0.0179399387600013,0
2023-01-27 00:00:00+05:30,126.32588790552954,128.01089087975947,120.87439790853432,122.36116790771484,4401500,122.19267349243164,134.9283235177918,109.4570234670715,3.691295220287742,3.853531197756937,-0.1622359774691952,66.81512659208698,-0.0306243123215299,-0.0558317747436053,0.0196765183271943,0
2023-01-30 00:00:00+05:30,121.91514224648654,123.35235024812816,119.13983517050563,120.5274887084961,3351781,122.78738174438476,133.85918592478686,111.71557756398263,3.0669310647497383,3.6962111711554977,-0.6292801064057594,54.74452500063676,-0.0149857935370616,-0.0649750792663402,0.0202048560897062,0
2023-01-31 00:00:00+05:30,120.47793646199555,123.30279805361344,119.4867564254908,122.2125015258789,2755504,123.11199340820312,133.68063587008837,112.54335094631789,2.677223064335962,3.492413549791591,-0.8151904854556289,50.13405246205836,0.0139803196386023,-0.0460347639741595,0.0202908874911797,0
2023-02-01 00:00:00+05:30,122.8072091281316,123.20368265868214,114.23350022365358,117.15747833251952,3521247,123.20367736816408,133.51656279130717,112.89079194502096,1.9381369054037805,3.1815582209140287,-1.2434213155102485,33.023270134476874,-0.0413625703610113,-0.0812281025262769,0.0178723180999568,0
2023-02-02 00:00:00+05:30,114.97688771081846,118.34690144924596,114.38218118335568,115.57159423828124,3211620,123.30279541015624,133.258526895044,113.34706392526849,1.21048449524244,2.7873434757797115,-1.5768589805372717,30.936834663056946,-0.0135363454114058,-0.0844130081748968,0.018124567901842,0
2023-02-03 00:00:00+05:30,116.06717579612769,116.4636493061864,105.11464139863764,106.55184936523438,8680426,122.90384521484376,134.79163460692706,111.01605582276044,-0.0929320495457517,2.211288370714619,-2.304220420260371,18.196726358873008,-0.0780446521698947,-0.1292020892968585,0.0247773939421072,0
2023-02-06 00:00:00+05:30,106.0562648360351,108.08818695352954,104.07390474564193,104.86685180664062,3556294,122.40329933166504,136.3744885943902,108.43211006893988,-1.247484053133192,1.519533885945057,-2.767017939078249,14.446254067636744,-0.0158138743591205,-0.1299341508701951,0.024799139471082,0
2023-02-07 00:00:00+05:30,104.66861126033916,105.61023684053808,102.33933966654789,104.86685180664062,3328409,121.7169075012207,137.68246855922504,105.75134644321636,-2.137831246221552,0.7880608595117351,-2.925892105733287,13.614263005603677,0.0,-0.1419302403818751,0.024765678355251,0
2023-02-08 00:00:00+05:30,105.06508715763928,108.18730588276348,103.97479059578266,107.29524230957033,3910618,120.97352256774904,138.1873723916591,103.75967274383896,-2.617316200729761,0.1069854474634359,-2.7243016481931965,14.170688838813165,0.0231568933470729,-0.0841793128643307,0.0241639410521662,0
2023-02-09 00:00:00+05:30,107.59259127612856,108.2864142464591,105.3128742671513,106.3040542602539,3015848,120.06907081604004,138.39158027852525,101.74656135355484,-3.042223218016659,-0.522856285632583,-2.519366932384076,13.050328356807212,-0.009237949679601,-0.0801887352952825,0.0228393215643641,0
2023-02-10 00:00:00+05:30,105.8580307757493,106.94832730196154,104.66861019634214,106.15538024902344,1645670,119.16461906433103,138.38324928615603,99.94598884250608,-3.352318400912054,-1.0887487086884773,-2.2635696922235766,13.28001150774064,-0.0013985732930419,-0.0037209031900697,0.0221738953137308,0
2023-02-13 00:00:00+05:30,106.05626948548417,107.39436109274004,104.27214230107369,104.96597290039062,2273671,118.12388038635254,138.0743742326194,98.17338654008569,-3.651948906479874,-1.6013887482467566,-2.0505601582331168,13.112183353437873,-0.0112044000581285,0.0009452090154549,0.0221441268726623,0
2023-02-14 00:00:00+05:30,105.06508507043172,106.056265118266,103.9252265030016,105.61023712158205,1958345,117.06331825256348,137.31984501788898,96.80679148723796,-3.793690203379782,-2.0398490392733617,-1.7538411641064204,15.141968781072933,0.0061378388004158,0.00708884935644,0.0219015597162572,0
2023-02-15 00:00:00+05:30,105.41199201410582,106.60141255730888,104.32169552108051,105.75890350341795,1959493,115.99532127380373,136.27191668086954,95.7187258667379,-3.849648713757432,-2.401808974170176,-1.4478397395872564,16.202927186186912,0.0014076891207506,-0.0143187971160889,0.0216959126882188,0
2023-02-16 00:00:00+05:30,105.8580296944954,107.6917112283187,105.8580296944954,107.19612121582033,2039279,114.88767738342284,134.5023026392184,95.2730521276273,-3.734970364901472,-2.668441252316435,-1.0665291125850365,22.775805975779026,0.0135895670699337,0.0083916550669125,0.0221086707895111,0
2023-02-17 00:00:00+05:30,107.09700700378102,108.43509855356822,104.91640636514292,105.1146469116211,3148005,113.66357040405272,132.45141481884957,94.87572598925588,-3.768602425079763,-2.888473486869101,-0.8801289382106621,22.574960984123223,-0.0194174404875018,-0.0098038680183797,0.0214478386593556,0
2023-02-20 00:00:00+05:30,105.56067575139107,105.6597922443707,102.58713558938004,103.3305206298828,4222754,112.3849479675293,130.26469154697534,94.50520438808329,-3.894328757664909,-3.0896445410282625,-0.8046842166366459,16.520192732515582,-0.0169731463136469,-0.0155807851374826,0.0213363499069762,0
2023-02-21 00:00:00+05:30,104.12347208481108,104.81729512700402,102.53757788190606,102.6862564086914,2780510,111.11375999450684,127.86565430941673,94.36186567959696,-3.999846776535591,-3.2716849881297283,-0.7281617884058629,19.583319969980565,-0.0062349847582698,-0.0276865272968229,0.0213265778606887,0
2023-02-22 00:00:00+05:30,102.68624765551384,103.38007820066731,99.71270762169335,99.96050262451172,3393069,109.73601989746092,125.29842030122964,94.17361949369224,-4.2543743379040535,-3.468222858084593,-0.78615147981946,18.687849763648916,-0.0265444849146236,-0.0548265979206077,0.0215792798072675,0
2023-02-23 00:00:00+05:30,100.30742054480088,101.94286918063972,99.1180074798838,100.75345611572266,2769882,108.46235389709472,122.4299205739645,94.49478722022496,-4.3420520708693005,-3.642988700641535,-0.6990633702277655,32.640973412154764,0.0079326681078182,-0.0601016625137629,0.021950852668505,0
2023-02-24 00:00:00+05:30,101.05080189535512,101.05080189535512,98.62241382598876,99.11800384521484,3047575,107.30019569396973,120.2276774600146,94.37271392792486,-4.491726805502296,-3.812736321613688,-0.6789904838886085,32.738092238163034,-0.0162322200503909,-0.0570485963906451,0.0219802074295505,0
2023-02-27 00:00:00+05:30,99.11800266541157,99.11800266541157,94.70725457164214,96.14446258544922,4104513,106.0810443878174,118.33778457781985,93.82430419781494,-4.795011136201737,-4.009191284531298,-0.7858198516704391,27.77777561804693,-0.0300000115459264,-0.0695443901823853,0.0219530414440678,0
2023-02-28 00:00:00+05:30,96.64005269734596,97.28432122774896,95.35151563653994,96.39225769042967,2349065,104.79003219604492,115.19140770314982,94.38865668894002,-4.9582159323786215,-4.198996214100762,-0.7592197182778593,18.75000546681817,0.0025773206102248,-0.0612934869610164,0.0221346042723004,0
2023-03-01 00:00:00+05:30,97.08607976212149,101.99242538968946,96.54093528934952,101.695068359375,5844138,104.0169116973877,112.70527875602752,95.32854463874789,-4.606562816961684,-4.280509534672947,-0.3260532822887372,39.40774743087786,0.0550128277519512,0.0173525111351124,0.025882870662609,0
2023-03-02 00:00:00+05:30,101.74463453590064,102.53757404558222,100.10918592665824,100.55521392822266,3144796,103.26609268188476,110.16025129449632,96.3719340692732,-4.369483233100638,-4.298304274358485,-0.0711789587421529,37.69063356197119,-0.011208551698144,-0.0019675968958554,0.0247748899738928,0
2023-03-03 00:00:00+05:30,101.1003575000948,102.7853604335885,99.61358753685812,102.09153747558594,3786418,103.04307708740234,109.7763944519879,96.30975972281678,-4.011386715093892,-4.240920762505567,0.2295340474116756,43.77679596120569,0.01527840762648,0.0299999345730836,0.0251866160571355,0
2023-03-06 00:00:00+05:30,102.48801380409031,102.8844873176393,101.10036028772056,101.49683380126952,2297500,102.87457618713378,109.584353593178,96.16479878108956,-3.7325537053178977,-4.139247351068033,0.4066936457501358,41.0752559305503,-0.0058252004918489,0.0556700934394776,0.0189580294943681,0
2023-03-08 00:00:00+05:30,100.20830094504107,101.10036449714248,98.374619375896,100.60477447509766,2539378,102.66147232055664,109.3755558453106,95.94738879580268,-3.5427199976915347,-4.019941880392734,0.4772218827011993,39.16668590986996,-0.008789036000064,0.043701816780729,0.0187657415486789,0
2023-03-09 00:00:00+05:30,101.05080577312366,103.38008500255386,101.00125130656156,101.2490463256836,2625942,102.35916252136232,108.73048242227108,95.98784262045356,-3.302222101952424,-3.876397924704672,0.5741758227522484,37.068981248160696,0.0064039888161113,-0.0043858767282128,0.0188484469188408,0
2023-03-10 00:00:00+05:30,100.4065426965578,100.65433771055513,98.6719775985765,99.81182861328124,1907885,102.03455123901368,108.21839175227292,95.8507107257544,-3.1908155099615527,-3.7392814417560487,0.548465931794496,38.137470315984366,-0.0141948765401631,-0.007392807253854,0.0181546080253546,0
2023-03-13 00:00:00+05:30,100.10918019678422,101.29859317428094,97.13564019093914,97.7303466796875,2823880,101.61329956054688,107.7629308241241,95.46366829696966,-3.233212715953826,-3.638067696595604,0.4048549806417783,37.6367572127029,-0.0208540607111649,-0.0427184358639066,0.0185184718405311,0
2023-03-14 00:00:00+05:30,98.27550165126404,99.21711965649727,96.64005308660842,97.38343811035156,2523727,101.23417282104492,107.44811131094735,95.02023433114248,-3.257257789245756,-3.5619057151256346,0.3046479258798786,38.137470315984366,-0.003549650452719,-0.0405273301329969,0.0185102681663629,0
2023-03-15 00:00:00+05:30,98.12681870957978,99.61358869002795,97.43299574354523,97.7799072265625,2316316,100.84265632629396,106.87987786593636,94.80543478665156,-3.207349609030345,-3.490994493906577,0.2836448848762321,44.55445884107132,0.0040712170765799,-0.0280788587149448,0.0185105658953589,0
2023-03-16 00:00:00+05:30,96.88784790039062,97.38343791522638,93.02224427225102,96.88784790039062,4122092,100.39910354614258,106.21495214001176,94.58325495227342,-3.2028581934675344,-3.433367233818769,0.2305090403512344,40.39407073844279,-0.0091231353298885,-0.0430739704082198,0.0184245903842521,0
2023-03-17 00:00:00+05:30,97.73035182906382,100.40654251259386,96.98696678843386,99.31623840332033,2511325,100.00510940551756,104.87246512718733,95.13775368384782,-2.969121708750506,-3.3405181288051167,0.37139642005461,50.47393045080211,0.0250639327382551,-0.0049652452704888,0.0194616825939579,0
2023-03-20 00:00:00+05:30,98.62241275267613,99.01888627616286,95.59931064345622,96.39225769042967,2370224,99.568989944458,104.05696899916748,95.08101088974854,-2.9854107111116264,-3.2694966452664187,0.2840859341547923,50.5938248360258,-0.029441114161175,-0.0136916427160891,0.0199088055468244,0
2023-03-21 00:00:00+05:30,97.23476107122488,97.928591641194,96.19402655942662,97.33387756347656,1566350,99.2691577911377,103.49247449308773,95.04584108918768,-2.889035999885266,-3.193404516190188,0.3043685163049221,52.183906825637806,0.0097686255681546,-0.0005089217205377,0.0198603758899575,0
2023-03-22 00:00:00+05:30,98.1268262765958,99.0188898460765,96.83828916933436,97.53211975097656,1719986,99.01145095825196,102.9780324319398,95.04486948456412,-2.764791068726339,-3.1076818266974184,0.3428907579710794,37.34941602630803,0.0020367234149354,-0.0025341349016807,0.0196461903370333,0
2023-03-23 00:00:00+05:30,97.53211370413916,99.61359019581003,97.43299721636495,97.7303466796875,2486946,98.89994316101074,102.87955568170408,94.9203306403174,-2.620127609046804,-3.010170983167296,0.3900433741204918,40.894548105114,0.0020324271554545,0.0086956083508329,0.0196517914422857,0
2023-03-24 00:00:00+05:30,98.62241081887724,98.62241081887724,95.1532807900725,95.4506378173828,2472874,98.63480224609376,102.79687291257233,94.4727315796152,-2.6587854047632504,-2.939893867486487,0.2811084627232367,29.57317588307629,-0.0233265197531372,-0.0389221405087797,0.0194638796163093,0
2023-03-27 00:00:00+05:30,96.14446218808492,96.64005219936372,94.36033512263992,95.15328216552734,2577531,98.43656616210936,102.87052602926248,94.00260629495624,-2.682493981557883,-2.8884138903007663,0.2059199087428833,30.12421796040056,-0.0031152819787791,-0.0128534755237438,0.0193303395658057,0
2023-03-28 00:00:00+05:30,95.30196325018156,95.84710774002043,93.3196031516322,93.81519317626952,2540228,98.3201026916504,103.11521149697596,93.52499388632482,-2.7772414869468207,-2.8661794096299777,0.088937922683157,29.305132579386708,-0.0140624575296319,-0.0361506648588237,0.0192591820159158,0
2023-03-29 00:00:00+05:30,93.71607580238567,96.1444638754288,93.71607580238567,95.59931182861328,2730646,98.28045539855955,103.1551322531773,93.40577854394184,-2.6775015318714424,-2.828443834078271,0.1509423022068285,33.898265282603674,0.019017374392563,-0.0198171425710649,0.0187146903462266,0
2023-03-31 00:00:00+05:30,97.28431859937116,99.21711657625734,96.4418171110388,97.48255157470705,3726947,98.06982955932617,102.68015110382396,93.45950801482836,-2.41861490319954,-2.746478047902525,0.3278631447029849,43.52615023679257,0.0196993023283467,-0.0025354980658425,0.0192040153008048,0
2023-04-03 00:00:00+05:30,98.82064348399452,98.91976753418754,97.38343550143551,98.4737319946289,1246951,97.96575546264648,102.4315536973346,93.49995722795836,-2.10915241244345,-2.61901292081071,0.50986050836726,52.19941825582388,0.0101677726312106,0.0316718069818444,0.0148672567382908,0
2023-04-05 00:00:00+05:30,97.63123460233528,98.22594111794908,96.04534803999724,97.33387756347656,2298505,97.727872467041,101.75348407707996,93.70226085700205,-1.933588678724277,-2.481928072393424,0.5483393936691465,49.85993938756255,-0.0115752130853994,0.0229166598179544,0.0148795297664543,0
2023-04-06 00:00:00+05:30,97.53211691695432,98.3746184339427,96.44182039131624,98.12682342529295,1687588,97.5593719482422,101.18276381069296,93.9359800857914,-1.7107486057370096,-2.327692179062141,0.6169435733251314,50.95891416272629,0.0081466585084857,0.0459587632135694,0.0145566700353857,0
2023-04-10 00:00:00+05:30,98.77109253329898,100.40654111229722,97.87902898456326,99.61359405517578,2483479,97.50981292724607,100.98177068772009,94.03785516677208,-1.39806030906702,-2.141765805063117,0.7437054959960969,57.29444043132606,0.0151515210416928,0.0419907021272198,0.014979033737475,0
2023-04-11 00:00:00+05:30,100.01006916174131,100.10918565491951,98.7710940917547,99.81182861328124,2275919,97.43795204162598,100.63245260725496,94.243451475997,-1.1213307066525855,-1.937678785381011,0.8163480787284252,51.50602661038058,0.0019900351953536,0.0238942969890272,0.0148753469430118,0
2023-04-12 00:00:00+05:30,100.10917811277416,100.7038845891423,99.51447163640604,100.0596160888672,2078729,97.45034141540528,100.68527323183662,94.21540959897392,-0.8719745448093192,-1.7245379372666727,0.8525633924573535,63.3093517212049,0.0024825461974651,0.0161046409241885,0.0148118407973136,0
2023-04-13 00:00:00+05:30,100.1091825887434,100.95168409810915,98.77109106656208,99.66315460205078,1489941,97.54698181152344,100.9292599366085,94.16470368643836,-0.6982995560478571,-1.5192902610229095,0.8209907049750524,58.80153807744932,-0.0039622527280566,0.0239307946717233,0.0145024149865479,0
2023-04-17 00:00:00+05:30,99.66315528025592,101.744631835825,99.16756526406787,101.39772033691406,2292398,97.74769592285156,101.54061988332812,93.954771962375,-0.4159016622878226,-1.2986125412758924,0.8827108789880698,63.08728125958935,0.0174042828745417,0.0333333618417936,0.014146491727781,0
2023-04-18 00:00:00+05:30,101.89330678493724,101.89330678493724,99.61358976546344,100.2578582763672,1716449,97.8715934753418,101.8273396810786,93.91584726960498,-0.280839298362352,-1.0950578926931844,0.8142185943308324,58.04418686418372,-0.0112414959306723,0.0064676335323725,0.0143907919803928,0
2023-04-19 00:00:00+05:30,100.7038893882952,102.88448998836807,100.10918288358567,100.4065399169922,3584017,98.04752807617189,102.13001433206443,93.9650418202793,-0.1599601154265713,-0.9080383372398618,0.7480782218132905,68.24820799102844,0.0014829923876404,0.0059583248996983,0.0143786132041397,0
2023-04-20 00:00:00+05:30,100.50565475801874,101.29859423058392,99.51447474573472,100.2082977294922,1896863,98.09213104248047,102.2517440748062,93.93251801015474,-0.079245487167185,-0.7422797672253265,0.6630342800581415,68.75001061207627,-0.0019743951705126,0.0014859305525711,0.0142015032100501,0
2023-04-21 00:00:00+05:30,100.30741627862665,100.45609479594378,97.33387618069774,97.63123321533205,3266434,98.1540798187256,102.2434089909748,94.0647506464764,-0.2206822440802511,-0.6379602625963116,0.4172780185160604,62.962964882726446,-0.0257170770540062,-0.0203878895348245,0.0143473006996196,0
2023-04-24 00:00:00+05:30,98.12682204610677,98.62241205644062,96.73916850475122,98.42417907714844,1576108,98.20859489440916,102.28091987693357,94.13626991188478,-0.2657246801027924,-0.5635131460976077,0.2977884659948153,60.28882892846524,0.008121846213573,-0.029325523787768,0.0128504574456134,0
2023-04-25 00:00:00+05:30,98.42417742772186,99.51447391976411,97.87902540064908,98.22593688964844,1907966,98.24328575134275,102.30314857349146,94.18342292919408,-0.3138003280679982,-0.5135705824916859,0.1997702544236876,53.086420535211424,-0.0020141614525899,-0.0202669538493195,0.0127082342974415,0
2023-04-26 00:00:00+05:30,97.87902382091336,98.42417583918755,97.03652234348309,98.02770233154295,1898996,98.25815353393554,102.31228093930604,94.20402612856503,-0.3637039448916823,-0.4835972549716851,0.1198933100800028,48.01762712048318,-0.002018148814688,-0.02369205818083,0.0127147069408222,0
2023-04-27 00:00:00+05:30,98.02771177941598,99.51448190480014,97.63123823355944,98.96932983398438,2307626,98.43408813476564,102.2750125135225,94.59316375600876,-0.3235418616397822,-0.4515861763053046,0.1280443146655223,57.39912078444584,0.009605728585341,-0.0123639251796527,0.0128721762522275,0
2023-04-28 00:00:00+05:30,99.51447338264028,101.10035986815144,99.2171163581868,100.50565338134766,2867161,98.70170669555664,102.31951720752076,95.08389618359251,-0.1658330306796642,-0.3944355471801766,0.2286025165005123,60.08402328589909,0.0155232287612776,0.0294416046110561,0.0120126142002492,0
2023-05-02 00:00:00+05:30,100.50565754889551,103.97478768822155,100.50565754889551,103.3800811767578,6561866,99.17995109558106,102.60141417340562,95.7584880177565,0.1889169377198669,-0.2777650502001679,0.4666819879200349,64.28571841959206,0.0285996627921389,0.0503524860057482,0.0132022176346524,0
2023-05-03 00:00:00+05:30,103.9747804664792,104.96596043744258,102.2897699785796,104.37125396728516,3906119,99.61854820251465,103.34291307433836,95.89418333069092,0.5437699624884118,-0.113458047662452,0.6572280101508639,66.31204570330519,0.0095876573054014,0.0625630792866924,0.0125746599764804,0
2023-05-04 00:00:00+05:30,105.06508391235072,107.49347197793628,104.37126091135588,106.65097045898438,6822136,100.07696914672852,104.81375088842346,95.34018740503356,0.9974496312319304,0.1087234881164244,0.8887261431155059,70.58824370491253,0.0218423790559592,0.0879676654898666,0.0127442235425154,0
2023-05-05 00:00:00+05:30,106.79964627021762,106.79964627021762,103.38007825438842,103.72698974609376,3249600,100.33963203430176,105.28030482430474,95.39895924429878,1.1082776951025863,0.3086343295136568,0.7996433655889295,60.962546374027504,-0.0274163535531551,0.0480720635381697,0.0141520822179414,0
2023-05-08 00:00:00+05:30,104.27213511901188,106.40317367524707,103.8261071346828,105.95714569091795,2763076,100.77079544067382,106.0970469766912,95.44454390465644,1.3603830319660943,0.5189840700041444,0.84139896196195,61.979145995271786,0.0215002474311003,0.0542406533977324,0.0146443060557738,0
2023-05-09 00:00:00+05:30,106.8492134059548,107.74126940954643,104.22258473666996,104.81729125976562,2011030,101.10531883239746,106.57096196731923,95.63967569747568,1.4514699591380094,0.7054812478309174,0.745988711307092,61.97917084270772,-0.0107576928740356,0.0139021953421616,0.0146029871548158,0
2023-05-10 00:00:00+05:30,104.8172927413924,105.51111576779412,103.47920115498688,104.76773071289062,2275047,101.3630256652832,107.01536979771063,95.71068153285576,1.502339844674239,0.8648529671995817,0.6374868774746574,61.51831469060158,-0.0004728279683566,0.0037987159350383,0.0145909694588591,0
2023-05-11 00:00:00+05:30,105.01552092038752,106.00670094818582,103.62787493115272,104.17301940917967,3483081,101.58108520507812,107.31733330398066,95.8448371061756,1.47763312854849,0.9874089994693634,0.4902241290791266,60.256410256410255,-0.0056764740408542,-0.0232342100511654,0.0144468859892567,0
2023-05-12 00:00:00+05:30,103.82610670496756,103.82610670496756,101.10036166020708,101.19947814941406,3186646,101.63807830810546,107.3331799355018,95.94297668070912,1.2042313202231014,1.0307734636201111,0.1734578566029903,59.04521242750923,-0.0285442552844311,-0.0243669617991094,0.0159327083520091,0
2023-05-15 00:00:00+05:30,101.5463875665701,104.07389958124156,100.20829608437478,103.52874755859376,3731816,101.83135795593262,107.50659564110104,96.1561202707642,1.1621148555127403,1.057041741998637,0.1050731135141034,62.004637746896144,0.0230166148262216,-0.0229186820434741,0.0166561727980323,0
2023-05-16 00:00:00+05:30,103.57831261040596,104.61905466147633,103.082722597916,103.42963409423828,2372949,101.93295364379884,107.64811436030824,96.21779292728942,1.1079676640046188,1.0672269263998335,0.0407407376047852,62.29508905957916,-0.0009573521045386,-0.013238819176202,0.0166174484702241,0
2023-05-17 00:00:00+05:30,103.08272039900878,103.38007742500108,100.70388687738024,101.74462890625,2892348,102.00729217529296,107.66914126780432,96.3454430827816,0.9185018703167884,1.0374819151832244,-0.1189800448664359,58.20569370058873,-0.0162913192407991,-0.0288552762006962,0.0166722057144545,0
2023-05-18 00:00:00+05:30,102.19066428663626,103.08272786713805,100.80301066831171,101.00125122070312,1842580,102.03702774047852,107.66965017315884,96.4044053077982,0.7002919673517454,0.9700439256169286,-0.2697519582651833,54.5253949406544,-0.0073063088787894,-0.0304471177514613,0.0165577764000055,0
2023-05-19 00:00:00+05:30,101.79419215474768,101.79419215474768,99.61359898294762,100.70389556884766,2542387,102.06180763244627,107.66483830768514,96.45877695720743,0.4976285786430452,0.875560856222152,-0.3779322775791067,50.46730451046687,-0.0029440788927029,-0.0048970863252348,0.0165725782377662,0
2023-05-22 00:00:00+05:30,102.88449392938168,103.0827269178437,101.24904530720669,102.78536987304688,3940408,102.31951446533203,107.52450340748187,97.11452552318218,0.4992192746775714,0.8002925399132359,-0.3010732652356644,48.54367988832201,0.02066925308541,-0.0071803987112483,0.0171458502908613,0
2023-05-23 00:00:00+05:30,102.09154049929457,103.47919401850174,101.5959504968708,101.99242401123048,2895692,102.49792671203612,107.37501177223096,97.62084165184132,0.4315214974123904,0.7265383314130669,-0.2950168340006764,44.11764927834149,-0.0077145790572704,-0.0138955348299726,0.0161457575689267,0
2023-05-24 00:00:00+05:30,101.49683979269246,101.99242982335784,100.70389271878634,101.29859924316406,2038851,102.65155982971191,107.1401355125774,98.16298414684644,0.3182164596818069,0.6448739570668149,-0.326657497385008,35.638289596621064,-0.0068027088756122,-0.0043838153215627,0.0162007731936592,0
2023-05-25 00:00:00+05:30,101.10036196043916,102.09154197965916,100.15874396702154,101.94286346435548,2309949,102.84731788635254,106.79581522688616,98.89882054581892,0.2772126049203365,0.5713416866375193,-0.2941290817171827,44.54544224675092,0.0063600506424068,0.0093227780079157,0.0162130956597057,0
2023-05-26 00:00:00+05:30,102.09154209901985,106.15537867015236,102.04198007315952,105.95714569091795,7127234,103.19670867919922,106.93122076728194,99.4621965911165,0.5621556016857596,0.5695044696471674,-0.0073488679614077,50.0,0.0393777660362277,0.0521653119017511,0.0181180889578849,0
2023-05-29 00:00:00+05:30,106.05626296567942,108.43509654462004,105.16419942831376,107.93950653076172,5489963,103.56840133666992,107.63975186285336,99.49705081048648,0.937132254732404,0.6430300266642147,0.2941022280681894,58.2245429759929,0.0187090811753876,0.0501446525325623,0.0183694288534825,0
2023-05-30 00:00:00+05:30,108.23685832323756,111.85466701441732,107.1961238090759,110.12010192871094,10315826,103.90540237426758,108.91808993866567,98.89271480986947,1.394188441944593,0.7932617097202903,0.6009267322243024,62.67606193679695,0.0202020137763718,0.0796890356933326,0.01853994092429,0
2023-05-31 00:00:00+05:30,110.0209817444252,112.49893178371404,108.53421172085189,112.25113677978516,10170176,104.29939651489258,110.5516897588585,98.04710327092666,1.9063897910775007,1.0158873259917325,0.8905024650857687,67.83371292036556,0.0193519149887255,0.1081213128162796,0.0180426229215794,0
2023-06-01 00:00:00+05:30,113.7379029658588,113.7379029658588,110.2192110039474,110.61568450927734,3534039,104.49763221740724,111.2917892656056,97.70347516920889,2.155498475616014,1.243809555916589,0.9116889196994248,72.0930290839402,-0.0145695831456589,0.0850753132705002,0.0184398079500879,0
2023-06-02 00:00:00+05:30,111.35907952502131,113.63879671440328,111.11128450713647,112.79629516601562,4414157,104.95109748840332,112.67561769976908,97.22657727703756,2.5000568594744266,1.4950590166281563,1.00499784284627,71.89698547719189,0.0197133947722882,0.0645463732578053,0.0183362046920827,0
2023-06-05 00:00:00+05:30,112.9945267850465,114.332618352975,112.74673177016702,113.34143829345705,3137680,105.32031211853028,113.90528437832924,96.7353398587313,2.785006533809252,1.7530485200643755,1.0319580137448765,72.93578629516328,0.0048329878799568,0.050045918647551,0.0169763390293504,0
2023-06-06 00:00:00+05:30,113.19275034607226,114.5804038262624,111.85465888957228,112.6476058959961,5189783,105.7118278503418,114.89366139139364,96.52999430928996,2.92117128360394,1.9866730727722888,0.9344982108316509,76.44228723217256,-0.006121612782648,0.0229522487086091,0.0166493607085112,0
2023-06-07 00:00:00+05:30,112.84584706672632,114.72909067225534,112.3998190695158,114.13438415527344,2899993,106.18016052246094,116.0861953078392,96.27412573708268,3.113166760295925,2.2119718102770163,0.9011949500189091,80.74241738019754,0.0131984896390078,0.0167770895646504,0.0164757090679891,0
2023-06-08 00:00:00+05:30,114.67952640458208,115.12556195518248,112.20157633048046,112.44937133789062,2988963,106.59397811889647,116.83285895093874,96.35509728685425,3.093695906057718,2.388316629433157,0.7053792766245612,75.81694238783193,-0.0147634109550234,0.0165770960668736,0.0169658478790886,0
2023-06-09 00:00:00+05:30,112.59804806923812,113.2423165907088,111.40863507737184,111.75554656982422,1604843,107.121781539917,117.27776876258952,96.96579431724446,2.987837324731231,2.508220768492772,0.4796165562384593,70.99764152712459,-0.0061701080211608,-0.0092267976945484,0.0169795507486012,0
2023-06-12 00:00:00+05:30,112.00333728819432,113.14319577301691,111.25995230619304,112.39981079101562,1647861,107.56533470153808,117.83483245648408,97.2958369465921,2.9222445584339454,2.591025526481007,0.3312190319529384,74.5326693535189,0.0057649417945342,-0.0083078838297728,0.0153120447625775,0
2023-06-13 00:00:00+05:30,112.94495672513804,113.63878725472102,111.90422227391836,112.35025024414062,3153024,108.0113655090332,118.29942503934528,97.72330597872111,2.8335987342801303,2.639540168040832,0.1940585662392981,76.8674140131169,-0.0004409308745826,-0.0026396979278016,0.0147879781034349,0
2023-06-14 00:00:00+05:30,113.44054610908697,115.27423512860578,113.0936346272142,114.38217163085938,5875926,108.64324264526368,118.86282767091888,98.42365761960846,2.8939457492337084,2.6904212842794077,0.2035244649543011,78.32952176486103,0.0180855973378191,0.00217101513641,0.0150500312351524,0
2023-06-15 00:00:00+05:30,114.97688223340056,115.22467723821394,112.64761070057564,113.24231719970705,3415430,109.25529594421388,119.00315811165166,99.50743377677608,2.817318176706735,2.715800662764873,0.1015175139418618,69.09087419418557,-0.0099653155286379,0.0070515811016296,0.0146627481343639,0
2023-06-16 00:00:00+05:30,113.8865875993452,115.1751171083233,113.04408608153192,114.1839370727539,3762955,109.92929801940916,119.0302332982953,100.82836274052303,2.800291114865047,2.732698753184908,0.067592361680139,67.30765489491532,0.0083150883550562,0.0217294852691043,0.0143895835147185,0
2023-06-19 00:00:00+05:30,114.77864935569563,115.07599882447204,112.89540580503122,113.4901123046875,2102578,110.46453514099122,119.04041898376084,101.8886512982216,2.6996908300451707,2.7260971685569606,-0.0264063385117898,60.17961836283186,-0.0060763780427742,0.0097002077316576,0.0145022505868843,0
2023-06-20 00:00:00+05:30,113.39099383605084,118.19821533735052,112.94495829751584,116.06717681884766,9544830,111.16827278137208,119.10288007040228,103.23366549234186,2.7956850316144823,2.740014741168465,0.0556702904460171,61.22446323306982,0.0227073924047365,0.0330833849201941,0.0146130807678722,0
2023-06-21 00:00:00+05:30,116.51322114158287,116.76101616097196,113.8370303949186,114.77865600585938,3086853,111.84227561950684,118.42117779489736,105.2633734441163,2.736246520336522,2.739261097002077,-0.0030145766655551,62.5000400900032,-0.0111015090424689,0.0034663127071896,0.0147885449518542,0
2023-06-22 00:00:00+05:30,115.47247264804138,116.7610097024317,113.7874696342418,114.2334976196289,4501149,112.45680732727052,117.17532355140663,107.7382911031344,2.6150071713415315,2.714410311869968,-0.0994031405284365,54.78544903611219,-0.0047496495010591,0.0087527387679102,0.0147080260193515,0
2023-06-23 00:00:00+05:30,113.9857083148424,114.97688838714537,111.2599631160092,113.0440902709961,4736475,112.81115455627442,116.40483141966368,109.21747769288515,2.3953369279777093,2.6505956350915163,-0.255258707113807,49.0506520281857,-0.0104120715325837,-0.0099825494809444,0.0151278168144418,0
2023-06-26 00:00:00+05:30,112.99452433832847,115.2246794239534,112.00334430027296,114.92732238769533,2617876,113.1605453491211,116.04964179962228,110.27144889861992,2.3461626676660785,2.589709041606429,-0.2435463739403505,56.76471959898015,0.0166592708401174,0.0126637471214172,0.0132447509590376,0
2023-06-27 00:00:00+05:30,115.42290912820816,115.9680611584954,113.78746816155306,114.2830581665039,3680530,113.36869316101074,115.91497633569588,110.8224099863256,2.229504632196779,2.517668159724499,-0.2881635275277201,50.46438772645664,-0.0056058403502872,-0.0153714314523935,0.0129504972678654,0
2023-06-28 00:00:00+05:30,114.58041390729376,118.24778468203822,114.23350239724998,114.82820892333984,12808722,113.49754676818849,116.06643305075552,110.9286604856214,2.1561862359248494,2.4453717749645696,-0.2891855390397202,58.00003592073833,0.0047701799862731,0.0004317258905517,0.0123371378575512,0
2023-06-30 00:00:00+05:30,114.9768890820836,116.86013274326264,114.0848254991984,115.02645111083984,4314495,113.7180850982666,115.98481308044168,111.45135711609151,2.089985316641432,2.374294483299942,-0.2843091666585104,61.37936635845625,0.0017264241022199,0.0069415145971567,0.0116847774572267,0
2023-07-03 00:00:00+05:30,116.46365842462124,118.39645653959256,115.76983539927352,117.30615997314452,5665026,113.94357833862304,116.67404602130016,111.21311065594593,2.196158120273992,2.3386672106947524,-0.1425090904207602,65.32512860206117,0.0198189967636917,0.0377027201681321,0.0117694483678682,0
2023-07-04 00:00:00+05:30,117.30615032913543,117.85130234859317,115.6211473706168,116.11673736572266,4006412,114.08234329223632,116.96197552991164,111.202711054561,2.1594317826957763,2.302820125094957,-0.1433883423991808,60.98268197760844,-0.0101394727070954,0.0103492794691151,0.0114308091006169,0
2023-07-05 00:00:00+05:30,116.4636592858126,117.1079278496017,114.72909414751324,115.27424621582033,2728803,114.21367530822754,117.05715493638591,111.37019568006914,2.0388414061657016,2.2500243813091063,-0.2111829751434046,52.7950767865629,-0.0072555530668143,0.0086730970033397,0.0115553378460195,0
2023-07-06 00:00:00+05:30,116.01762725764954,121.9151454988073,115.0264472129438,120.92396545410156,13433790,114.55315437316897,118.68575452126042,110.42055422507748,2.371816960300862,2.274382897107458,0.097434063193404,68.76517793808539,0.0490111141364886,0.0530858800979059,0.015483202065452,0
2023-07-07 00:00:00+05:30,122.01426102455792,122.01426102455792,117.45483436744084,118.44601440429688,9047425,114.85298652648926,119.20712052542235,110.49885252755617,2.4079946815300133,2.301105253991969,0.1068894275380443,59.684708971061966,-0.0204918110359623,0.0297284951455376,0.0161581156571478,0
2023-07-10 00:00:00+05:30,119.63542683593636,119.93278387037375,116.56277024919872,116.95924377441406,4656358,115.11317138671876,119.30692754163076,110.91941523180674,2.290294729892352,2.298943149172046,-0.0086484192796936,57.60871093036222,-0.0125523061063748,-0.0029573570459546,0.016051021732966,0
2023-07-11 00:00:00+05:30,117.70262606523455,118.8424845879712,117.20703606074936,117.80174255371094,2747942,115.38326797485352,119.5368485892612,111.2296873604458,2.2391873230558588,2.286991983948808,-0.0478046608929494,54.11765600793129,0.0072033535110902,0.0145113032471897,0.0159759872806946,0
2023-07-12 00:00:00+05:30,118.09910142896004,119.63542592963869,116.6123313922432,118.49557495117188,4330871,115.69053421020509,119.80845675731796,111.57261166309218,2.2289765565505637,2.2753888984691595,-0.0464123419185962,59.079896017611695,0.0058898313591972,0.0279449125984347,0.015977235048177,0
2023-07-13 00:00:00+05:30,120.5770521017158,120.82484710909206,114.82820490574484,116.21585845947266,6827904,115.78221855163574,119.85893398785754,111.70550311541392,2.013717500189486,2.223054618813225,-0.2093371186237389,54.464292464144016,-0.0192388322740204,-0.0389344409683284,0.0166699238256636,0
2023-07-14 00:00:00+05:30,116.95924905920543,120.18058430871744,116.86013256394892,119.0407257080078,9645590,116.07213897705078,120.2125390213334,111.93173893276816,2.047464430271916,2.187936581104963,-0.1404721508330473,62.57796104756092,0.0243070720810469,0.0050209482075183,0.0170263671262822,0
2023-07-17 00:00:00+05:30,119.63542557507076,122.4602946861433,119.38763056968568,121.51866912841795,8993407,116.438875579834,121.13687748531956,111.7408736743484,2.2482421049815,2.1999976858802706,0.0482444191012296,63.48884767708992,0.0208159300581571,0.0389830269661963,0.0172645472553814,0
2023-07-18 00:00:00+05:30,122.4107362725277,122.4107362725277,118.19822105667149,118.8920440673828,4206730,116.70897216796877,121.31336575580823,112.10457858012929,2.170394214429436,2.194076991590104,-0.0236827771606678,58.72420289758796,-0.021614991999784,0.0092553937661385,0.0180644686263011,0
2023-07-19 00:00:00+05:30,119.28851453280696,121.22132011941008,118.19821801739424,118.74337005615234,4432296,116.84278182983398,121.52355694481506,112.16200671485292,2.0728084051018385,2.1698232742924506,-0.097014869190612,57.5238132101298,-0.0012504958796587,0.0020911760214048,0.0179860519516627,0
2023-07-20 00:00:00+05:30,118.9415983537334,119.8832163158592,117.75218539503734,118.6442413330078,3320839,117.0360610961914,121.67703122830764,112.39509096407517,1.964822834066084,2.1288231862471774,-0.1640003521810937,56.97893710330642,-0.0008348148035351,0.0208954518404387,0.0173743723562164,0
2023-07-21 00:00:00+05:30,118.44601606936892,119.53631261281684,116.81056747314516,118.8920440673828,5954642,117.2689884185791,121.78360971511916,112.75436712203904,1.877595350280913,2.0785776190539247,-0.2009822687730116,53.31949312913709,0.0020886199919258,-0.001248998103302,0.0171447689806931,0
2023-07-24 00:00:00+05:30,119.13983999754296,119.13983999754296,116.90968486609232,117.10792541503906,2605336,117.47218017578123,121.52872822924616,113.41563212231634,1.6455347756151897,1.9919690503661776,-0.3464342747509883,52.02430846735805,-0.0150062072390023,-0.0362968401893682,0.0174839073681957,0
2023-07-25 00:00:00+05:30,117.90086277512276,124.0461835625722,117.45483478180545,123.45147705078124,16714759,117.89838790893556,122.57321735912318,113.22355845874792,1.951006709134404,1.9837765821198232,-0.0327698729854191,63.63635438343107,0.0541684229590795,0.0383493531393432,0.0206995374392073,0
2023-07-26 00:00:00+05:30,124.34353818020844,125.7311918065158,122.955892116005,125.03736877441406,6306106,118.43610343933103,123.7853448644149,113.0868620142472,2.294612757974761,2.045943817290811,0.2486689406839501,57.9349978688984,0.0128462758123215,0.0530050538003541,0.0206031545454274,0
2023-07-27 00:00:00+05:30,125.8302982129182,127.46575429053236,125.13647523644852,126.6232452392578,6075098,119.02585525512696,125.23238097351998,112.81932953673392,2.664179007019854,2.16959085523662,0.4945881517832342,66.33662340132753,0.0126832200676336,0.067251505986327,0.0205534521362859,0
2023-07-28 00:00:00+05:30,126.62324221821144,127.86221719099235,125.28515076002864,126.72235870361328,4188320,119.61065063476562,126.40655940702877,112.81474186250249,2.931270686396701,2.321926821468636,0.6093438649280651,70.64988002239797,0.0007827430434923,0.0658607116872562,0.0205749870175253,0
2023-07-31 00:00:00+05:30,130.34016554325504,143.12638105637103,128.90295761723905,139.85549926757812,44878185,120.73811759948732,131.9630463416791,109.51318885729552,4.154783691735915,2.688498195522092,1.466285496213823,80.68965107207757,0.1036371221173486,0.1942445293255772,0.0297577131216981,0
2023-08-01 00:00:00+05:30,142.43256786613597,151.35318817246022,141.09448389471157,149.07347106933594,53135652,122.38595428466796,139.092228909209,105.67967966012692,5.801365321794492,3.3110716207765725,2.49029370101792,84.39241221062242,0.0659106853147157,0.2075470835234736,0.0321413944635059,0
2023-08-02 00:00:00+05:30,149.56906135727493,151.25407951755398,142.03610215948055,145.55479431152344,20206862,123.89998168945311,143.18235069153957,104.61761268736667,6.74461756612547,3.997780809846352,2.7468367562791176,82.10414112383398,-0.0236036414297746,0.1640903494548566,0.0327329203657939,0
2023-08-03 00:00:00+05:30,146.34771880571986,152.34436074268564,145.70345786484356,149.8168487548828,16319272,125.3446258544922,147.76258727954695,102.92666442943742,7.746764065671286,4.747577461011339,2.999186604659947,82.64985273973379,0.0292814432085111,0.1831701870521491,0.0326677631686124,0
2023-08-04 00:00:00+05:30,151.74966766126454,156.0117296633347,151.74966766126454,152.6417236328125,16560157,127.05441131591796,152.2953851246356,101.81343750720036,8.668985512094224,5.531859071227917,3.1371264408663078,82.77663514742396,0.0188555219349961,0.2045366357946443,0.0316550192927911,0
2023-08-07 00:00:00+05:30,154.12848506080374,154.12848506080374,146.69463529902865,147.38845825195312,7702479,128.57587203979492,154.89985072954943,102.2518933500404,8.873667919655077,6.2002208409133495,2.6734470787417277,78.43718451406602,-0.0344156581558026,0.0538624439069255,0.0324957665143355,0
2023-08-08 00:00:00+05:30,146.94242788701487,147.93360783903523,144.66271097252695,145.45565795898438,4828317,129.95856781005858,156.7997367445664,103.11739887555076,8.778723709391528,6.715921414608985,2.062802294782543,75.74020022352269,-0.0131136475399228,-0.0242686581616448,0.0325162903317767,0
2023-08-09 00:00:00+05:30,146.7937696547673,151.15495577160956,146.74420762803354,150.56024169921875,8848593,131.56180114746093,159.33437861244465,103.7892236824772,9.011498045763377,7.175036740839863,1.836461304923512,78.04878899164751,0.0350937448007266,0.0343887496895665,0.0329237805230295,0
2023-08-10 00:00:00+05:30,150.65936907145868,152.9886482613912,145.85213973232456,146.94244384765625,7285415,133.0981304168701,160.6952749712492,105.500985862491,8.802576708086633,7.5005447342892175,1.3020319737974155,73.27304128708782,-0.0240289057106453,-0.0191861258003724,0.0338472159970025,0
2023-08-11 00:00:00+05:30,147.48759377479917,159.28263026493144,146.19905669098634,157.54806518554688,25624995,135.02349739074708,163.83745330852207,106.20954147297208,9.384610106284583,7.877357808688291,1.507252297596292,79.2683004941504,0.0721753433533887,0.0321428599989923,0.0356191269532125,0
2023-08-14 00:00:00+05:30,157.49850216333064,157.5480641901271,149.2221579113687,151.0558319091797,12704751,136.50035552978517,165.42745966089953,107.5732513986708,9.215773104407134,8.14504086783206,1.0707322365750738,69.93557640832802,-0.0412079530695675,0.0248823666433728,0.0375941063913646,0
2023-08-16 00:00:00+05:30,143.72110199854907,146.00081905509154,137.1297609565742,141.63961791992188,29124905,137.63773422241212,165.41572326810476,109.85974517671949,8.227319373258553,8.161496568917359,0.0658228043411934,60.77169679482014,-0.0623359844518891,-0.0262350746104256,0.0408627000849563,0
2023-08-17 00:00:00+05:30,141.8874082648061,144.21668727040233,140.54932436465603,141.29270935058594,6758674,138.76520118713378,165.10755219545655,112.42285017881102,7.331457568414407,7.995488768816768,-0.664031200402361,59.673204429451,-0.0024492340097391,-0.0615536495162315,0.0403769731623811,0
2023-08-18 00:00:00+05:30,141.73874578933308,143.4237488333159,137.7740256273937,139.5085906982422,4655619,139.8084186553955,164.38933109556743,115.2275062152236,6.403699309521443,7.677130876957704,-1.273431567436261,58.24808982791841,-0.0126271104895926,-0.0505902376111367,0.0405972874480051,0
2023-08-21 00:00:00+05:30,140.10330473317416,140.45020867272288,133.90842948187017,135.4943084716797,5871430,140.63853187561034,163.2909909240125,117.98607282720816,5.283618908446243,7.198428483255412,-1.9148095748091687,46.81159429990279,-0.0287744446881081,-0.1399811332998226,0.0413680258858717,0
2023-08-22 00:00:00+05:30,136.28725419761523,145.05920351747184,135.89078823508683,143.5724334716797,13124521,141.96175727844238,161.73566809841415,122.1878464584706,4.990259689274012,6.756794724459132,-1.76653503518512,45.91010387534776,0.0596196629298892,-0.049540612520007,0.0428935588658028,0
2023-08-23 00:00:00+05:30,145.20787728023976,148.57788339951802,144.4149302156427,146.99200439453125,15574745,143.13878364562987,160.98167076664558,125.29589652461416,4.976337073349157,6.400703194237137,-1.4243661208879796,51.07010992971215,0.0238177402177004,0.0377887666827472,0.0426029733998007,0
2023-08-24 00:00:00+05:30,148.47877674419647,149.56906574104238,143.8202334640916,144.9105224609375,6140209,144.13244132995607,159.81334943390004,128.4515332260121,4.742674504080327,6.069097456205776,-1.3264229521254487,46.22426929845182,-0.0141605112615988,0.0256050940418643,0.0418014021602871,0
2023-08-25 00:00:00+05:30,144.51405147583998,146.19905450289636,142.9281573773122,143.5724334716797,3512768,144.97990074157715,158.33622853072083,131.62357295243348,4.398815825264165,5.735041130017454,-1.336225304753289,42.85714972435195,-0.0092338980395195,0.0291296955484814,0.0419633468388818,0
2023-08-28 00:00:00+05:30,144.7122840169388,149.7673082069393,144.7122840169388,146.59552001953125,11141328,145.97355880737305,156.20133156899817,135.74578604574793,4.320439823453199,5.452120868704603,-1.131681045251404,49.3527554041673,0.0210561768352828,0.0819312019306839,0.042055490856109,0
2023-08-29 00:00:00+05:30,147.28936415289942,151.05583631189285,147.28936415289942,150.4115753173828,11363693,146.5013626098633,156.48638977250215,136.51633544722444,4.514213010199683,5.264539297003619,-0.7503262868039364,53.92466038300816,0.0260311863373665,0.0476354804354011,0.0422048053121704,0
2023-08-30 00:00:00+05:30,151.6505392820347,156.90379628200532,151.6505392820347,153.28598022460938,18305276,146.71198806762695,157.0952405538527,136.3287355814012,4.843882844150755,5.180408006433047,-0.3365251622822915,52.23758701254063,0.0191102639618081,0.0428184910873443,0.0363558550175114,0
2023-08-31 00:00:00+05:30,155.16923894132557,161.8597042395451,152.9886458689695,157.05247497558594,25698713,147.28687210083007,158.6292325438053,135.94451165785483,5.347431351237049,5.213812675393847,0.1336186758432012,58.27921700620106,0.0245716845432149,0.0837893087986172,0.0339312020076836,0
2023-09-01 00:00:00+05:30,158.04365383011682,166.6669171247369,155.96218482752968,165.62619018554688,23024424,148.07733917236328,162.0586534627111,134.09602488201546,6.3649531173985565,5.444040763794789,0.9209123536037672,56.84299455464076,0.0545914046327109,0.1536071805749352,0.0351314355739762,0
2023-09-04 00:00:00+05:30,167.31118136179066,173.20869913733364,164.0898464708245,170.03692626953125,18399015,148.9470993041992,165.95964368732854,131.9345549210699,7.4414752928298356,5.843527669601799,1.5979476232280367,66.66666666666666,0.0266306680063288,0.1599053384910864,0.0350511217404088,0
2023-09-05 00:00:00+05:30,170.97855843690616,170.97855843690616,165.77486318013075,167.0634002685547,6791193,149.93084640502929,168.7440136689502,131.11767914110837,7.962896857060429,6.267401507093525,1.6954953499669037,75.17176510685408,-0.0174875308923376,0.1107084007067602,0.0353134787636283,0
2023-09-06 00:00:00+05:30,167.06339212536014,167.4598580759161,161.1163121217819,162.30572509765625,5858899,150.7733497619629,170.24049655248092,131.30620297144486,7.901143119026301,6.594149829480081,1.3069932895462202,69.13357736786719,-0.0284782613262417,0.0588425951272926,0.0350054033153453,0
2023-09-07 00:00:00+05:30,162.55353654564453,163.94118263720463,160.12514832331038,161.26499938964844,4706448,151.30858764648437,171.33176513647885,131.2854101564899,7.679698189511441,6.8112595014863535,0.8684386880250878,70.08235604312397,-0.0064121318418165,0.0268224006958015,0.0348605318397891,0
2023-09-08 00:00:00+05:30,162.15704945474596,167.45985322996,161.85969243833063,165.4774932861328,8074047,152.2353401184082,173.10548271620627,131.36519752061014,7.754722920927207,6.999952185374525,0.7547707355526825,77.57521733443879,0.0261215633424964,-0.0008977861487212,0.0345331442552781,0
2023-09-11 00:00:00+05:30,167.11296304354204,169.29355613605816,164.28809384182767,165.03147888183594,5453052,152.60951080322266,174.1386322942608,131.08038931218454,7.689550573734351,7.13787186304649,0.5516787106878613,72.95867392982287,-0.002695317625616,-0.0294374139636057,0.0339429823805852,0
2023-09-12 00:00:00+05:30,167.4102919320358,167.7076489497397,151.84876933039402,153.38510131835938,9680348,152.72597427368163,174.24490567239866,131.2070428749646,6.621803651938592,7.034658220824911,-0.4128545688863188,55.81604346131336,-0.0705706429002885,-0.0818748985607106,0.0343376137134804,0
2023-09-13 00:00:00+05:30,154.52496138218885,157.894982575176,148.77612927947075,157.10203552246094,12125077,153.49909515380858,174.44435834157352,132.55383196604365,6.006295217788306,6.828985620217591,-0.8226904024292843,60.770586479674165,0.0242326938676191,-0.0320610352596272,0.0334360510636086,0
2023-09-14 00:00:00+05:30,158.0932183420164,160.9676344440065,155.9126252517956,160.5216064453125,6843565,154.4605400085449,174.80326933849793,134.1178106785919,5.728397740800773,6.608868044334228,-0.8804703035334551,64.44257444203095,0.0217665602579837,-0.0046097600046477,0.0301708634028019,0
2023-09-15 00:00:00+05:30,161.56233754427342,162.65264157738358,158.78703056161643,159.87733459472656,4889241,155.47897720336914,174.67718497512527,136.280769431613,5.393996005897094,6.365893636646802,-0.9718976307497078,61.79578280745585,-0.0040136145211419,-0.0338424191725144,0.0301957585362511,0
2023-09-18 00:00:00+05:30,159.87734693863587,160.07557992608676,153.6329095265848,155.96218872070312,3775471,156.50237121582032,173.23942695756895,139.76531547407168,4.758210975712586,6.044357104459959,-1.2861461287473723,54.92092351272488,-0.0244884359871769,-0.0549549105575579,0.0306753718300993,0
2023-09-20 00:00:00+05:30,156.1108527485672,162.2561658319234,153.93025973501588,157.69674682617188,13281824,157.2085868835449,172.80130682743544,141.61586693965438,4.344233482121524,5.704332379992271,-1.3600988978707471,53.991048775557765,0.0111216578819306,0.0281099368240689,0.0296469634658569,0
2023-09-21 00:00:00+05:30,157.30025897128735,157.30025897128735,150.36199914789162,152.88951110839844,4826916,157.5034622192383,172.49411317210314,142.51281126637343,3.586902015558337,5.2808463071054845,-1.6939442915471474,46.30280707175013,-0.0304840512852965,-0.0268139391068567,0.0282398052299804,0
2023-09-22 00:00:00+05:30,154.05616514882476,154.65444760431672,150.56621966001643,152.7100372314453,4276180,157.89343795776367,171.876671118872,143.91020479665534,2.938357770766885,4.812348599837764,-1.8739908290708795,36.5189195043136,-0.00117387959221,-0.048663662087935,0.0278595934829391,0
2023-09-25 00:00:00+05:30,153.3083067532456,159.440632937394,151.06477055685664,156.94781494140625,5257493,158.56220703125,170.8365219994282,146.2878920630718,2.7348098433542987,4.396840848541071,-1.6620310051867726,36.288892796061575,0.0277504857361681,-0.0183235457405288,0.0281294435395189,0
2023-09-26 00:00:00+05:30,156.54897128700267,159.93919770023018,155.05328047852814,155.7512664794922,3469033,159.01999435424804,170.03326617359906,148.00672253489702,2.448717887954132,4.007216256423684,-1.558498368469552,37.69210949053922,-0.0076238618700156,-0.0013523934419044,0.0280932032610721,0
2023-09-27 00:00:00+05:30,155.00343064425755,160.88649064974862,152.01204884263808,158.84237670898438,10877972,159.44153442382813,169.68602450542028,149.19704434223598,2.4432504439054696,3.694423093920041,-1.2511726500145717,46.08999081473254,0.0198464532543571,0.0072647654810236,0.0280582686586408,0
2023-09-28 00:00:00+05:30,159.9391950114799,161.83374579933712,154.05615068302848,155.85098266601562,11931246,159.56978454589844,169.55063719854795,149.5889318932489,2.1724937997683185,3.390037235089697,-1.217543435321378,44.14560476096034,-0.0188324684189867,0.0193700112986658,0.0280214250398208,0
2023-09-29 00:00:00+05:30,157.5461026852651,162.78102065423752,157.5461026852651,161.93345642089844,10590492,159.81383361816407,169.77419338462605,149.8534738517021,2.4208163433578704,3.1961930567433314,-0.775376713385461,46.31665051204239,0.0390274969771438,0.0603982511999143,0.0289487269194238,0
2023-10-03 00:00:00+05:30,160.6870411978687,161.98330959282345,158.6429426225036,160.43775939941406,4960359,159.5544120788574,169.14060220655148,149.96822195116334,2.4684685300020988,3.050648151395085,-0.5821796213929864,45.327651369357866,-0.0092364916709783,0.0222363367040867,0.0286285095516433,0
2023-10-04 00:00:00+05:30,158.94207216002832,161.18560839624865,152.66018287057446,155.40228271484375,8648303,158.82267990112305,167.19745255072675,150.44790725151935,2.075981720996936,2.855714865315456,-0.77973314431852,52.370495810506654,-0.0313858576897372,-0.0022406480058664,0.0267273160192098,0
2023-10-05 00:00:00+05:30,156.59883302228428,157.49624143475137,152.75988713738337,153.35816955566406,3666626,158.1374183654785,165.89302230377083,150.3818144271862,1.581756741460083,2.600923240544381,-1.019166499084298,45.42033034515043,-0.0131536881149328,-0.0345260960390182,0.0259439804286151,0
2023-10-06 00:00:00+05:30,154.4549955546956,155.2527003492198,152.7598823756775,154.4051513671875,3928257,157.74238967895508,165.4083595499032,150.07641980800696,1.2600376371415225,2.3327461198638093,-1.072708482722287,42.05701775939609,0.0068270364373606,-0.0092770111172574,0.0258815972419309,0
2023-10-09 00:00:00+05:30,150.71577424856156,152.26132449313056,147.32554776333942,148.42239379882812,5632085,157.10025939941406,165.62700512170025,148.57351367712786,0.5163620925539476,1.9694693144018367,-1.4531072218478895,36.93573631979151,-0.0387471370960409,-0.0834358934879538,0.0264690160952471,0
2023-10-10 00:00:00+05:30,150.06765069754252,155.25270933978237,149.26994585682385,154.3553009033203,5054104,156.54414978027344,164.17403846390613,148.91426109664076,0.4011061831350844,1.655796688148487,-1.2546905050134023,48.24799368333421,0.0399731263769647,-0.0379116394972289,0.0281329413887642,0
2023-10-11 00:00:00+05:30,155.10314857999612,157.79538914324058,153.05903465078944,153.4080352783203,6393108,155.96297760009764,162.57345482027665,149.35250037991864,0.2306696095660925,1.3707712724320078,-1.1401016628659153,45.24229404489897,-0.006136916707469,-0.0128328065822739,0.0274091444064752,0
2023-10-12 00:00:00+05:30,154.55471575123946,157.79537914602352,154.15587095786287,156.94781494140625,6352909,156.14111328125,162.65033354613573,149.63189301636427,0.3768835537161408,1.1719937286888344,-0.7951101749726937,54.63236961559858,0.0230742780628401,0.0234069394290681,0.0280050353683719,0
2023-10-13 00:00:00+05:30,154.55471735583504,158.3438037920656,153.55759014708772,156.5988311767578,5132305,156.11595306396484,162.6134137591714,149.61849236875827,0.4593045081783771,1.029455884586743,-0.5701513764083659,54.42177059592648,-0.0022235656149702,0.0142072967782893,0.0231978364874733,0
2023-10-16 00:00:00+05:30,156.9478261559407,160.03892677781812,155.15300924254572,159.68992614746094,6580998,156.07436904907226,162.46283968124965,149.68589841689487,0.765228165227029,0.9766103407148,-0.2113821754877711,53.20141248584183,0.0197389402428815,0.0759153121051587,0.0229950122020676,0
2023-10-17 00:00:00+05:30,161.3351944336632,161.9334616633703,157.04754415346653,157.99481201171875,4645855,155.98024291992186,162.18563964593017,149.77484619391356,0.8609686131663352,0.9534819952051072,-0.092513382038772,52.58919537064202,-0.0106150348781355,0.0235787892420877,0.022617548169247,0
2023-10-18 00:00:00+05:30,159.04178941076523,160.2881984186866,153.1088855760503,154.30543518066406,5594172,155.89740524291992,162.14788596377957,149.64692452206026,0.6318580646224916,0.8891572090885842,-0.2572991444660926,44.83539541403443,-0.0233512530195044,0.0058497581350001,0.0231545098307225,0
2023-10-19 00:00:00+05:30,153.45787753074157,157.34668293070328,152.61032849808836,156.64869689941406,4604420,155.84500274658205,162.04936975676856,149.6406357363955,0.632081697149431,0.8377421067007536,-0.2056604095513226,50.92167417877224,0.0151858663695576,-0.0019058439399354,0.022795071788818,0
2023-10-20 00:00:00+05:30,157.047531821511,158.84236379960467,151.9621770860712,153.55758666992188,6661231,155.8784065246582,162.0226778440988,149.7341352052176,0.3784694057834201,0.7458875665172869,-0.3674181607338668,39.603954020515545,-0.0197327541861201,-0.0194206079571768,0.0230660112525182,0
2023-10-23 00:00:00+05:30,154.05615948215043,156.05041397382877,140.6946604738874,141.69178771972656,8588718,155.32749404907227,164.0871363242234,146.56785177392115,-0.7711021849694362,0.4424896162199423,-1.2135918011893785,31.49606797318522,-0.0772726324209647,-0.1127067865953831,0.027824053163276,0
2023-10-25 00:00:00+05:30,143.38690320715668,145.33129832355468,138.45112630708346,140.7445068359375,5006210,154.51732864379883,165.38867724877838,143.6459800388193,-1.7385427646368328,0.0062831400485873,-1.74482590468542,34.261230813392245,-0.0066855030840801,-0.1091827317374305,0.0278295735522186,0
2023-10-26 00:00:00+05:30,139.44825255431377,141.09350643738992,135.2603059156574,140.49522399902344,4781118,153.7545265197754,166.27687724755805,141.23217579199274,-2.496582387951861,-0.4942899655515024,-2.0022924224003584,35.63473377976028,-0.0017711727620364,-0.0894991881878388,0.0269020364648949,0
2023-10-27 00:00:00+05:30,141.59206903113358,142.2900550608314,139.29867332073704,140.24594116210938,5520942,152.82470474243163,166.46788935195784,139.18152013290543,-3.0819228047422484,-1.0118165333896516,-2.070106271352597,33.900217708584194,-0.0017743153811107,-0.1047104512323973,0.026902807587823,0
2023-10-30 00:00:00+05:30,141.09349889456186,143.58631689623255,140.34565349406066,143.08775329589844,3557914,152.1865432739258,166.4151517725167,137.95793477533488,-3.278703954748778,-1.465194017661477,-1.813509937087301,43.46763009862895,0.0202630615206484,-0.0681818046315664,0.0269219067154651,0
2023-10-31 00:00:00+05:30,144.3840296904633,146.0292835766385,142.19035277057824,142.7886199951172,2977300,151.22930145263672,165.27168528123204,137.1869176240414,-3.4193755583233667,-1.856030325793855,-1.5633452325295116,33.56939171327578,-0.0020905583733826,0.0077409728047204,0.0267268902571961,0
2023-11-01 00:00:00+05:30,142.788622440335,143.58632730166852,139.74738121491285,140.39552307128906,1867813,150.22718963623046,164.36289341635702,136.0914858561039,-3.6815234290267824,-2.221128946440441,-1.4603944825863415,32.24488742167486,-0.0167597174334338,-0.0024795551350024,0.0249705498067444,0
2023-11-02 00:00:00+05:30,142.48947384274092,145.92957492830865,141.79148783079745,145.28143310546875,3250941,149.7211471557617,163.8013192233858,135.64097508813762,-3.455196049454969,-2.4679423670433467,-0.9872536824116224,34.64567498397429,0.0348010387175861,0.0340667032672838,0.0265272336385432,0
2023-11-03 00:00:00+05:30,146.6774246539478,146.92670646660582,144.2843101234584,144.83273315429688,2518522,149.29487533569335,163.4275394204274,135.1622112509593,-3.2742923031665043,-2.6292123542679784,-0.6450799488985259,34.55497633882055,-0.0030884879201744,0.0327053457246626,0.0257950747055178,0
2023-11-06 00:00:00+05:30,145.7799934439274,148.7215156378478,145.5805710471275,147.42526245117188,3129638,148.94588088989258,162.89067815310597,135.0010836266792,-2.888433272526896,-2.681056537919762,-0.2073767346071342,33.68700146817129,0.017900161382117,0.03031362961094,0.026074039931044,0
2023-11-07 00:00:00+05:30,146.926703191119,147.87397101511078,145.0820117325924,145.5307159423828,2181906,148.80129699707032,162.82866673757934,134.7739272565613,-2.7043373629260543,-2.6857127029210206,-0.0186246600050337,33.50922747760205,-0.0128508945976375,0.0192038829660192,0.0261116146150886,0
2023-11-08 00:00:00+05:30,146.72726397173795,147.6745470003428,144.88258774830268,145.8797149658203,2529582,148.3775177001953,162.2091415577563,134.5458938426343,-2.5014436385722547,-2.648858890051268,0.1474152514790132,37.77135254171827,0.0023981124615346,0.0390624414123699,0.0247634109159478,0
2023-11-09 00:00:00+05:30,146.37827926631726,146.9765464706827,143.2871787914235,143.83560180664062,3355110,147.89889602661134,161.6598779132647,134.137914139958,-2.477037996707452,-2.614494711382505,0.1374567146750531,31.240854648843083,-0.0140123193938144,-0.009951934448351,0.0230950129880657,0
2023-11-10 00:00:00+05:30,144.4837378179978,146.0292881560279,142.24020142197327,144.63331604003906,2398962,147.28317108154295,160.42755704958742,134.13878511349853,-2.366053090625371,-2.5648063872310782,0.198753296605707,35.99376203086511,0.0055460138058922,-0.0013768787615529,0.0231587094190727,0
2023-11-13 00:00:00+05:30,150.01779055969251,163.13002292479192,148.87110031703955,161.58447265625,36133553,147.53245315551757,161.57886917668355,133.4860371343516,-0.8999065185769837,-2.2318264135002592,1.3319198949232756,76.92307692307692,0.1172009124890582,0.0960433101468463,0.0346310859544266,0
2023-11-15 00:00:00+05:30,163.5288695336876,163.92771434900752,159.09165629969732,159.78964233398438,7210224,147.53743896484374,161.60208373390486,133.47279419578263,0.1158618129448996,-1.7622887682112276,1.8781505811561272,75.19790622761619,-0.0111076905643272,0.0979788101726018,0.0347386287395072,0
2023-11-16 00:00:00+05:30,159.83949657979,161.43489100452243,158.0446645388813,158.54322814941406,3181592,147.56485977172852,161.71721357112114,133.4125059723359,0.8109422880125976,-1.2476425569664626,2.05858484497906,73.2647895812238,-0.007800344042107,0.0868079101097833,0.034535688315126,0
2023-11-17 00:00:00+05:30,158.5432266339033,161.23546706205428,156.49911280726786,157.44638061523438,3715792,147.72190704345704,162.25382567815515,133.18998840875892,1.2587816912449057,-0.746357707324189,2.005139398569095,71.69810884934085,-0.0069182868734449,0.0946273289619272,0.0344871464231565,0
2023-11-20 00:00:00+05:30,158.34380644328488,160.73690569836566,156.05041078177598,156.49911499023438,4188790,147.71442794799805,162.22714335061357,133.20171254538255,1.5197425790622674,-0.2931376500468977,1.8128802291091648,67.7675081092467,-0.0060164331583774,0.0820405648924655,0.0340958459271813,0
2023-11-21 00:00:00+05:30,158.09451925954235,161.43488622218456,157.546096261212,158.14437866210938,5936436,147.94376754760742,162.98076927637777,132.90676581883707,1.8381262162304493,0.1331151232085717,1.7050110930218778,69.64285644575664,0.01051292636369,-0.0212897559870061,0.0340152287705268,0
2023-11-22 00:00:00+05:30,159.1415191594146,160.78677307701142,156.6487009721741,157.6458282470703,4058099,148.7414695739746,164.0718344152944,133.4111047326548,2.0268543750202923,0.5118629735709159,1.5149914014493764,73.19035721465289,-0.0031525016523303,-0.0134164771608485,0.0337012092008957,0
2023-11-23 00:00:00+05:30,157.79538348918973,163.03030142485005,156.05041084396962,161.68417358398438,6666292,149.78845291137696,165.6694849683812,133.90742085437273,2.473767467899819,0.9042438724366966,1.5695235954631224,72.56516160885066,0.0256165696347192,0.019811287251009,0.0287495771519413,0
2023-11-24 00:00:00+05:30,162.93058089484154,166.9190897560612,161.98331308329264,163.47900390625,13106168,150.9376419067383,167.30602270415378,134.5692611093228,2.938899318879038,1.311174961725165,1.627724357153873,74.73544052492485,0.0111008411180908,0.0383154142219253,0.0285978356015491,0
2023-11-28 00:00:00+05:30,164.87499541975328,168.76378557448348,163.42914874803805,168.21536254882812,9085521,152.33611297607422,169.61238947732664,135.0598364748218,3.647656309579787,1.7784712312960895,1.8691850782836976,76.09511376895033,0.0289722749062888,0.0748646250128943,0.0288837025209419,0
2023-11-29 00:00:00+05:30,169.7110539966157,177.48864954788465,169.66119459139227,172.80215454101562,28729507,153.82183303833008,172.77835189928862,134.86531417737154,4.5272794519889885,2.328232875434669,2.199046576554319,82.06331283518492,0.0272673786905526,0.0926860379288219,0.029037503289193,0
2023-11-30 00:00:00+05:30,173.30071713314422,174.1482661570867,165.0245580087479,172.55287170410156,16318300,155.3100456237793,175.26649884863247,135.35359239892614,5.144964144071594,2.8915791291620545,2.253385014909539,81.4336105210991,-0.0014425910231049,0.0945603421466263,0.0290540758702678,0
2023-12-01 00:00:00+05:30,174.79640301187342,178.93447484871487,173.30071219639524,175.04568481445312,13382377,157.0425537109375,177.55573769282003,136.529369729055,5.76912995841991,3.4670892950136256,2.3020406634062844,86.39535479609616,0.0144466625546881,0.0826395740182222,0.0289527927415247,0
2023-12-04 00:00:00+05:30,179.23361747150994,182.67370333131032,175.64395340000718,177.58836364746094,13877822,158.65790023803712,180.32706516549385,136.9887353105804,6.395238466785514,4.052719129368003,2.342519337417511,86.92737774039004,0.0145258012826938,0.0863068614566688,0.0282977811105888,0
2023-12-05 00:00:00+05:30,177.9373506400302,180.3304651141371,172.7024326975485,177.23936462402344,8237136,160.27823181152343,182.4355708678788,138.1208927551681,6.785058732532406,4.599187050000884,2.1858716825315216,77.9359364712507,-0.0019652133522121,0.0536455287939345,0.0279264150977223,0
2023-12-06 00:00:00+05:30,177.48864777426064,180.7791706917181,175.49439330488693,179.78204345703125,8894506,161.8960708618164,184.8140171060253,138.97812461760756,7.215985642716106,5.122546768543929,2.093438874172177,84.74870072487829,0.0143460164078199,0.0403923720427854,0.0277808916322645,0
2023-12-07 00:00:00+05:30,180.8290350441617,183.77055742398105,177.3390896272683,182.4742889404297,16324679,163.74324951171874,187.05915812459037,140.42734089884715,7.686139008142902,5.635265216463724,2.0508737916791784,89.60397689738974,0.0149750521889129,0.0574978390005682,0.0277502686139132,0
2023-12-08 00:00:00+05:30,183.4714080035546,191.4484257428396,182.474280786144,185.6650848388672,26549698,165.7325180053711,189.41714454687215,142.04789146387003,8.221437881692907,6.152499749509561,2.068938132183346,93.67287514789126,0.0174862766528118,0.0606664485084025,0.0272561604821326,0
2023-12-11 00:00:00+05:30,185.81466763712248,185.9642306374444,178.2863539168517,182.32472229003903,6231502,167.656974029541,190.0708934485559,145.24305461052612,8.280672318537029,6.578134263315055,1.7025380552219742,87.21269390646582,-0.0179913339749749,0.0266704334974361,0.0279691017206473,0
2023-12-12 00:00:00+05:30,183.37169673034003,184.76768402104656,176.74080654808617,179.33334350585938,5245402,169.39197540283203,189.5616094537536,149.22234135191047,7.994085922243443,6.861324595100733,1.1327613271427095,79.39147058101408,-0.0164068742110631,0.0118144120313108,0.0280809500953708,0
2023-12-13 00:00:00+05:30,178.7350586942194,183.47141310871055,176.890367204699,181.7264404296875,5989493,170.3990737915039,190.93537868833923,149.86276889466856,7.869354045313202,7.062930485143227,0.806423560169975,81.73457326605211,0.0133444058814971,0.0108153013241334,0.0280579665436755,0
2023-12-14 00:00:00+05:30,182.47429140371088,186.81180113781377,182.47429140371088,183.82041931152344,4556119,171.60061264038086,192.3343263858916,150.86689889487016,7.848991442334096,7.220142676581402,0.6288487657526947,80.74795267422988,0.0115226979457958,0.0073770961317909,0.0141335606430654,0
2023-12-15 00:00:00+05:30,185.46566129102388,191.44842455847623,185.06681649250856,186.86163330078125,15470345,173.01653289794922,193.8631888979693,152.16987689792913,7.986194605042471,7.373353062273616,0.6128415427688543,81.392252173115,0.0165444840167827,0.0064446606261618,0.01371723969441,0
2023-12-18 00:00:00+05:30,186.96134946080065,197.9297486291676,184.76767267011795,196.48391723632807,22810170,174.9684097290039,196.95578212234372,152.98103733566404,8.77026879740697,7.652736209300287,1.117532588106683,83.55031257470282,0.0514941658465459,0.0776592157577229,0.0162618105336607,0
2023-12-19 00:00:00+05:30,198.42831968084857,208.59901443054449,197.43119244627144,207.15318298339844,38212033,177.5011131286621,202.0510177857933,152.95120847153086,10.135735374696369,8.149336042379504,1.9863993323168625,85.62566128648885,0.0543009621201591,0.1551292076179358,0.0183557038662646,0
2023-12-20 00:00:00+05:30,209.14743412526397,212.0889563774795,193.5423992383712,196.03521728515625,29308072,179.39565505981446,203.50007135663645,155.29123876299246,10.203135168727728,8.56009586764915,1.643039301078577,69.87342746402173,-0.0536702624508221,0.0787380021401178,0.0231767289474031,0
2023-12-21 00:00:00+05:30,195.2873740841475,219.6671318149895,192.69483720013048,217.2740173339844,65582002,182.37706451416017,209.6912136113801,155.06291541694023,11.833929482263072,9.214862590571936,2.619066891691139,77.13005363513521,0.1083417578890113,0.1819906523320817,0.0314284478269665,0
2023-12-22 00:00:00+05:30,217.37373540937256,231.33351658245152,217.22417241135688,225.94903564453125,47676684,185.5903076171875,217.4043076061172,153.7763076282578,13.668781992201758,10.1056464708979,3.563135521303858,78.8004856898335,0.0399266254520069,0.2091783190230018,0.0315422458288086,0
2023-12-26 00:00:00+05:30,228.3421348252864,237.56556166866585,228.3421348252864,232.57992553710935,24458460,189.04535369873048,225.429236479884,152.661470917577,15.479534782106356,11.180424133139592,4.299110648966764,80.6629965977152,0.0293468386517481,0.1837097346617202,0.031599218070953,0
2023-12-27 00:00:00+05:30,233.8263427864099,238.762119687098,228.3421428489888,234.57418823242188,18608956,192.36329498291016,232.6433656852768,152.08322428054353,16.880897270892916,12.320518760690256,4.560378510202659,80.54476111538125,0.00857452632985,0.1323706681891583,0.0316312976389646,0
2023-12-28 00:00:00+05:30,239.31053422756708,277.9990584223939,238.8618300188812,269.4736328125,109261702,197.1968688964844,249.1135971695212,145.28014062344758,20.57045722409785,13.970506453371776,6.599950770726075,85.68508217235798,0.1487778550703067,0.3746184820481462,0.0426357074640689,0
2023-12-29 00:00:00+05:30,274.45927074194464,276.85237001393085,262.2444621439834,272.8638610839844,43700728,202.21241836547853,262.76765471397204,141.65718201698505,23.49716249428741,15.875837661554904,7.621324832732505,85.70846382957292,0.012580927625833,0.2558513182206672,0.042691437072691,0
2024-01-01 00:00:00+05:30,275.00766647782723,277.60020325448824,265.3355510051587,270.72003173828125,15856420,206.99613571166992,273.353274270332,140.63899715300786,25.351373541709904,17.770944837585905,7.580428704123999,86.55669887627943,-0.0078567727407597,0.1981464358369065,0.0428961008920251,0
2024-01-02 00:00:00+05:30,272.2157396919727,274.7085578210201,264.6874411142132,268.9252319335937,11463429,211.56297912597657,281.8538132289143,141.27214502303883,26.37202353983838,19.4911605780364,6.880862961801981,87.42192471324381,-0.0066297266336856,0.1562701781443527,0.0433383960009068,0
2024-01-03 00:00:00+05:30,268.92524249321053,269.124649693419,262.4439151031916,264.7871398925781,7874797,215.94036788940429,288.1101626847611,143.77057309404745,26.541038007580624,20.901136063945245,5.63990194363538,84.19540937503454,-0.0153875187213279,0.1287991312591498,0.0440647055064526,0
2024-01-04 00:00:00+05:30,266.78138453988663,282.93485822084654,265.4851312821159,277.251220703125,28522450,220.81382675170897,295.8111752033022,145.81647830011576,27.36528042722199,22.193964936600597,5.171315490621396,85.43873358932845,0.0470720776530289,0.0288621480678841,0.0441373742403486,0
2024-01-05 00:00:00+05:30,279.89363844677024,285.87640210066706,275.8054105306255,282.48614501953125,22647293,225.81441955566407,303.3424069208821,148.28643219044602,28.11680015528995,23.37853198033847,4.738268174951482,85.67709098328606,0.0188815194505913,0.0352640466836509,0.0441070081623294,0
2024-01-08 00:00:00+05:30,285.8763903479248,288.46889681410454,265.38540741779286,267.0805358886719,28484692,229.88519210815429,307.0859507815569,152.6844334347517,27.156240807522067,24.13407374577519,3.022167061746877,75.24965208611891,-0.0545358043304893,-0.0134437626437923,0.0472093356289803,0
2024-01-09 00:00:00+05:30,270.7200455122738,273.51198961078694,267.42953779403274,269.6231994628906,6895418,234.25011596679687,309.98630094594216,158.51393098765155,26.29702655171539,24.566664306963236,1.7303622447521576,73.7220808734101,0.0095202129416072,0.0025953962158122,0.0472567860053606,0
2024-01-10 00:00:00+05:30,270.0220312020705,270.7698765954624,262.24445128275755,268.6759338378906,7033659,238.71724548339844,311.2881346207512,166.1463563460457,25.248606426206265,24.70305273081184,0.5455536953944247,79.89332151812381,-0.0035132942079428,0.0146864909938229,0.0467943944395355,0
2024-01-11 00:00:00+05:30,270.2214850854595,270.2713292760579,264.3882845797363,265.1860046386719,3768401,242.89022369384764,311.13190669745865,174.64854069023664,23.861062329915853,24.534654650632643,-0.6735923207167893,73.08988344313669,-0.012989362870604,-0.0435172694059021,0.0466685749614841,0
2024-01-12 00:00:00+05:30,265.33557493363816,267.6788301244378,260.6490645520389,261.74591064453125,3744884,246.78649826049804,309.50236664898046,184.0706298720156,22.22761074121081,24.07324586874828,-1.8456351275374665,68.16803049152215,-0.0129723814000966,-0.0734203596907947,0.0472006923651906,0
2024-01-15 00:00:00+05:30,262.6433053804797,264.28855921826295,254.91556937491757,256.2118530273437,7059095,250.25400924682617,306.33751076096667,194.17050773268565,20.25307158696586,23.309211012391795,-3.056139425425936,62.12897859963317,-0.0211428618065522,-0.0406944026271481,0.0479753844369101,0
2024-01-16 00:00:00+05:30,262.24447111136107,274.20999831035857,259.25308931161175,266.1831359863281,17876839,253.73897018432615,304.12708731746534,203.35085305118704,19.270693721114924,22.501507554136424,-3.2308138330215,64.99528321827552,0.0389181173359696,-0.0127587814528399,0.0482129782928345,0
2024-01-17 00:00:00+05:30,262.24445450184885,267.1303717126699,257.2588184847034,258.45538330078125,5661863,256.3040802001953,301.6808290567204,210.92733134367023,17.664956504052896,21.53419734411972,-3.869240840066823,42.95729975531198,-0.0290317140374505,-0.038040439242601,0.0486205328123703,0
2024-01-18 00:00:00+05:30,258.60495519721354,260.9482102919147,244.2961732494768,253.220458984375,8060046,259.16334228515626,294.6869434511852,223.6397411191273,15.787989434059623,20.3849557621077,-4.596966328048076,37.73350037408846,-0.0202546538189689,-0.0451213316125053,0.0482678367235511,0
2024-01-19 00:00:00+05:30,255.962561348933,265.2358320259996,255.1648413405348,264.0891418457031,7825737,261.5040985107422,291.0768982513221,231.9312987701623,15.004528517059043,19.308870313097973,-4.30434179603893,46.26614522167427,0.0429218196069962,0.0089523125515191,0.0463966336719798,0
2024-01-23 00:00:00+05:30,272.21572434948723,272.21572434948723,254.86571723517167,257.9568176269531,14571045,263.10448760986327,287.6050165074183,238.6039587123082,13.730525826550805,18.19320141578854,-4.462675589237737,44.11134110748002,-0.0232206601751648,0.0068106318228109,0.0418607109775446,0
2024-01-24 00:00:00+05:30,258.00667140591526,274.20998893382296,256.6106993664156,272.8638610839844,15640330,265.11868438720705,285.29510267010875,244.94226610430536,13.765068201482164,17.307574772927264,-3.5425065714450987,53.886752573564834,0.0577889105400162,0.0250982282288514,0.0426937436386291,0
2024-01-25 00:00:00+05:30,274.658717929054,284.6798347927002,270.72005305155204,281.1400451660156,19879601,267.44697723388674,282.99971342374266,251.8942410440308,14.295472858453849,16.705154390032583,-2.409681531578734,51.95001387959247,0.0303308179000074,0.0877701271899404,0.0427167450649611,0
2024-01-29 00:00:00+05:30,283.78241444229866,287.6712045354795,273.56186038167937,282.73541259765625,14765969,268.11006622314454,285.09179818547943,251.1283342608096,14.675386469050238,16.299200805836115,-1.6238143367858768,50.12972797149797,0.0056746360366362,0.1165583291794858,0.0427259194062852,0
2024-01-30 00:00:00+05:30,284.18125859575764,291.9089945751159,283.5331319866962,284.779541015625,13178452,268.7058502197266,287.16191440618286,250.24978603327037,14.96886308654578,16.03313326197805,-1.06427017543227,60.69921488309216,0.0072298280543923,0.0783462698440304,0.0284921552262273,0
2024-01-31 00:00:00+05:30,285.0786599035726,294.6510870930857,284.1812515110979,288.2196044921875,8872673,269.58082885742186,289.99440986948935,249.1672478453544,15.302630593123638,15.887032728207169,-0.5844021350835309,61.12104122235148,0.012079742330836,0.1173172593135305,0.0284839534726821,0
2024-02-01 00:00:00+05:30,289.815033829047,292.8562902488396,280.14291760505284,291.5101623535156,8338469,270.710075378418,293.3484442168112,248.0717065400248,15.65223504341884,15.840073191249504,-0.1878381478306625,63.283067422975,0.0114168426090437,0.0683355472412381,0.0284272858084823,0
2024-02-02 00:00:00+05:30,293.6539700469622,305.96849745749387,288.26948907605555,300.2350158691406,20196955,272.4824691772461,298.4710015999116,246.4939367545807,16.44376832574079,15.960812218147762,0.4829561075930293,69.21813933345962,0.0299298434235864,0.0679197824409869,0.0288655055321722,0
2024-02-05 00:00:00+05:30,301.3817111499729,303.97424808455656,286.2253647861828,292.55712890625,9518730,273.24776458740234,300.6884395977905,245.80708957701415,16.264041101736893,16.02145799486559,0.2425831068713044,66.14418799510057,-0.025572923067165,0.0347381893847533,0.0293187362805824,0
2024-02-06 00:00:00+05:30,294.7009380505423,299.337603972999,288.26948573181585,297.1937561035156,6043988,273.98314514160154,303.197246673003,244.76904361020007,16.307757371011576,16.078717870094785,0.2290395009167909,71.67719725983969,0.0158486214798458,0.0435923698859024,0.0278419413366484,0
2024-02-07 00:00:00+05:30,300.23502227024835,305.4200657331871,293.7038204984972,295.0998229980469,5534031,275.3841094970703,305.8643593788053,244.9038596153353,15.98912722176192,16.060799740428212,-0.0716725186662934,66.68584940680253,-0.0070456833714211,0.0238714452404498,0.0277087394798529,0
2024-02-08 00:00:00+05:30,296.1467800185793,296.89462542266665,285.8265073561928,288.7181701660156,4610174,276.33885803222654,307.25247264573784,245.42524341871524,15.04819822111358,15.858279436565288,-0.8100812154517065,67.73815141334458,-0.021625403794544,-0.0095776838960218,0.025136001425349,0
2024-02-09 00:00:00+05:30,288.76803717403493,289.1170377727263,263.34129410516283,269.3739013671875,12221359,276.3737564086914,307.25250333734925,245.4950094800336,12.596381142965583,15.205899777845348,-2.6095186348797643,58.12436455974735,-0.0670005243788605,-0.1027898575141686,0.029470544720564,0
2024-02-12 00:00:00+05:30,271.71716363330546,273.2626986306329,233.3277662025449,240.2577972412109,12588330,275.1273460388184,309.6991226238533,240.55556945378345,8.209241152680988,13.806568052812477,-5.597326900131488,39.87287821823048,-0.1080880663575791,-0.1787662186204951,0.0378137363600281,0
2024-02-13 00:00:00+05:30,240.05838179631357,251.82448621083708,236.31915466552985,250.0795135498047,14133581,274.54402618408204,310.434979758527,238.6530726096371,5.461969342714099,12.137648310792802,-6.675678968078703,46.75431441354318,0.0408799065893918,-0.1585303916590379,0.0390246588936757,0
2024-02-14 00:00:00+05:30,238.41313544263207,262.5435970275595,237.01714814093108,258.7046813964844,18172415,274.6686676025391,310.3079958680557,239.0293393370225,3.935351321618043,10.497188912957853,-6.561837591339808,43.84750030830924,0.0344897017922338,-0.1233316280294867,0.0397281676787113,0
2024-02-15 00:00:00+05:30,263.7401584676461,263.7401584676461,251.47549021046987,255.66342163085935,6757137,274.14268188476564,310.6102018945677,237.6751618749636,2.451828146332048,8.888116759632691,-6.436288613300643,38.40217092008479,-0.0117557198780027,-0.1144879399732599,0.0395281417474609,0
2024-02-16 00:00:00+05:30,257.45826450118835,263.14187148831144,255.8628548376437,257.5579528808594,3579879,274.09781036376955,310.6487170545531,237.546903672986,1.4127133007793873,7.393036067862031,-5.980322767082644,38.56949482242168,0.0074102553971737,-0.0438644888252245,0.0385903154779109,0
2024-02-19 00:00:00+05:30,257.906955466477,263.04215468494203,253.4697422755284,254.3173065185547,4400815,274.1526527404785,310.57472841368707,237.73057706726996,0.3239795860368986,5.979224771497004,-5.655245185460106,36.318856371405175,-0.0125822026695627,0.0585184307805355,0.0381538982853503,0
2024-02-20 00:00:00+05:30,254.26744818997577,256.9597039310096,248.48410710972271,249.38153076171875,3757137,273.4172721862793,311.26103583577816,235.57350853678045,-0.9264460865834394,4.598090599880916,-5.524536686464355,32.788353630152045,-0.0194079428742134,-0.0027910434492545,0.0381319252846848,0
2024-02-21 00:00:00+05:30,250.2789407125333,261.4467781274466,242.90020512013763,245.29330444335935,8668831,272.7840965270996,312.11167705171937,233.4565160024799,-2.22169284595185,3.2341339107143625,-5.455826756666212,29.662128171375755,-0.0163934606779907,-0.0518404880836734,0.0369716882907292,0
2024-02-22 00:00:00+05:30,248.28467738072192,264.0392752594231,246.29042294392897,262.3441772460937,15152414,272.25811233520506,311.8616227243481,232.65460194606203,-1.8509852931483124,2.217110069941828,-4.068095363090141,34.464431305796225,0.0695121819220776,0.026131057671912,0.0398420965362915,0
2024-02-23 00:00:00+05:30,264.38828483907275,265.3854120912887,259.5522115798437,262.2943115234375,4675158,271.31582565307616,310.92632712855084,231.7053241776015,-1.5434289456861734,1.4650022668162277,-3.008431212502401,36.76406324620087,-0.0001900774897301,0.0183894870633991,0.0377035379045312,0
2024-02-26 00:00:00+05:30,262.8427351119934,267.030651079805,256.51097132754774,261.696044921875,5453854,270.2638572692871,309.71459042138315,230.81312411719105,-1.3326020326061894,0.905481406931744,-2.2380834395379336,33.905978033776734,-0.0022808981181775,0.0290139059127774,0.0370057593014099,0
2024-02-27 00:00:00+05:30,261.0977755767024,263.64043788326234,250.87722130028507,252.273193359375,9683917,268.63853988647463,308.24937685667294,229.0277029162763,-1.9039183702773808,0.343601451489919,-2.2475198217673,31.793133887786965,-0.036006855072315,0.0115953358246854,0.0376443513200464,0
2024-02-28 00:00:00+05:30,253.669163198373,260.1504902437673,251.87434634238105,253.220458984375,10882873,266.888582611084,305.9455977349283,227.8315674872396,-2.2542684610992296,-0.1759725310279107,-2.078295930071319,34.177786664707924,0.0037549198643971,0.0323170441158375,0.0375967975608888,0
2024-02-29 00:00:00+05:30,253.27030499255383,271.1188755182525,250.32878283976484,269.02490234375,23977798,265.7643196105957,303.09344432414,228.43519489705133,-1.2423162875069806,-0.3892412823237247,-0.853075005183256,49.83937376556155,0.0624137694985784,0.025465497911125,0.0402437988933564,0
2024-03-01 00:00:00+05:30,271.1188912368944,274.16014758544185,266.8312562647299,271.3183288574219,7848874,264.31848526000977,298.09721182665595,230.5397586933636,-0.2523674120918144,-0.3618665082773427,0.1094990961855282,68.98233292917672,0.0085249599337886,0.0344041671417567,0.0401987542081498,0
2024-03-04 00:00:00+05:30,283.6827066985654,289.16690665231624,280.79104371802407,283.18414306640625,11993501,263.8498359680176,296.20920183427904,231.49047010175616,1.4726702182190363,0.0050408370219331,1.4676293811971033,69.73840671282966,0.0437339204430227,0.0821109014121561,0.0408651038221369,0
2024-03-05 00:00:00+05:30,283.58297776179444,288.4688950965375,282.3864433452761,284.4305419921875,6109772,263.2116752624512,293.2203200703954,233.20303045450697,2.9068406950979124,0.5854008086371291,2.3214398864607837,66.81876313054028,0.0044013725919991,0.1274703356491897,0.0405215250048523,0
2024-03-06 00:00:00+05:30,283.1342955764629,285.67695789888734,270.4707672951944,280.1429138183594,7799665,262.4638298034668,289.7482635443531,235.1793960625805,3.6553191267050806,1.1993844722507194,2.455934654454361,65.74729693756316,-0.0150744295735508,0.1063202197088095,0.0404578852126666,0
2024-03-07 00:00:00+05:30,281.1898720877511,285.17838091169085,277.6999268668038,279.19561767578125,4698074,261.9877021789551,287.6257492714225,236.34965508648773,4.124510010445704,1.7844095798897164,2.340100430555988,64.09091505302106,-0.0033814745826208,0.0378058508466085,0.0404430061769551,0
2024-03-11 00:00:00+05:30,280.74115015988855,280.74115015988855,266.2828058025387,268.3269348144531,4953456,261.9353538513184,287.5141075920371,236.3566001105997,3.578089306370771,2.1431455251859277,1.4349437811848436,58.29887276661632,-0.0389285582338526,-0.0110254034645065,0.0410381126890324,0
2024-03-12 00:00:00+05:30,268.2770676319188,268.3269422510983,252.92131445761495,255.36428833007807,7588996,262.69067840576173,286.39787114844364,238.9834856630798,2.0751487012180405,2.12954616039235,-0.0543974591743094,53.236243123253686,-0.0483091512722664,-0.0982394509632003,0.0397556497123899,0
2024-03-13 00:00:00+05:30,255.96256927881623,258.05651209470454,230.33638757959903,234.374755859375,12151483,261.9054405212402,288.2635620567437,235.5473189857367,-0.800395943800595,1.5435577395537612,-2.343953683354356,45.006837043349286,-0.0821944705266404,-0.1759859745799992,0.0365671548861848,0
2024-03-14 00:00:00+05:30,241.80336022101835,264.78713136078454,236.41887911032592,261.9453430175781,23144188,262.0674736022949,288.3825557317473,235.75239147284253,-0.8448311380320206,1.065879964036605,-1.9107111020686256,49.833617618174266,0.1176346277444038,-0.0649581692170885,0.043995770428077,0
2024-03-15 00:00:00+05:30,261.2473249707401,274.80826090253095,255.0152800048351,270.3710327148437,39164127,262.80285415649416,289.1863353186952,236.4193729942932,-0.1978825407046542,0.8131274630883533,-1.0110100037930074,53.1492972870573,0.0321658312386954,-0.0316071757658644,0.0439157535389106,0
2024-03-18 00:00:00+05:30,270.42091169755497,273.1131369083387,262.9424576177543,268.4765014648437,7535501,263.34878158569336,289.7271575815585,236.9704055898282,0.1601103921382218,0.6825240488983271,-0.5224136567601052,52.61739533222409,-0.007007153210818,0.0005574045352325,0.0438481386116281,0
2024-03-19 00:00:00+05:30,269.22434748835224,272.0661661311553,258.50522994946414,259.8014831542969,5949736,263.6229904174805,289.71856735851463,237.5274134764464,-0.2532596868705354,0.4953673017445545,-0.74862698861509,52.922950195375215,-0.0323120208406129,0.0173759410653511,0.0445104920016887,0
2024-03-20 00:00:00+05:30,260.9980564273491,264.1390011637023,250.1792197311029,255.16485595703125,7715028,263.9121566772461,289.46581299556215,238.3585003589301,-0.9441123777633038,0.2074713658429829,-1.1515837436062868,50.73391016517529,-0.0178468080357798,0.0887045194838744,0.0446075276034952,0
2024-03-21 00:00:00+05:30,261.2473485481435,274.2100032470972,260.69894071361324,272.6145935058594,12123658,265.2782211303711,289.5288750545386,241.0275672062036,-0.0826177598637514,0.149453540701636,-0.2320713005653874,51.33830227083706,0.0683861321081245,0.0407308271465061,0.0466577321042376,0
2024-03-22 00:00:00+05:30,273.01342886565914,274.45927555005704,266.23297573793,268.0776672363281,11447912,265.5648956298828,289.80506309683585,241.32472816292977,0.2313638794950065,0.1658356084603101,0.0655282710346964,48.81170059196759,-0.0166422721952841,-0.008482289894326,0.0466635387082862,0
2024-03-26 00:00:00+05:30,268.07765671947914,284.92910049664107,266.48224709615863,281.73828125,20516082,266.53709411621094,291.7645246694232,241.30966356299865,1.564459855815528,0.4455604579313538,1.1188993978841744,49.47671308042789,0.050957672656966,0.0493964265505479,0.0455483640679506,0
2024-03-27 00:00:00+05:30,283.13430294344823,290.86203935295345,282.1870198567708,284.1812744140625,20697044,267.66135559082034,293.9616958420584,241.36101533958225,2.7859623135324227,0.9136408290515676,1.8723214844808551,49.91055965478304,0.0086711438474869,0.093840077291962,0.0455450388654814,0
2024-03-28 00:00:00+05:30,286.1755217951822,289.6156229922097,272.51486624832665,277.251220703125,14832318,268.91025695800784,294.4963855840855,243.32412833193015,3.158406252882173,1.3625939138176888,1.7958123390644845,48.98173320389042,-0.024386032208583,0.0865572363531637,0.0459701718755415,0
2024-04-01 00:00:00+05:30,279.3451793364952,311.75181337622564,279.3451793364952,308.9598693847656,35423166,271.69722747802734,301.8269295476649,241.56752540838977,5.943678678510651,2.278810866756281,3.6648678117543696,58.61471993007284,0.1143679317307446,0.1333210941186282,0.0509150541978012,0
2024-04-02 00:00:00+05:30,308.1123046875,312.7988146977517,303.8246699010284,308.1123046875,21092431,273.65159759521487,307.84784322716683,239.4553519632629,7.990525945776596,3.4211538825603443,4.569372063216252,62.22426217210905,-0.0027432841001434,0.1493396964540083,0.0509803636846155,0
2024-04-03 00:00:00+05:30,306.5667888044654,313.3970862036919,305.2206609150883,310.5552978515625,12997372,275.6134460449219,313.5442202071381,237.68267188270565,9.698003732981078,4.676523852644491,5.021479880336587,68.12970873957704,0.0079289049054378,0.1022829289428075,0.0495783130322047,0
2024-04-04 00:00:00+05:30,320.07783027075345,323.0692118620689,310.60512189825454,313.048095703125,14501703,277.1066436767578,318.4867227738201,235.72656457969555,11.12410833808957,5.966040749733508,5.158067588356063,79.41834038332414,0.0080269049306445,0.1015789001178257,0.0495781672057062,0
2024-04-05 00:00:00+05:30,312.00110714303844,325.46232487583416,306.11806251616866,321.47381591796875,20958999,278.95880737304685,324.79529771555696,233.12231703053675,12.786793520619767,7.33019130391076,5.456602216709007,75.97910302174056,0.0269150981286727,0.1595036988572771,0.0491051973194886,0
2024-04-08 00:00:00+05:30,325.1133094206762,331.79407379221175,319.3299838676358,330.3981018066406,17356080,281.47156677246096,332.7663658945441,230.17676765037783,14.65565749781672,8.795284542691952,5.860372955124767,76.08318647205392,0.027760537396144,0.0693884045994877,0.0493034462507338,0
2024-04-09 00:00:00+05:30,333.14022079312923,365.3474188427786,330.4978396627868,357.320556640625,60120542,285.3778137207031,346.8350423151924,223.9205851262139,18.100511341376432,10.656329902428848,7.444181438947584,81.70817830909581,0.0814848956055451,0.1597088178709189,0.0514709307090239,0
2024-04-10 00:00:00+05:30,358.66668245736014,362.6551914402392,350.390508059941,356.8219909667969,18813514,289.8025665283203,358.4169370327608,221.18819602387984,20.553425651194686,12.635749052182014,7.917676599012672,86.77248346771526,-0.0013952896483634,0.1489805307953517,0.051441365503441,0
2024-04-12 00:00:00+05:30,356.32343668539545,375.916981491476,353.980181510541,361.3589172363281,24343182,295.1022979736328,368.709004607732,221.4955913395336,22.60291758322353,14.629182758390318,7.973734824833212,90.2798642523985,0.0127148168677568,0.1543239591497724,0.0500515109072478,0
2024-04-15 00:00:00+05:30,358.9658099602474,364.2505722126986,348.84497445984994,352.7337646484375,15741753,301.02024841308594,373.0850705839852,228.95542624218672,23.263015413748064,16.35594928946187,6.907066124286196,82.5699081686505,-0.0238686584901675,0.0972394863364094,0.0487626859671604,0
2024-04-16 00:00:00+05:30,349.991673640446,366.8431185075226,348.44613853565,356.42315673828125,11856229,305.74413909912107,379.3929351073393,232.0953430909028,23.809390970029767,17.846637625575447,5.96275334445432,86.16324938770299,0.0104594242445741,0.0787687786017345,0.0432575943956019,0
2024-04-18 00:00:00+05:30,359.46436538374377,365.8958481707559,351.1383469511484,354.4787292480469,10582705,309.94952392578125,384.69088550350887,235.20816234805363,23.811019871371,19.03951407473456,4.771505796636443,82.93450430894522,-0.0054553904634825,-0.007953159536344,0.0374618043779129,0
2024-04-19 00:00:00+05:30,353.9801823494411,363.9514550916789,345.504600518539,363.0540466308594,13850416,314.678401184082,390.3336038187597,239.0231985494044,24.22501632465338,20.076614524718323,4.148401799935058,83.83230193694122,0.024191345418675,0.0174654472589455,0.037320865172001,0
2024-04-22 00:00:00+05:30,370.2333236357322,392.8681236418852,370.2333236357322,377.9610595703125,38708175,320.5863800048828,396.6511106825823,244.5216493271833,25.46246738351016,21.15378509647669,4.3086822870334665,90.43231899882576,0.0410600379689749,0.0459436353776945,0.0373922893684778,0
2024-04-23 00:00:00+05:30,380.4538792602624,380.6034726874408,370.03391805164506,370.9811706542969,8476391,326.37719573974607,399.0288427749957,253.7255487044964,25.585009497479177,22.04002997667719,3.544979520801988,81.06890483132436,-0.0184672170301108,0.0517313845019804,0.0365917376900707,0
2024-04-24 00:00:00+05:30,373.8230022230148,380.8028930156608,371.13077688951097,378.5593566894531,11212331,331.67443389892577,403.2625680385405,260.0862997593111,25.993978877353697,22.83081975681249,3.1631591205412057,83.06034735857676,0.0204274142048521,0.0621065144973909,0.0356732953903551,0
2024-04-25 00:00:00+05:30,379.107772196082,385.7885061531866,373.6235726165642,379.7060241699219,14965329,337.25585174560547,405.28452981750576,269.2271736737052,26.1096408528785,23.486583976025692,2.623056876852804,82.8517015118912,0.0030290295569406,0.0711673024087777,0.0340112314266957,0
2024-04-26 00:00:00+05:30,383.6446944331879,395.8595027679677,382.9965678320178,389.8767395019531,29035791,342.66277465820315,409.2875540343557,276.0379952820506,26.714052559871902,24.132077692794937,2.5819748670769656,84.01763956979902,0.0267857623651495,0.0738807158879188,0.03321062001463,0
2024-04-29 00:00:00+05:30,393.8652581026761,400.4961481341192,384.8911129813493,387.7827758789063,13277520,347.8428497314453,411.3602007168042,284.32549874608645,26.716121014966973,24.648886357229344,2.067234657737629,81.10381872849528,-0.0053708349611258,0.0259860534832865,0.032729148984418,0
2024-04-30 00:00:00+05:30,393.8652584095693,396.25835769113945,383.6447042356501,384.89111328125,7723438,353.22484436035154,409.3707713934138,297.0789173272893,26.182610440485234,24.955631173880523,1.2269792666047117,77.0946852065802,-0.0074569134513576,0.0374950097936783,0.0330923993039223,0
2024-05-02 00:00:00+05:30,384.8911143449062,393.8652594980258,383.69454948586025,390.3254699707031,9706243,357.2931243896484,411.6985898553512,302.88765892394565,25.89975043353445,25.14445502581131,0.7552954077231391,70.87010268853537,0.0141192054114329,0.0310812903533703,0.0318412886725591,0
2024-05-03 00:00:00+05:30,391.87099205826496,392.2199926664357,373.52385754915207,386.4865112304688,12628632,361.2118347167969,411.8626718599062,310.5609975736876,25.076740894012573,25.130912199451565,-0.0541713054389916,67.99755748664043,-0.0098352760339275,0.0178572017006306,0.0231872476528114,0
2024-05-06 00:00:00+05:30,389.4778946510122,391.37243026567984,368.9869122097308,376.6149597167969,14724178,364.5148178100586,409.56248210365055,319.4671535164667,23.358683830401844,24.77646652564162,-1.4177826952397758,58.69317379530916,-0.025541775008508,-0.0340153141787773,0.0243650820388312,0
2024-05-07 00:00:00+05:30,377.9112213319874,379.7060381795428,360.7606207512901,365.347412109375,10200797,367.1297836303711,405.1166125970167,329.1429546637255,20.84759619273126,23.990692459059552,-3.1430962663282926,56.977373891247744,-0.029917950194795,-0.057855493242787,0.0258699837279745,0
2024-05-08 00:00:00+05:30,364.7491351259338,375.7175348533172,362.5554734384023,368.8872375488281,6802052,369.5004547119141,400.8237794999942,338.17712992383395,18.925019631974408,22.97755789364253,-4.052538261668119,56.90606688497447,0.0096889298298721,-0.0415802682373895,0.0258723576490148,0
2024-05-09 00:00:00+05:30,369.9342004974652,372.0281737560739,353.9801648964963,356.5228271484375,5815664,370.8066909790039,397.0274760677818,344.585905890226,16.216722982552824,21.625390911424585,-5.408667928871761,51.01534700307329,-0.0335181300457813,-0.0866011711323956,0.0270173913402486,0
2024-05-10 00:00:00+05:30,360.0127630610697,373.7232620486176,355.12684587148857,371.8786010742188,10615790,371.5345932006836,396.9757194570522,346.093466944315,15.134994205916769,20.327311570323022,-5.192317364406254,54.10671613535264,0.0430709417643766,-0.0377966881942202,0.0278481478244844,0
2024-05-13 00:00:00+05:30,369.385784977239,369.385784977239,353.4317497096336,365.7462463378906,9525604,371.9808059692383,396.6363443793073,347.32526755916933,13.625816647467277,18.987012585751877,-5.361195938284599,43.81001044513859,-0.0164902059936066,-0.028858952886734,0.0222070176043308,0
2024-05-14 00:00:00+05:30,369.5353477187013,381.9994377629781,369.5353477187013,378.1604919433594,9772990,372.8208847045898,397.0945582527472,348.54721115643247,13.278442806412102,17.84529862988392,-4.566855823471819,53.44827384030516,0.0339422365363115,0.0350709472937185,0.0233009574544242,0
2024-05-15 00:00:00+05:30,383.7942696008726,387.8824973816221,376.5650970918321,382.4980163574219,10330102,374.3090972900391,396.9951109809184,351.62308359915977,13.200975872161166,16.91643407833937,-3.715458206178205,51.952546561749806,0.011470062331927,0.0368968547110337,0.0232766514618448,0
2024-05-16 00:00:00+05:30,385.8383992718645,386.287088273759,372.4270256669157,376.7146606445313,6102087,375.3236724853516,396.3994999497127,354.24784502099044,12.52849362039882,16.038845986751262,-3.5103523663524427,48.582241724596685,-0.0151199626287379,0.0566354577001233,0.0228466391835414,0
2024-05-17 00:00:00+05:30,377.4126597592581,385.0905516674072,375.7674059017714,382.8470153808594,10061695,376.74208679199216,395.6142659123241,357.86990767166026,12.348035896469868,15.300683968694983,-2.9526480722251165,46.53564428744512,0.0162785136257668,0.0294946100016428,0.0229716881121749,0
2024-05-21 00:00:00+05:30,393.8652545115593,400.2468626758916,386.4865191206155,398.0033264160156,23674398,378.48955078125,398.4651211062048,358.51398045629514,13.274983734982811,14.89554392195255,-1.6205601869697386,54.462333971735326,0.0395884267768906,0.088195245750587,0.0241505550791413,0
2024-05-22 00:00:00+05:30,404.4846443291851,414.60547936662016,380.0550278243864,381.8997192382813,53472984,378.6864837646484,398.71769882898747,358.65526870030936,12.565324816676764,14.429500100897393,-1.8641752842206287,48.82903662333641,-0.0404609864011588,0.0098879374619651,0.0257571372260458,0
2024-05-23 00:00:00+05:30,379.8057648596211,379.8057648596211,368.1892384396531,373.1250305175781,11769601,378.7936767578125,398.6736513202535,358.91370219537146,11.16615448624782,13.77683097796748,-2.6106764917196603,43.438578583761895,-0.0229764209782732,-0.024504665224421,0.0247635455534166,0
2024-05-24 00:00:00+05:30,373.9227278673855,380.8028999741635,368.9869356875722,370.5325012207031,7119785,378.392333984375,398.6133974724176,358.17127049633245,9.735877337742297,12.968640249922444,-3.2327629121801493,43.85562208680906,-0.006948151651147,-0.0164107216142076,0.0244673197553466,0
2024-05-27 00:00:00+05:30,373.9227207763327,378.40979342564873,361.1595040791308,367.3416748046875,10914259,377.7741165161133,398.5738210708526,356.974411961374,8.249800799741024,12.02487235988616,-3.775071560145136,46.23482148587923,-0.0086114616275322,-0.0405000952162237,0.0240861918907836,0
2024-05-28 00:00:00+05:30,370.7319023572686,376.2659768971861,368.5382406475854,372.7760314941406,8670446,376.9190811157226,397.0181372887042,356.82002494274104,7.424990931237801,11.104896074156487,-3.679905142918688,53.16617608611673,0.0147937385333218,-0.0633846333623503,0.0243240420606618,0
2024-05-29 00:00:00+05:30,371.7290062943089,379.905461469017,366.5938073236881,375.966796875,8270469,376.32828216552736,395.7665699060106,356.8899944250441,6.948691082521918,10.273655075829575,-3.324963993307657,53.0264070758408,0.0085594703287932,-0.0155352886226645,0.0236129553517993,0
2024-05-30 00:00:00+05:30,371.9284702056208,374.1720065540461,350.58995279991285,353.38189697265625,17523289,374.7528213500976,396.2658351589911,353.2398075412042,4.69468988596185,9.157862037856033,-4.463172151894181,48.76519837065021,-0.0600715278318917,-0.052912916395706,0.0268594182046848,0
2024-05-31 00:00:00+05:30,357.9686638745526,363.3531446546508,352.48446428873075,354.8775634765625,16814960,372.9804260253906,394.9279095721167,351.0329424786645,2.9945462207524542,7.925198874435316,-4.930652653682862,42.49889049987828,0.0042324366831445,-0.0422498369038238,0.0269067677488025,0
2024-06-03 00:00:00+05:30,372.9255837300207,375.9169654176946,357.6196746754406,369.4356384277344,13759533,372.1278823852539,393.1724552825443,351.08330948796345,2.789726864106399,6.898104472369533,-4.108377608263134,51.51516063003732,0.0410228102575815,0.0057003159909918,0.0283879336511312,0
2024-06-04 00:00:00+05:30,368.9370633730304,368.9370633730304,277.10164232311354,297.7421875,35052909,368.1842437744141,407.4021337865373,328.96635376229085,-3.12167158749088,4.89414926039745,-8.01582084788833,27.78848535023708,-0.1940620867896002,-0.2012839819486087,0.0506175793302128,0
2024-06-05 00:00:00+05:30,304.12379372609206,325.71159135870045,285.8763782744893,320.0279846191406,16878845,365.9182723999023,410.6725463323465,321.16399846745816,-5.939750130235439,2.727369382270872,-8.66711951250631,34.30217292212289,0.0748493094185405,-0.1487865756253409,0.0538155111461668,0
2024-06-06 00:00:00+05:30,324.0663412182024,349.69252252649704,323.4182146217475,336.3309936523437,17041987,364.29046020507815,410.9190842941594,317.6618361159969,-6.77943202711333,0.8260091003940317,-7.605441127507362,40.361724839965646,0.0509424482130993,-0.0482506417741932,0.0549168676224861,0
2024-06-07 00:00:00+05:30,336.7298812145113,342.5132070361718,331.24568139297145,339.3223876953125,8659828,363.43043823242186,411.280778476002,315.58009798884177,-7.121414250275279,-0.7634755697398306,-6.357938680535449,39.453963284916135,0.0088941967865765,-0.0438325140334697,0.0549084135168741,0
2024-06-10 00:00:00+05:30,339.02327431092505,340.0204015883101,334.1373567377201,335.6828918457031,5430581,361.6206527709961,410.8439034785292,312.397402063463,-7.598523475795162,-2.130485150950897,-5.468038324844265,34.00716112692204,-0.0107257757860568,-0.0913629955292839,0.0544864137244977,0
2024-06-11 00:00:00+05:30,336.0318670891874,344.3080106941985,327.3070040712931,328.8525390625,10963290,359.7759674072266,411.0699219508522,308.48201286360097,-8.430605587033028,-3.3905092381673234,-5.0400963488657045,35.70660085741481,-0.0203476344762386,0.1044875495263835,0.0536538651810323,0
2024-06-12 00:00:00+05:30,328.5534179096696,336.48059145456705,328.1545731089626,334.4364624023437,5202379,357.58976593017576,409.3098458217256,305.869686038626,-8.541005315599023,-4.420608453653664,-4.120396861945359,39.39310069244747,0.016980021975085,0.045022555762898,0.053772035409321,0
2024-06-13 00:00:00+05:30,336.03187410731084,337.8266909365143,330.44795557325523,334.9350280761719,3797084,355.2116165161133,406.4813797794423,303.9418532527843,-8.490395814818498,-5.234565925886631,-3.255829888931867,40.12720243679404,0.0014907635078029,-0.0041505707250246,0.0531272478643084,0
2024-06-14 00:00:00+05:30,335.0347509982074,340.6186696008259,332.2428069118524,335.9321594238281,4342044,353.1724914550781,404.0840802667535,302.2609026434027,-8.274444607672422,-5.842541662243789,-2.4319029454286323,41.18140686286522,0.0029770888801439,-0.0099911718012799,0.0530334700559493,0
2024-06-18 00:00:00+05:30,335.1344750269801,337.6771373441554,330.9465284023174,331.9935302734375,4235765,350.629817199707,400.3672733531966,300.89236104621745,-8.325149040194049,-6.339063137833842,-1.986085902360207,38.45284720279255,-0.0117244778146454,-0.0109906154346449,0.0530052838669727,0
2024-06-19 00:00:00+05:30,332.3923773308394,336.03188573426434,324.4652034627708,325.8611755371094,5175648,347.02270965576173,392.5826893808558,301.46272993066765,-8.759191933071122,-6.823088896881298,-1.936103036189824,36.04554805947853,-0.0184713079537344,-0.0090963674293604,0.0528651299603831,0
2024-06-20 00:00:00+05:30,326.06060259806645,337.0290020738424,321.82281189151666,332.89093017578125,6621282,344.5722702026368,387.425358645534,301.71918175973946,-8.438656029726701,-7.146202323450379,-1.292453706276322,43.75190063012519,0.0215728511599606,-0.0046213029986639,0.0522273682207536,0
2024-06-21 00:00:00+05:30,334.0376243665022,335.88231584077647,329.1018323718099,330.1488342285156,3982390,342.4234603881836,383.5222293786443,301.32469139772286,-8.310099588088008,-7.378981776377905,-0.9311178117101032,42.516606296087176,-0.0082372203586852,-0.0142899172867871,0.0516670763352799,0
2024-06-24 00:00:00+05:30,323.8170618493873,331.8439237278864,321.72308861980696,331.0462341308594,7153557,340.4491470336914,379.6104375233548,301.28785654402805,-8.043089283049198,-7.511803277712164,-0.5312860053370345,37.33552565344751,0.0027181677149967,-0.0145443809290209,0.0515370221790722,0
2024-06-25 00:00:00+05:30,334.03762714268964,342.8123347285043,327.05773642627526,328.603271484375,12994795,338.5122268676758,375.8632367713079,301.1612169640437,-7.937114249099579,-7.596865471989648,-0.3402487771099318,68.74620907094246,-0.0073795210294362,-0.0102118218577036,0.0515382190585244,0
2024-06-26 00:00:00+05:30,329.0520003073971,330.64741003123305,321.12482630984607,321.92254638671875,5586698,335.9695526123047,370.30112642602217,301.63797879858726,-8.296569267338384,-7.736806231059395,-0.5597630362789889,51.420045281513495,-0.0203306712908788,-0.0120868315898593,0.0516504026713319,0
2024-06-27 00:00:00+05:30,322.0721023504121,326.0606113578475,312.898519461347,318.7317199707031,7253387,333.10779876708983,362.6024590747672,303.6131384594124,-8.73818463085621,-7.937081911018758,-0.8011027198374521,33.581422839152935,-0.0099117829795697,-0.04253408225211,0.0514610841275806,0
2024-06-28 00:00:00+05:30,318.7317069382922,324.6147513977298,317.0864531259785,317.7844543457031,6388899,331.3279266357422,359.9547382007166,302.7011150707678,-9.060164471152405,-8.161698423045488,-0.8984660481069167,29.11026799641733,-0.0029719841661415,-0.0374509269787527,0.051358835315544,0
2024-07-01 00:00:00+05:30,319.08072192728633,324.8640478402548,318.2830322944317,321.2744140625,5551602,329.64776916503905,356.33357163509794,302.96196669498016,-8.930776796299313,-8.315514097696253,-0.6152626986030594,35.984501932211984,0.0109821599800483,-0.0295179919325004,0.049981899015889,0
2024-07-02 00:00:00+05:30,322.57067584977835,326.4594661650765,314.693376404962,316.63775634765625,7730054,327.0078750610352,346.63295208762645,307.3827980344439,-9.097505281330086,-8.47191233442302,-0.6255929469070658,37.58868459046325,-0.0144320789701658,-0.0364132562730366,0.0500087995542347,0
2024-07-03 00:00:00+05:30,322.0720980390133,326.6090148022745,321.423971419963,324.365478515625,8561995,328.3390396118164,342.4401343007981,314.23794492283474,-8.508001268666362,-8.47913012127169,-0.028871147394673,40.194175565042926,0.0244055612858877,0.0075885710905492,0.0493866621951791,0
2024-07-04 00:00:00+05:30,327.0577330888687,327.95514151441137,324.0663513837876,325.5620422363281,4884103,328.6157424926758,342.23925876285244,314.99222622249914,-7.853729494487254,-8.354049995914803,0.5003205014275487,40.996179589769085,0.003688936708613,0.0214296909835418,0.0236727003554908,0
2024-07-05 00:00:00+05:30,326.0605991667261,330.7471092472018,321.8726526935391,329.84967041015625,6216734,328.2916763305664,341.44260608779723,315.1407465733356,-6.909589196070101,-8.065157835945863,1.155568639875762,44.50449128956176,0.0131699265196145,0.0379666654534582,0.0175437639876194,0
2024-07-08 00:00:00+05:30,332.5419216560046,342.7624754700197,330.1986666468099,341.26678466796875,14693579,328.3888961791992,341.90680506609766,314.87098729230075,-5.180369429495386,-7.488200154655768,2.3078307251603825,57.3809276282103,0.0346130837227023,0.0622283310789246,0.0154881881543257,0
2024-07-09 00:00:00+05:30,344.35790410266407,347.7979748794879,340.5688022701903,346.6014404296875,14511825,328.93482360839846,344.43028643049945,313.43936078629747,-3.3409754840419623,-6.658755220533007,3.317779736491045,66.72026728140077,0.0156319220076135,0.0946307996483282,0.0157319495152324,0
2024-07-10 00:00:00+05:30,346.9005686807568,346.9005686807568,323.2686708077115,332.9906616210937,14441088,329.1417297363281,344.7427171994144,313.54074227324185,-2.94754120969651,-5.916512418365708,2.968971208669198,50.07268806145299,-0.0392692505597214,0.0265909403951976,0.0178920948481668,0
2024-07-11 00:00:00+05:30,336.5304474564631,338.8238279634621,331.44509238669474,332.841064453125,4854382,329.0619598388672,344.56496440519857,313.55895527253585,-2.617638447358445,-5.256737624164256,2.6390991768058107,52.0392637855286,-0.0004492533431432,0.02235832582569,0.0172902353033671,0
2024-07-12 00:00:00+05:30,333.0404966644587,334.53618751774223,327.5562968690859,329.30126953125,4458195,328.78027191162107,344.0367276089678,313.52381621427435,-2.611713787472752,-4.727732856825956,2.116019069353204,48.729127928246704,-0.0106350907382508,-0.0016625782230563,0.0170398123593593,0
2024-07-15 00:00:00+05:30,330.0491174704941,335.48347311742486,326.7087351200829,330.6473999023437,3941525,328.5160339355469,343.4301570895504,313.6019107815434,-2.46992522049527,-4.276171329559818,1.8062461090645483,51.51292703111955,0.0040878383888709,-0.0311175456936337,0.0170651371305988,0
2024-07-16 00:00:00+05:30,330.69724271784605,334.03762505437146,327.1574531914721,328.1047058105469,2662124,328.3215927124023,343.1459513452808,313.4972340795239,-2.533526011861454,-3.927642266020146,1.3941162541586918,54.87418319288991,-0.007690047139484,-0.0533660062006953,0.0171159423955917,0
2024-07-18 00:00:00+05:30,327.4565763990641,327.4565763990641,317.03661509863895,319.2801513671875,3983681,327.99254150390624,343.33011941691154,312.65496359090093,-3.2584366614121905,-3.7938011450985543,0.5353644836863642,50.39711985899825,-0.0268955436696931,-0.041173858111094,0.0178944764451924,0
2024-07-19 00:00:00+05:30,316.9867318048949,316.9867318048949,305.81892538722485,306.9157409667969,5548551,326.693782043457,344.487322821275,308.90024126563907,-4.7755881519869945,-3.990158546476243,-0.7854296055107515,43.24658371713421,-0.0387258974522689,-0.0778910004056283,0.0193315171973872,0
2024-07-22 00:00:00+05:30,303.9243789131357,323.76723587712047,300.7335899155947,321.4239807128906,9508278,326.2575393676758,344.1220894495092,308.3929892858424,-4.752464489335978,-4.14261973504819,-0.6098447542877876,50.08174243311248,0.0472710839150583,-0.0239212221367152,0.021620672937734,0
2024-07-23 00:00:00+05:30,320.9752397817775,322.4210863945861,301.78054117054927,311.8515319824219,11044851,325.2978042602539,344.1160755184348,306.47953300207297,-5.443802663885151,-4.402856320815582,-1.0409463430695691,47.51809346027478,-0.0297813769502757,-0.0568456546928033,0.0224541237533989,0
2024-07-24 00:00:00+05:30,309.30887412893844,315.09219980143206,307.76330868842354,309.9570007324219,3699538,324.36549072265626,344.30822347689303,304.4227579684195,-6.074542442647157,-4.737193545181897,-1.33734889746526,42.0473483412921,-0.0060751064391333,-0.0553107125766242,0.0224344855896838,0
2024-07-25 00:00:00+05:30,305.1209407989599,309.458450455123,304.7719401728486,308.0126037597656,3728928,323.6699935913086,344.9001083040718,302.43987887854536,-6.654594820491411,-5.1206738002438,-1.533921020247611,40.39302623181966,-0.0062731184263032,-0.0352904731445822,0.0224247129527399,0
2024-07-26 00:00:00+05:30,309.10944596467914,316.9867451145715,309.0596017743902,314.4939270019531,3964899,323.4581039428711,344.9783520247134,301.9378558610288,-6.5161873385653735,-5.399776507908115,-1.1164108306572589,41.79106522975463,0.0210423961976653,0.0246914218582749,0.0226275219615896,0
2024-07-29 00:00:00+05:30,317.3855792593037,320.0778349024085,313.8457898303211,314.89276123046875,3145736,323.3135192871094,345.0322079153513,301.59483065886747,-6.301674047162692,-5.58015601575903,-0.7215180314036616,34.01814358195199,0.0012681778383376,-0.020319639710566,0.0225354223616361,0
2024-07-30 00:00:00+05:30,314.8927714895593,320.5265647621993,312.7988286210441,317.3855895996094,3831964,323.1190780639648,344.9837723747662,301.25438375316344,-5.862936025338343,-5.636712017674893,-0.2262240076634496,31.664588636141644,0.0079164359301233,0.0177458086609605,0.0225968967837516,0
2024-07-31 00:00:00+05:30,318.2331431059717,324.4651881708305,318.2331431059717,320.6761169433594,3814938,323.32099609375,345.0075341554344,301.63445803206565,-5.189889114432219,-5.547347437026359,0.3574583225941392,41.12149285953484,0.0103676015911784,0.0345825910871779,0.0225826057040226,0
2024-08-01 00:00:00+05:30,325.0634803831671,328.7528633447554,316.3386170293244,318.5821533203125,6419350,323.0318298339844,344.8137466556109,301.24991301235787,-4.770468956279558,-5.391971740876999,0.6215027845974408,40.00001712193902,-0.0065298396494452,0.0343153151251907,0.0223924388740468,0
2024-08-02 00:00:00+05:30,311.4526947520687,314.6434836134819,307.3146228551329,309.2590026855469,5220719,322.2166778564453,344.8051978328696,299.628157880021,-5.131226216838911,-5.339822636069381,0.2085964192304699,36.99871678782813,-0.0292645100725144,-0.0166455497767806,0.0225931121882539,0
2024-08-05 00:00:00+05:30,299.1381671586991,303.07683186491846,286.2752320568566,288.5187683105469,9200604,320.15013275146487,346.96536889168715,293.3348966112426,-7.009886912811737,-5.673835491417853,-1.3360514213938846,28.165389145068065,-0.067064286552358,-0.0837554754096708,0.0266157918958299,0
2024-08-06 00:00:00+05:30,294.1525446431885,296.1467991831424,281.28960894646826,282.83514404296875,5590600,317.22855072021486,346.9334246311669,287.52367680926284,-8.85528185079886,-6.310124763294054,-2.545157087504806,27.27729762468977,-0.0196993225115273,-0.1088595282483586,0.0264353451307875,0
2024-08-07 00:00:00+05:30,288.56860731772565,296.6453437719519,284.77953610705526,295.3490905761719,3860469,314.6659332275391,342.48454397966145,286.8473224754167,-9.201925661663664,-6.888484942967976,-2.3134407186956896,38.41699372085501,0.0442446661837114,-0.0789800831087803,0.0272632748305163,0
2024-08-08 00:00:00+05:30,295.1496651381539,301.78055524530976,290.6625925262563,294.60125732421875,3603263,312.7464630126953,340.5389836844999,284.9539423408907,-9.428303657093409,-7.396448685793063,-2.031854971300346,43.28441669665085,-0.0025320316730762,-0.0752738210416407,0.0268103487629226,0
2024-08-09 00:00:00+05:30,299.13816908017105,305.6194960769081,298.6894496545876,302.27911376953125,4487901,311.21836547851564,337.6881525326751,284.7485784243562,-8.885741701669133,-7.694307288968277,-1.1914344127008558,38.71913599672007,0.0260618590533128,-0.0225697194112494,0.0267135339422433,0
2024-08-12 00:00:00+05:30,300.1353068269057,304.87166133663266,297.14392503128875,301.8802795410156,2861453,309.8473159790039,335.1900139709745,284.50461798703327,-8.391211370757674,-7.833688105326157,-0.5575232654315165,43.41239157013223,-0.0013194237059319,0.0463107177003025,0.0267080097788694,0
2024-08-13 00:00:00+05:30,313.0481221544052,318.58216639397995,307.36448447869896,312.0509948730469,20951815,308.91749572753906,332.338673807633,285.49631764744515,-7.096793377080871,-7.6863091596771005,0.5895157825962292,51.24704758539921,0.0336912213924507,0.1032963952515024,0.0279066998685522,0
2024-08-14 00:00:00+05:30,314.2945278059257,316.3884707298641,294.2522635846563,297.79205322265625,17143764,307.40186309814453,329.4797330013412,285.3239931949479,-7.139238517939816,-7.576895031329643,0.4376565133898271,44.69187021996975,-0.0456942675545439,0.008271441234908,0.0294204912319782,0
2024-08-16 00:00:00+05:30,305.1209223141762,314.5936306866751,297.64246833588754,313.048095703125,14292228,307.0902603149414,328.6316422624192,285.54887836746366,-5.874128176661543,-7.236341660396024,1.3622134837344806,49.3118191291535,0.0512305224916862,0.0626162920907187,0.0318184961556773,0
2024-08-19 00:00:00+05:30,314.0950705789137,324.61475045332384,314.0950705789137,322.72021484375,15467529,307.88048400878904,330.5261474664426,285.2348205511355,-4.04443816955137,-6.597960962227093,2.553522792675724,53.42346541350935,0.0308965915250205,0.0676232665211655,0.0320334593974409,0
2024-08-20 00:00:00+05:30,325.36260591545545,327.15745320361003,316.48817957429026,317.7345886230469,6166770,307.6960144042969,329.9335849971959,285.45844381139784,-2.9625436668339944,-5.870877503148474,2.90833383631448,50.14938310889292,-0.015448757131985,0.0525185318701058,0.0309753081862131,0
2024-08-21 00:00:00+05:30,317.08645215921973,319.97811497657705,314.34435233708814,316.0893249511719,3062167,307.90790405273435,330.39159046162894,285.42421764383977,-2.2123904471698665,-5.139180091952753,2.926789644782886,48.00865433790075,-0.0051781069193789,0.0129412504509653,0.0292164199158964,0
2024-08-22 00:00:00+05:30,316.0893221907205,319.87839337624894,313.596504192371,317.6348571777344,4785503,308.291796875,331.1813213921358,285.4022723578641,-1.4761608188504738,-4.406576237332297,2.9304154184818234,49.586765637368174,0.0048895426215398,0.0666330875533534,0.0284416947107282,0
2024-08-23 00:00:00+05:30,317.38558134044143,319.47955458437474,310.10656482047693,315.3913269042969,3649240,308.6607330322266,331.76813526398723,285.5533308004659,-1.0614914644147009,-3.737559282748778,2.6760678183340776,52.85118026353951,-0.0070632369928534,0.0074852114845447,0.0284552565997174,0
2024-08-26 00:00:00+05:30,317.5351661313652,330.34822619120257,317.08644672347293,328.7029724121094,14885334,309.3711853027344,334.0537704225073,284.68860018296147,0.3373863491073621,-2.9225701563775504,3.2599565054849124,70.06972205676409,0.0422067583102936,0.0185385274710976,0.0297541935985307,0
2024-08-27 00:00:00+05:30,331.04624012331783,335.8324386519327,328.00501424595546,328.8027038574219,20065763,310.06668243408205,336.1485952084112,283.98476965975294,1.4374841661754658,-2.050559291866947,3.4880434580424127,74.31435414777363,0.0003034090156857,0.034834467604992,0.0294866690641035,0
2024-08-28 00:00:00+05:30,327.0577449417566,331.4949734703997,325.1632092125271,327.70587158203125,6307966,310.58269653320315,337.6635248927498,283.5018681736565,2.1955059875944585,-1.2013462359746658,3.396852223569124,69.46612003899587,-0.0033358371525625,0.0367508350136589,0.0295136803956763,0
2024-08-29 00:00:00+05:30,327.55628705282953,329.6502602706556,318.1832974057924,327.656005859375,12023825,310.9316909790039,338.7305865282247,283.1327954297832,2.760399824362196,-0.4089970239072935,3.169396848269489,70.05444189100217,-0.0001521660946003,0.0315492725536519,0.0294896647095555,0
2024-08-30 00:00:00+05:30,328.0548456556567,334.88517299617075,324.2158998864708,331.5946350097656,16037347,311.5823150634766,340.7123674360604,282.4522626908928,3.485715556626076,0.3699454921993804,3.1157700644266955,68.63117332378576,0.0120206224819849,0.0513752494861265,0.0295154969989148,0
2024-09-02 00:00:00+05:30,329.05199732865304,330.04912459328534,319.08072468233024,319.7288513183594,5755825,312.1058074951172,341.43568144954327,282.7759335406911,3.067701370833163,0.9094966679261368,2.158204702907026,59.90044405081599,-0.0357840038366628,-0.0273016122364075,0.0306089408932591,0
2024-09-03 00:00:00+05:30,319.08071281397173,321.124811458473,316.3386129382267,317.58502197265625,2178217,313.55912017822266,340.77203573824727,286.34620461819804,2.5342200937503208,1.2344413530909737,1.299778740659347,53.369747771111584,-0.0067051482431546,-0.0341167568063245,0.0298952401762086,0
2024-09-04 00:00:00+05:30,313.4469415893366,316.43832319108645,310.40568536961325,311.8515319824219,2993774,315.0099395751953,338.1089656767891,291.91091347360145,1.6299980102763811,1.3135526845280552,0.3164453257483259,59.55284409551746,-0.0180534017461567,-0.0483797849671445,0.0259059902907235,0
2024-09-05 00:00:00+05:30,312.59937355295415,316.58788230642085,308.1123012053041,314.5936279296875,4268131,315.97216644287107,337.14583680379104,294.7984960819511,1.1217291257379998,1.275187972770044,-0.1534588470320443,51.26529527220688,0.0087929532679678,-0.0398661330666824,0.0253411632428789,0
2024-09-06 00:00:00+05:30,314.69335918438424,315.1919227982917,305.2206505201421,310.9541320800781,3729742,316.78981018066406,335.6222267474901,297.957393613838,0.4203993720624908,1.1042302526285337,-0.6838308805660427,39.31159711576048,-0.0115688797435618,-0.0622461908320067,0.0239504076743076,0
2024-09-09 00:00:00+05:30,305.1209319857593,309.4584415166365,300.1851400316735,308.0624694824219,4369700,317.07897796630857,335.1348467918106,299.0231091408065,-0.3645403216223712,0.8104761377783526,-1.175016459400724,40.8662924068289,-0.0092993219878215,-0.0364883612718487,0.024069928469232,0
2024-09-10 00:00:00+05:30,310.10655780926874,315.6904761902081,310.10655780926874,312.2005310058594,3180344,317.5949905395508,334.36615518458035,300.82382589452124,-0.6452654835043177,0.5193278135218186,-1.164593297026136,46.49280219126927,0.0134325402584414,-0.0169544864973527,0.0236025174994601,0
2024-09-11 00:00:00+05:30,313.09796341389705,313.3472452319017,305.46994586893527,306.1180725097656,2181485,317.2983444213868,334.68112845126456,299.9155603915089,-1.343063761208498,0.1468494985757552,-1.4899132597842533,40.39901695898399,-0.0194825373182327,-0.0183852214424248,0.0240511843259812,0
2024-09-12 00:00:00+05:30,308.5610216727076,314.194784220364,307.61373866854024,313.3970642089844,3224754,318.07859497070314,333.00165646386563,303.15553347754064,-1.2938059371221016,-0.1412815885638161,-1.1525243485582854,48.46624845329273,0.0237783794976251,-0.0038035217959677,0.0234663801892708,0
2024-09-13 00:00:00+05:30,315.2916449961632,319.37984233022263,312.5993892801602,313.995361328125,3671164,318.12595825195314,332.98768152847043,303.26423497543584,-1.1927419920845068,-0.3515736692679543,-0.8411683228165525,35.9389779435749,0.0019090705927662,0.0097803146325892,0.0209485384146807,0
2024-09-16 00:00:00+05:30,315.1919197832755,326.5591639856494,312.15066350958665,322.0222473144531,7092011,318.09105987548827,332.9105769210008,303.2715428299757,-0.4596469480080145,-0.3731883250159664,-0.0864586229920481,44.37085824257233,0.0255637088152396,0.0453147631241326,0.0185939187457538,0
2024-09-17 00:00:00+05:30,323.0692088653183,323.9666172484072,316.4881633394878,317.4852905273437,2709883,318.07859497070314,332.8997937518085,303.2573961895978,-0.24196907087412,-0.3469444741875971,0.1049754033134771,41.97334514414559,-0.0140889544897779,0.016927452059283,0.0176041436178437,0
2024-09-18 00:00:00+05:30,318.0835775692513,320.57639557527995,314.2446317539858,319.3299865722656,3410936,318.2406280517578,333.0411001250303,303.44015597848534,0.0784889967986259,-0.2618577799903525,0.3403467767889785,43.640505967962326,0.0058103354705278,0.0431595362997672,0.0173184092564803,0
2024-09-19 00:00:00+05:30,323.5,327.0,311.3999938964844,324.1000061035156,10915727,318.5638854980469,333.5893503377301,303.5384206583637,0.7091800494989684,-0.0676502140924883,0.7768302635914568,44.34732170806711,0.0149375872352361,0.0341513789273857,0.017550324816989,0
2024-09-20 00:00:00+05:30,326.3500061035156,331.29998779296875,323.6499938964844,329.79998779296875,10243702,319.2843185424805,335.0335789171044,303.53505816785656,1.6499287862490064,0.2758655859758106,1.3740632002731958,58.37489766469956,0.0175871076276148,0.0503339488774419,0.0178941391346392,0
2024-09-23 00:00:00+05:30,331.8500061035156,334.1000061035156,328.0,330.70001220703125,4787749,319.38417053222656,335.4077966668241,303.36054439762904,2.4399768519328404,0.7086878391672167,1.7312890127656235,61.13646045933572,0.0027290007500773,0.0269477185658677,0.0177748953960766,0
2024-09-24 00:00:00+05:30,334.5,343.0,332.79998779296875,341.8500061035156,19664543,320.0365356445312,338.5444981813466,301.52857310771583,3.9206125777359375,1.351072786880961,2.5695397908549764,73.32710005363153,0.0337163395370667,0.0767428170788702,0.0168994130494014,0
2024-09-25 00:00:00+05:30,346.0,347.20001220703125,338.3500061035156,340.25,8173719,320.6637420654297,341.0235832738066,300.3039008570528,4.908339652911081,2.062526160086985,2.8458134928240963,70.31141129503766,-0.0046804331576671,0.0655122109022483,0.0169593967954971,0
2024-09-26 00:00:00+05:30,341.5,345.25,332.75,343.75,12072437,321.4684417724609,344.1335905661091,298.8032929788128,5.905466681576399,2.831114264384868,3.0743524171915317,76.0210172035981,0.0102865540044085,0.0606294153854729,0.0170148524885808,0
2024-09-27 00:00:00+05:30,347.3999938964844,352.29998779296875,343.0,344.5,16093723,322.1137100219727,346.6502695086876,297.5771505352578,6.679221855811875,3.6007357826702693,3.078486073141605,79.92748134271307,0.0021818181818182,0.0445725068257405,0.0170048538601787,0
2024-09-30 00:00:00+05:30,349.0,352.79998779296875,340.54998779296875,343.8999938964844,10972122,323.32226715087893,349.6779136115611,296.96662069019675,7.16146007402574,4.312880640941364,2.8485794330843763,77.64247720162524,-0.0017416722888697,0.0399152742733781,0.0168854909919661,0
2024-10-01 00:00:00+05:30,343.70001220703125,353.0,337.20001220703125,349.1000061035156,7394842,324.89801635742185,353.48348049107983,296.3125522237639,7.872485747842234,5.024801662321538,2.8476840855206955,88.06684086994971,0.0151207103789494,0.0212081318430767,0.0147249978365223,0
2024-10-03 00:00:00+05:30,345.0,351.25,335.1000061035156,337.75,6235804,326.1929397583008,354.63600497718903,297.74987453941253,7.4344286151064125,5.506727052878514,1.9277015622278988,70.11745309061207,-0.0325121910772757,-0.0073475385745774,0.0166412716205299,0
2024-10-04 00:00:00+05:30,335.0,337.70001220703125,323.29998779296875,330.3500061035156,5696244,326.9807586669922,354.9397956149101,299.02172171907426,6.416185723185208,5.688618786939853,0.7275669362453554,62.14539509378698,-0.0219096784499907,-0.0389818004261364,0.0169051732981921,0
2024-10-07 00:00:00+05:30,330.3500061035156,331.3999938964844,308.0,311.6000061035156,7511266,327.01305236816404,354.8955340613489,299.1305706749792,4.04957165432171,5.360809360416225,-1.3112377060945146,43.3235011913522,-0.0567579829077546,-0.0955007079723784,0.0212524384917371,0
2024-10-08 00:00:00+05:30,309.8999938964844,320.3999938964844,304.29998779296875,314.29998779296875,4007213,327.3249282836914,354.4439944761276,300.20586209125526,2.3646210325267134,4.761571694838322,-2.3969506623116086,47.91031006597251,0.0086648961378907,-0.0860715516977455,0.0211715395559272,0
2024-10-09 00:00:00+05:30,315.0,319.25,312.3999938964844,313.5,2018877,327.38990173339846,354.3622253107226,300.41757815607434,0.9537390857265108,4.0000051730159605,-3.0462660872894496,46.12213281172927,-0.002545300108302,-0.1019765267290183,0.0210626497654808,0
2024-10-10 00:00:00+05:30,315.0,319.20001220703125,311.1000061035156,312.1499938964844,2184501,327.6914978027344,353.7828333461545,301.60016225931423,-0.2702143690067373,3.145961264611421,-3.4161756336181583,41.67246536095384,-0.0043062395646431,-0.0757957249548945,0.0208961678687334,0
2024-10-11 00:00:00+05:30,314.0,320.95001220703125,310.70001220703125,315.8500061035156,2796754,327.8141448974609,353.6443139263372,301.9839758685847,-0.9309152259262988,2.330585966503877,-3.261501192430176,40.00001750111242,0.0118533150068176,-0.0438928401153303,0.0205358888981993,0
2024-10-14 00:00:00+05:30,318.0,333.3500061035156,310.6000061035156,325.25,6015938,328.3768768310547,353.41777587084164,303.33597779126774,-0.6880925639537168,1.7268502604123583,-2.414942824366075,46.51756408496406,0.0297609425829918,0.0438061413001056,0.0208958979494982,0
2024-10-15 00:00:00+05:30,325.0,325.45001220703125,316.8999938964844,320.8999938964844,2505037,328.3207641601563,353.4265653639926,303.21496295631994,-0.8370144118173357,1.2140773259664197,-2.0510917377837554,35.33939214291024,-0.0133743462060433,0.0209990657329044,0.0211629362278305,0
2024-10-16 00:00:00+05:30,320.0,327.3999938964844,316.20001220703125,321.8999938964844,3986771,328.54149932861327,353.32169209176783,303.7613065654587,-0.8643803677011874,0.7983857872328981,-1.6627661549340855,37.05010266568976,0.0031162356466811,0.0267942389042563,0.0204277095972671,0
2024-10-17 00:00:00+05:30,321.5,322.04998779296875,312.6499938964844,317.20001220703125,2882624,328.43500061035155,353.3995051038563,303.4704961168468,-1.2508977571654327,0.3885290783532319,-1.6394268355186647,31.57530028370128,-0.0146007510983815,0.016178178469616,0.0204458856156034,0
2024-10-18 00:00:00+05:30,313.0,326.5,306.8999938964844,323.0,5327489,328.38000030517577,353.3895241983202,303.37047641203134,-1.0767924377092868,0.0954647751407281,-1.172257212850015,36.057064326800216,0.0182849545074519,0.022637308083955,0.0207965025722977,0
2024-10-21 00:00:00+05:30,322.04998779296875,325.0,313.8500061035156,316.70001220703125,2881120,327.7250015258789,353.25862289048706,302.1913801612708,-1.430677126033629,-0.2097636050941432,-1.2209135209394857,33.57488180882349,-0.0195046061701819,-0.0262874336447924,0.0209792310218466,0
2024-10-22 00:00:00+05:30,314.3999938964844,316.3500061035156,285.1000061035156,295.04998779296875,5622805,325.94250030517577,355.293721087874,296.5912795224776,-3.418700671272404,-0.8515510183297955,-2.567149652942609,22.77076325946898,-0.0683612995881717,-0.0805547104867016,0.0251617245910914,0
2024-10-23 00:00:00+05:30,292.5,297.0,286.20001220703125,292.3500061035156,7845089,323.4675003051758,355.4049117705936,291.53008883975804,-5.152692578851486,-1.7117793304341338,-3.440913248417352,24.94480053921157,-0.0091509296768642,-0.0917986590657449,0.0251132388829639,0
2024-10-24 00:00:00+05:30,292.0,295.5,286.20001220703125,290.75,3667963,320.9925003051758,355.0551723361976,286.929828274154,-6.580148918359384,-2.685453248019184,-3.8946956703402,26.650928033540566,-0.0054729128445754,-0.0833859116933695,0.0234508633231592,0
2024-10-25 00:00:00+05:30,291.6000061035156,291.6000061035156,269.0,271.75,8562532,317.39250030517576,356.2145823744985,278.570418235853,-9.13920845594123,-3.9762042896035936,-5.163004166337636,26.572588993500705,-0.0653482373172829,-0.1586687306501547,0.0266202535042419,0
2024-10-28 00:00:00+05:30,274.70001220703125,292.8999938964844,269.29998779296875,289.95001220703125,10524921,314.66500091552734,353.13158332795683,276.19841850309786,-9.588166282762812,-5.098596688235437,-4.489569594527376,37.89160689105512,0.0669733659872355,-0.0844647899240154,0.0312787438178304,0
2024-10-29 00:00:00+05:30,288.0,292.0,281.25,290.3999938964844,4149065,311.99000091552733,349.32056853109066,274.659433299964,-9.79475104042723,-6.037827558673795,-3.756923481753434,38.47304874011415,0.0015519285066689,-0.0157600206367308,0.0312691936554809,0
2024-10-30 00:00:00+05:30,289.95001220703125,296.70001220703125,287.1000061035156,291.70001220703125,5243314,309.1200012207031,343.1146037788128,275.1253986625934,-9.741278936440551,-6.778517834227147,-2.9627611022134044,39.79032304755288,0.0044766471689743,-0.0022233414842284,0.0313570759778912,0
2024-10-31 00:00:00+05:30,290.0,295.0,286.5,294.20001220703125,4191728,306.9425018310547,338.7225218200365,275.1624818420729,-9.388942912673883,-7.300602849916494,-2.088340062757389,39.06013243922005,0.008570448732877,0.0118659061290842,0.0311544551125099,0
2024-11-01 00:00:00+05:30,295.0,297.79998779296875,293.0,294.3500061035156,1148722,305.1425018310547,335.38090762047983,274.90409604162954,-8.993934344901561,-7.639269148913508,-1.3546651959880531,32.77591961865608,0.0005098364726743,0.0831646958731024,0.03066622428264,0
2024-11-04 00:00:00+05:30,294.95001220703125,295.8999938964844,286.20001220703125,291.3999938964844,5734684,304.13250122070315,334.8089820643067,273.4560203770996,-8.817288328604945,-7.8748729848517955,-0.94241534375315,33.2955809296561,-0.0100221238181112,0.0050007988563829,0.0304683883381328,0
2024-11-05 00:00:00+05:30,290.0,300.8999938964844,288.20001220703125,298.54998779296875,5120946,303.3450012207031,333.7297422439155,272.96026019749075,-8.008038650834123,-7.901506118048262,-0.1065325327858612,37.6389567865194,0.0245366988546482,0.0280647178642485,0.0287471568979401,0
2024-11-06 00:00:00+05:30,302.0,302.3500061035156,292.5,298.3999938964844,6431475,302.59000091552736,332.66108477567536,272.51891705537935,-7.294716750866144,-7.780148244611839,0.4854314937456951,39.54392681483704,-0.0005024079806306,0.0229687398322695,0.0286523365565498,0
2024-11-07 00:00:00+05:30,296.5,299.0,289.6499938964844,291.20001220703125,3954670,301.54250183105466,331.67091538942026,271.41408827268907,-7.227073154883328,-7.669533226666138,0.4424600717828095,32.58488935120222,-0.0241286254581855,-0.0101971443763533,0.0290543694856294,0
2024-11-08 00:00:00+05:30,293.5,294.0,280.0,280.95001220703125,4299335,299.7975021362305,330.4745007664192,269.1205035060418,-7.909380045154535,-7.717502590363818,-0.1918774547907169,31.233595800524924,-0.0351991743486351,-0.0455240143320123,0.0298885188953773,0
2024-11-11 00:00:00+05:30,278.1499938964844,280.0,272.0,273.3999938964844,3622416,297.2050018310547,327.5874735806096,266.8225300814998,-8.956096248400343,-7.965221321971123,-0.9908749264292194,36.66050799455309,-0.0268731731002143,-0.0617707631332148,0.030018774228354,0
2024-11-12 00:00:00+05:30,277.95001220703125,279.45001220703125,266.75,269.45001220703125,4751726,294.632502746582,325.2789795593406,263.98602593382344,-9.989207525333882,-8.370018562643676,-1.619188962690206,36.10437160635432,-0.0144476290330448,-0.0974710325766854,0.0288834855986823,0
2024-11-13 00:00:00+05:30,267.0,269.75,260.0,261.70001220703125,4699363,291.6225036621093,322.8131299181973,260.4318774060214,-11.303021687884891,-8.95661918769192,-2.3464025001929727,33.596842576145775,-0.0287622922579247,-0.1229892172926264,0.029206127184801,0
2024-11-14 00:00:00+05:30,260.0,265.45001220703125,259.8999938964844,262.70001220703125,2669822,288.8975036621094,320.2019546934567,257.5930526307621,-12.123781824494529,-9.590051715052445,-2.533730109442086,43.5861166840126,0.0038211690995599,-0.0978708750181565,0.0292214581277246,0
2024-11-18 00:00:00+05:30,262.1000061035156,267.45001220703125,259.54998779296875,264.3999938964844,4274822,285.9675033569336,314.6959993908133,257.2390073230539,-12.493053684793608,-10.170652109000676,-2.322401575792931,26.3644417142028,0.0064711899903278,-0.0589073414894576,0.0293888138249077,0
2024-11-19 00:00:00+05:30,265.25,271.04998779296875,261.1000061035156,263.20001220703125,3174138,283.2925033569336,309.85349514957096,256.7315115642962,-12.735723297750155,-10.683666346750574,-2.0520569509995816,25.1824791096434,-0.0045385087638198,-0.0373079075243691,0.0287753159472543,0
2024-11-21 00:00:00+05:30,261.3999938964844,264.29998779296875,259.04998779296875,261.5,2360035,281.61500396728513,309.26489987284174,253.96510806172856,-12.916326124442264,-11.130198302288912,-1.786127822153352,22.64489228169961,-0.006459012645083,-0.0295045902648647,0.028684781893504,0
2024-11-22 00:00:00+05:30,261.1000061035156,266.29998779296875,260.6000061035156,263.3999938964844,2174690,280.1675033569336,308.4744513331858,251.86055538068135,-12.759063001197262,-11.455971242070582,-1.30309175912668,21.794826650480037,0.007265751038181,0.0064959175015562,0.0253741299335663,0
2024-11-25 00:00:00+05:30,269.3999938964844,280.1499938964844,266.5,278.79998779296875,6235902,279.570002746582,307.4374952848083,251.7025102083558,-11.261959183537158,-11.417168830363895,0.155209646826739,38.86898315000198,0.0584661892685409,0.0612865429684459,0.0288799812195488,0
2024-11-26 00:00:00+05:30,279.79998779296875,281.8999938964844,275.04998779296875,279.3999938964844,5626845,279.95250244140624,307.577002461536,252.32800242127647,-9.91280944710087,-11.116296953711291,1.203487506610422,41.11110307355241,0.0021521023306543,0.0567322252128064,0.0288802514373309,0
2024-11-27 00:00:00+05:30,278.75,280.8999938964844,274.1000061035156,277.3500061035156,2672277,279.32250213623047,306.55897742583056,252.0860268466304,-8.906348600647163,-10.674307283098466,1.7679586824513027,33.012816907538976,-0.0073371075080561,0.0537613724932279,0.0249785135460928,0
2024-11-28 00:00:00+05:30,279.5,281.1499938964844,273.25,274.8500061035156,3095623,278.54500274658204,305.33413575744777,251.7558697357163,-8.215744249714533,-10.18259467642168,1.9668504267071487,31.81466409894585,-0.0090138811789566,0.0510516485794096,0.0199891795648881,0
2024-11-29 00:00:00+05:30,275.3999938964844,278.45001220703125,271.70001220703125,276.0,3469778,277.76000213623047,303.83669901864124,251.6833052538197,-7.489308344851565,-9.643937410107656,2.154629065256092,37.05278973527149,0.0041840781187802,0.0478360151688819,0.0200231282263829,0
2024-12-02 00:00:00+05:30,274.0,277.8999938964844,272.25,276.75,2062720,276.8875015258789,301.78938519294,251.98561785881785,-6.774986102068908,-9.070147148499908,2.295161046431,45.73169067550602,0.0027173913043478,-0.0073528977142245,0.0199973291880862,0
2024-12-03 00:00:00+05:30,277.0,287.0,277.0,284.70001220703125,3904565,276.4050018310547,300.23304031828,252.57696334382933,-5.50393509645528,-8.356904738090982,2.8529696416357027,61.39116010609792,0.0287263313713865,0.0189692857062497,0.0210042130325202,0
2024-12-04 00:00:00+05:30,286.25,287.95001220703125,280.95001220703125,283.45001220703125,3424906,276.007502746582,299.03405725685155,252.98094823631249,-4.545089606627414,-7.594541711798269,3.0494521051708547,64.92538478856963,-0.004390586394113,0.0219938920832001,0.0210096919496068,0
2024-12-05 00:00:00+05:30,284.0,286.5,281.04998779296875,284.79998779296875,2691392,275.320002746582,296.2371150869996,254.40289040616443,-3.634371132167473,-6.80250759587211,3.168136463704637,78.51853135629364,0.0047626584152393,0.0362014970656603,0.0209605704241485,0
2024-12-06 00:00:00+05:30,283.6000061035156,291.79998779296875,283.5,287.79998779296875,6286213,274.7900024414063,293.68412614472,255.89587873809256,-2.640111687708327,-5.970028414239354,3.329916726531027,79.52942545011697,0.0105337083166618,0.0427535789600317,0.0203245483111741,0
2024-12-09 00:00:00+05:30,288.5,294.79998779296875,287.3999938964844,292.5,4493360,274.85500183105466,293.9941799993865,255.7158236627228,-1.4561169988936626,-5.067246131170216,3.611129132276553,80.87914829741982,0.0163308283751986,0.056910569105691,0.0206964750108467,0
2024-12-10 00:00:00+05:30,293.75,294.79998779296875,288.29998779296875,291.8500061035156,2769671,275.4000015258789,295.84610111503747,254.95390193672037,-0.5637432714917736,-4.166545559234528,3.6028022877427546,81.86874924045485,-0.0022222013555021,0.0251141327359163,0.019999464128636,0
2024-12-11 00:00:00+05:30,292.29998779296875,295.3999938964844,289.0,290.04998779296875,3447384,276.2325012207031,297.6676673451482,254.79733509625808,-0.0017568457761854,-3.33358781654286,3.3318309707666747,81.68700946620982,-0.0061676144351644,0.0232844427648741,0.0183594461665762,0
2024-12-12 00:00:00+05:30,289.6000061035156,294.29998779296875,283.54998779296875,291.1499938964844,3529344,277.31750030517577,299.4912169295817,255.1437836807698,0.5263157050879386,-2.5616071122167003,3.087922817304639,81.35593220338984,0.0037924707802463,0.022296370701152,0.0171551173690399,0
2024-12-13 00:00:00+05:30,289.70001220703125,294.79998779296875,279.25,291.95001220703125,3364902,278.83000030517576,300.6421237449641,257.0178768653874,0.9978689853232936,-1.8497118927087015,2.8475808780319958,72.17540233765486,0.0027477874886416,0.014419821369304,0.0166775299083292,0
2024-12-16 00:00:00+05:30,290.0,291.95001220703125,287.3999938964844,290.6499938964844,1546259,280.2274993896484,301.25568659361943,259.1993121856774,1.2522426703037013,-1.2293209801062213,2.4815636504099228,68.5337502890871,-0.0044528797951376,-0.0063248071915064,0.0150580078754059,0
2024-12-17 00:00:00+05:30,288.3999938964844,289.25,280.3500061035156,284.5,2103974,281.23249969482424,300.95649491419937,261.5085044754491,0.9466699169898334,-0.7941228006870104,1.7407927176768436,60.37733676216428,-0.021159449597906,-0.0251841903368289,0.0161148520757299,0
2024-12-18 00:00:00+05:30,282.5,283.75,274.45001220703125,280.95001220703125,3748438,282.11999969482423,299.9323372842565,264.307662105392,0.413282894105464,-0.5526416617285156,0.9659245558339796,58.59155050654837,-0.0124779887274824,-0.0313738182000299,0.0164912356037266,0
2024-12-19 00:00:00+05:30,273.1000061035156,281.1000061035156,271.25,279.6499938964844,3130458,283.0274993896484,298.04694248470423,268.0080562945926,-0.1130278624897869,-0.4647189018807698,0.3516910393909829,55.119198137959785,-0.0046272228299064,-0.0394985410993644,0.016493280390478,0
2024-12-20 00:00:00+05:30,278.6499938964844,283.6499938964844,261.0,271.5,4006043,283.43249969482423,296.538434084349,270.3265653052995,-1.1742334913082573,-0.6066218197662674,-0.5676116715419899,43.90244594035149,-0.0291435511330681,-0.0700462796779384,0.0178333942330895,0
2024-12-23 00:00:00+05:30,271.6499938964844,273.70001220703125,265.20001220703125,271.04998779296875,3451753,283.04499969482424,297.14800058142737,268.9419988082211,-2.028179234204913,-0.8909333026539965,-1.1372459315509165,30.80167979507324,-0.0016575035249769,-0.0674350817653766,0.0178063760547164,0
2024-12-24 00:00:00+05:30,271.5,285.5,268.95001220703125,280.6499938964844,9355158,283.10749969482424,297.15344964145083,269.06154974819765,-1.908299437798462,-1.0944065296828898,-0.8138929081155721,46.810917076405765,0.0354178437036059,-0.0135325346345013,0.0145291018516772,0
2024-12-26 00:00:00+05:30,278.5,279.3999938964844,261.79998779296875,263.20001220703125,12591431,282.4,298.88137437612886,265.9186256238711,-3.1846508495981998,-1.5124553936659515,-1.6721954559322476,32.000038655559635,-0.062177025009626,-0.0631784987676743,0.0199243350016421,0
2024-12-27 00:00:00+05:30,265.0,265.3500061035156,255.0500030517578,256.5,6036698,281.48249969482424,301.4152341430004,261.5497652466481,-4.682822862827322,-2.146528887498226,-2.5362939753290963,25.431748976201103,-0.0254559722503396,-0.0827820289710201,0.0205209102590163,0
2024-12-30 00:00:00+05:30,257.0,257.20001220703125,245.6499938964844,247.1499938964844,5113793,280.0399993896484,305.14729774624,254.9327010330568,-6.549108284722252,-3.027044766943031,-3.522063517779221,16.82519271597249,-0.0364522655107821,-0.0896869469742748,0.0217268785965762,0
2024-12-31 00:00:00+05:30,247.4499969482422,250.1999969482422,243.8000030517578,247.9499969482422,4098665,278.59999923706056,307.51643127313133,249.6835672009898,-7.872846097921695,-3.996205033138764,-3.876641064782931,17.95623338659425,0.0032369130953444,-0.085224098450691,0.0217082325192732,0
2025-01-01 00:00:00+05:30,247.8999938964844,250.1499938964844,245.13999938964844,247.38999938964844,2545914,276.73449859619143,308.6521963019745,244.8168008904084,-8.864915744299992,-4.96994717537101,-3.894968568928983,18.287278341090143,-0.0022585100443079,-0.118510583396284,0.0216484311252537,0
2025-01-02 00:00:00+05:30,248.6999969482422,250.8999938964844,247.0,249.7400054931641,3055122,275.048998260498,308.97088557355545,241.1271109474406,-9.353688732557544,-5.846695486808317,-3.5069932457492268,19.778167543639853,0.0094991960439527,-0.0511398407659633,0.0205236617865872,0
2025-01-03 00:00:00+05:30,249.9199981689453,256.67999267578125,248.55999755859372,250.22999572753903,3580827,273.3204986572265,308.6443997858194,237.99659752863369,-9.590948249019334,-6.59554603925052,-2.995402209768814,19.413489972272416,0.0019620013758203,-0.0244444611012122,0.0205954969109134,0
2025-01-06 00:00:00+05:30,249.22999572753903,249.7899932861328,234.1499938964844,235.63999938964844,5344927,270.71249923706057,309.1040461599734,232.32095231414772,-10.83141113076249,-7.442719057552914,-3.388692073209576,16.24739796375978,-0.0583063445110586,-0.0465708872793124,0.0233991682026537,0
2025-01-07 00:00:00+05:30,236.3999938964844,242.4499969482422,235.0,238.1300048828125,3337163,267.9939994812012,307.57122734956243,228.41677161283997,-11.481215957394198,-8.250418437521171,-3.230797519873027,20.21072534028876,0.0105669898982077,-0.0396047275107631,0.0234005382775206,0
2025-01-08 00:00:00+05:30,237.6300048828125,241.58999633789065,234.3000030517578,239.72999572753903,2357857,265.3879989624023,305.2142417505001,225.56175617430452,-11.731847637855196,-8.946704277587976,-2.78514336026722,22.838689023427705,0.0067189804389158,-0.0309632712761545,0.0229763228889466,0
2025-01-09 00:00:00+05:30,239.0,239.6000061035156,233.8999938964844,235.77999877929688,2039704,262.67449951171875,302.8196940614372,222.5293049620003,-12.109614692345588,-9.579286360539498,-2.530328331806089,22.06800216533742,-0.0164768573755429,-0.0558981597133395,0.0229712947472621,0
2025-01-10 00:00:00+05:30,236.0,241.1699981689453,230.0,233.30999755859372,4667934,259.7824996948242,299.6227623273736,219.9422370622748,-12.464621858713542,-10.156353460174309,-2.308268398539236,23.788607246552274,-0.0104758725654892,-0.0676177854687274,0.0229559871511647,0
2025-01-13 00:00:00+05:30,231.0,235.8500061035156,216.75999450683597,219.3500061035156,8130610,256.1524993896484,296.8721329159996,215.43286586329725,-13.714331955746417,-10.86794915928873,-2.8463827964576875,20.06716624661996,-0.0598345188854249,-0.069130849296923,0.0251325160980599,0
2025-01-14 00:00:00+05:30,219.0,229.9499969482422,218.55999755859372,226.0800018310547,4808444,252.92399978637692,292.3454324350947,213.5025671376592,-14.00029511383744,-11.494418350198472,-2.505876763638966,17.31943441030674,0.0306815388204868,-0.0506026237965594,0.0267026213335644,0
2025-01-15 00:00:00+05:30,226.5500030517578,230.8500061035156,220.1999969482422,220.82000732421875,3836574,249.7400001525879,288.7071925383232,210.77280776685257,-14.48439350190324,-12.092413380539426,-2.391980121363815,20.280496396528264,-0.0232660760095296,-0.0788803601565659,0.0267608839247343,0
2025-01-16 00:00:00+05:30,223.33999633789065,235.4900054931641,223.33999633789065,231.3000030517578,4933049,247.25749969482425,284.12229494424173,210.3927044454067,-13.862597497172118,-12.446450203865965,-1.4161472933061532,33.21789652594147,0.0474594483286643,-0.0190007454013628,0.0296981899000119,0
2025-01-17 00:00:00+05:30,232.0,252.1999969482422,230.7100067138672,247.69000244140625,11483471,245.6595001220703,279.2362893702926,212.082710873848,-11.909992727371844,-12.339158708567142,0.4291659811952986,50.32879248521038,0.0708603509442273,0.0616347564754531,0.0344517977697678,0
2025-01-20 00:00:00+05:30,246.30999755859372,253.69000244140625,243.05999755859372,251.2400054931641,5561025,244.64650039672853,276.0958445432745,213.1971562501825,-9.961256636050564,-11.863578294063828,1.902321658013264,51.93826435561929,0.0143324438482235,0.1453840825269861,0.0347208691326774,0
2025-01-21 00:00:00+05:30,250.1999969482422,255.3999938964844,241.8500061035156,243.72999572753903,6521931,243.28050079345704,272.1701917620177,214.3908098248964,-8.920039604084565,-11.274870556067976,2.354830951983411,48.00696766139639,-0.0298917752007028,0.0780696822077782,0.0347477818638157,0
2025-01-22 00:00:00+05:30,244.0,244.8000030517578,235.94000244140625,242.05999755859372,4680337,241.3510009765625,264.26947838870234,218.43252356442264,-8.135837628367995,-10.64706397052798,2.5112263421599845,45.786695985517376,-0.006851836861361,0.0961868921740836,0.0347446616834043,0
2025-01-23 00:00:00+05:30,241.0,247.2899932861328,240.1699981689453,246.0500030517578,2006294,240.49350051879884,261.1407333946125,219.8462676429852,-7.110427236219522,-9.939736623666288,2.8293093874467665,47.79163494469655,0.0164835393431672,0.063769994835233,0.0338839434426755,0
2025-01-24 00:00:00+05:30,246.38999938964844,249.6999969482422,240.16000366210935,242.0500030517578,3179611,239.77100067138676,259.0240995316609,220.51790181111247,-6.545100835120621,-9.260809465957156,2.7157086308365344,53.813209157090206,-0.0162568581604877,-0.0227703957933572,0.0314512123926784,0
2025-01-27 00:00:00+05:30,239.9600067138672,239.9600067138672,229.8500061035156,231.2100067138672,4098027,238.9740013122559,258.2606235733064,219.6873790512053,-6.892322298990308,-8.787112032563787,1.894789733573479,46.255411380516136,-0.0447841198149983,-0.0797245595500588,0.0323942005522159,0
2025-01-28 00:00:00+05:30,232.0500030517578,234.6499938964844,223.4900054931641,227.8300018310547,3592372,237.96800155639647,257.3818059681038,218.55419714468917,-7.355446943112639,-8.500779014673558,1.1453320715609188,43.682313218344255,-0.0146187655579951,-0.0652360980396465,0.031657083806932,0
2025-01-29 00:00:00+05:30,227.5,236.30999755859372,225.0,228.4199981689453,3635520,237.0195014953613,256.3485215998431,217.6904813908796,-7.587405894395431,-8.318104390617933,0.7306984962225016,45.94802837846034,0.0025896340830833,-0.0563496634190732,0.0316506219064178,0
2025-01-30 00:00:00+05:30,230.5,235.6999969482422,227.00999450683597,229.9499969482422,2885868,236.03000106811524,254.62958672915195,217.43041540707853,-7.560622766774003,-8.166608065849147,0.6059852990751438,48.13084056617787,0.0066981822588285,-0.06543387890196,0.03172734327553,0
2025-01-31 00:00:00+05:30,229.4499969482422,240.5800018310547,223.2100067138672,238.97999572753903,4683771,235.46750106811524,252.902923465206,218.0320786710245,-6.733136108701899,-7.879913674419697,1.146777565717798,61.55384951690079,0.039269401605295,-0.012683359989722,0.0329548952371804,0
2025-02-01 00:00:00+05:30,240.1300048828125,242.97999572753903,218.3500061035156,240.3699951171875,4866627,235.7040008544922,253.27705038486084,218.13095132412357,-5.897206312933292,-7.483372202122417,1.5861658891891244,58.97499885477624,0.0058163838584763,0.0396176122889706,0.0329863162436082,0
2025-02-03 00:00:00+05:30,235.5,235.8300018310547,229.1100006103516,232.5,3505306,235.4225006103516,253.01228598180708,217.83271523889604,-5.802876809210062,-7.1472731235399465,1.3443963143298845,57.10289011333669,-0.0327411710157528,0.0204977313409684,0.0312045494523589,0
2025-02-04 00:00:00+05:30,235.0,243.38999938964844,235.0,238.47000122070312,2960287,235.35950088500977,252.8932636612473,217.8257381087722,-5.186602863510871,-6.755139071534131,1.5685362080232608,54.61330430413271,0.0256774246051747,0.0439979123208142,0.0316359203665975,0
2025-02-05 00:00:00+05:30,241.0,247.72000122070312,239.58999633789065,244.6300048828125,3383221,235.80200119018556,253.82044362351996,217.78355875685116,-4.153264262199201,-6.234764109667146,2.0814998474679447,47.73266370746908,0.0258313566929884,0.0638400005627073,0.0320940941522909,0
2025-02-06 00:00:00+05:30,250.0,250.4199981689453,239.0,240.67999267578125,3808700,236.1705009460449,254.27559850748145,218.0654033846084,-3.611438533958108,-5.710098994525338,2.0986604605672303,42.22156033884932,-0.0161468835718802,0.0071135533460313,0.0320849566547751,0
2025-02-07 00:00:00+05:30,241.0,246.6000061035156,237.8300018310547,244.13999938964844,3358716,237.4100006103516,253.99712827297697,220.82287294772615,-2.869763270737536,-5.142031849767777,2.272268579030241,50.32116837876784,0.0143759631841444,0.0156841716896609,0.0320807021876691,0
2025-02-10 00:00:00+05:30,244.0,244.00999450683597,236.0,236.77999877929688,2713797,237.94500045776368,253.66079440887677,222.22920650665063,-2.843097363675525,-4.682244952549327,1.8391475888738016,46.20253359039732,-0.0301466397507643,0.0184085969002016,0.029759593705046,0
2025-02-11 00:00:00+05:30,235.0,241.9900054931641,228.0,230.22000122070312,4457384,238.41500015258788,252.44636788287195,224.3836324223038,-3.3131099498403955,-4.408417952007541,1.0953080021671455,39.02066910488347,-0.0277050324875975,-0.0345955464325454,0.0298757984096597,0
2025-02-12 00:00:00+05:30,227.0,230.0,218.0500030517578,224.6300048828125,3871617,238.0815002441406,253.1067775347312,223.05622295355005,-4.089522824076624,-4.344638926421358,0.2551161023447337,38.17861272191046,-0.0242811063689105,-0.0817561198577451,0.0299182954141743,0
2025-02-13 00:00:00+05:30,225.2899932861328,232.6999969482422,222.8000030517578,225.88999938964844,2538091,236.99150009155272,252.24309135167888,221.73990883142656,-4.550706878000426,-4.385852516737172,-0.164854361263254,45.850228691376856,0.0056091994811346,-0.0614508631220391,0.0280189750043375,0
2025-02-14 00:00:00+05:30,228.5,231.44000244140625,211.83999633789065,214.5,4885450,235.1544998168945,251.95211049188097,218.3568891419081,-5.768777448448304,-4.662437503079398,-1.106339945368906,40.75717534445483,-0.0504227695799904,-0.1214057486022307,0.0248381146553656,0
2025-02-17 00:00:00+05:30,213.0,216.4499969482422,207.0,215.3300018310547,3946024,233.7345001220703,252.1987033183894,215.2702969257512,-6.591154217137301,-5.048180845890979,-1.5429733712463225,40.95370059875187,0.0038694724058494,-0.0905904090667547,0.0245013264002256,0
2025-02-18 00:00:00+05:30,214.0,215.2899932861328,206.66000366210935,213.3999938964844,3934677,232.30149993896484,252.41962867811213,212.18337119981757,-7.314314378644099,-5.501407552441603,-1.812906826202496,38.62542984157081,-0.0089630238153463,-0.0730605822041241,0.0239442172609334,0
2025-02-19 00:00:00+05:30,209.9499969482422,221.7899932861328,208.0,218.1100006103516,3251275,230.9044998168945,250.88267671261104,210.92632292117807,-7.421811811440477,-5.885488404241378,-1.5363234071990997,34.75084901095521,0.022071259834018,-0.0290255270032263,0.0247142337915326,0
2025-02-20 00:00:00+05:30,216.00999450683597,226.0,215.0,224.47000122070312,2810575,230.0254997253418,249.47899936433575,210.57200008634783,-6.914103918800578,-6.0912115071532185,-0.8228924116473593,39.16894508999772,0.0291596010845627,-0.0062862374287578,0.0254016027982265,0
2025-02-21 00:00:00+05:30,223.1000061035156,230.33999633789065,221.3999938964844,222.5200042724609,2934136,229.59099960327148,249.3193504401889,209.86264876635408,-6.593089184896314,-6.191587042701839,-0.4015021421944755,42.605222402191046,-0.0086871160406192,0.0373892973075102,0.0252731382035238,0
2025-02-24 00:00:00+05:30,221.0,222.19000244140625,216.58999633789065,218.9199981689453,2033486,229.145499420166,249.4356937188963,208.8553051214357,-6.553626969327013,-6.263995028026875,-0.2896319413001382,34.9869500036442,-0.0161783481682287,0.0166720675584597,0.0236674901679466,0
2025-02-25 00:00:00+05:30,218.0,221.0,215.1000061035156,217.47999572753903,2899712,228.5984992980957,249.550124628327,207.6468739678644,-6.562896061066368,-6.323775234634774,-0.239120826431594,27.521116319215025,-0.006577756502149,0.0191190344318088,0.0235233364673775,0
2025-02-27 00:00:00+05:30,217.1000061035156,218.0,211.1000061035156,212.6699981689453,3054042,227.7344993591309,249.8446116125521,205.6243871057096,-6.879070840623854,-6.4348343558325904,-0.4442364847912632,27.134704058039688,-0.0221169654822862,-0.0249415543816566,0.0238999351863443,0
2025-02-28 00:00:00+05:30,210.0,211.1499938964844,201.1000061035156,202.32000732421875,5523833,225.90149993896483,250.0689357616794,201.73406411625027,-7.874032449365046,-6.722673974539082,-1.1513584748259644,19.31318429701747,-0.0486669061637199,-0.0986768555977601,0.0257448384280247,0
2025-03-03 00:00:00+05:30,202.32000732421875,205.9900054931641,195.3999938964844,203.3999938964844,4365180,224.0529998779297,249.1965871303003,198.9094126255591,-8.4776754367808,-7.0736742669874255,-1.404001169793374,23.01971161720509,0.0053380117297787,-0.085924905666303,0.0237662026756759,0
2025-03-04 00:00:00+05:30,200.25,206.1999969482422,198.4600067138672,202.33999633789065,3098415,222.5449996948242,249.13178440266867,195.95821498697973,-8.93856162319912,-7.446651738229765,-1.4919098849693553,25.266135442634948,-0.0052113942497619,-0.0757354374645095,0.0235812582157452,0
2025-03-05 00:00:00+05:30,203.0,219.22000122070312,202.8500061035156,217.41000366210935,5470566,221.4919998168945,247.0722457357544,195.91175389803465,-7.995625012641057,-7.556446393112024,-0.4391786195290326,44.51700970360774,0.0744786379211608,-0.0003218321997641,0.0289338635575462,0
2025-03-06 00:00:00+05:30,221.0,227.3999938964844,220.0,223.4600067138672,7207193,220.4334999084473,243.62267611597008,197.24432370092444,-6.683117453087675,-7.381780605107155,0.6986631520194795,48.279773107893,0.0278276203939562,0.0507359224988108,0.0290432561523753,0
2025-03-07 00:00:00+05:30,223.4600067138672,232.1499938964844,222.25,223.8500061035156,9363253,219.592000579834,240.8267517175027,198.35724944216528,-5.547527619470316,-7.014930007979787,1.4674023885094716,57.8400178919075,0.0017452760132949,0.1064155693944541,0.0283272586045964,0
2025-03-10 00:00:00+05:30,221.77999877929688,224.9499969482422,216.1999969482422,217.47000122070312,3544871,218.2585006713867,236.0773482389476,200.43965310382583,-5.103547055356614,-6.632653417455153,1.5291063620985383,51.64160718712755,-0.0285012495369876,0.0691740793826147,0.0287211893855176,0
2025-03-11 00:00:00+05:30,215.0,219.8999938964844,212.19000244140625,218.8999938964844,3727401,217.3645004272461,232.9212535974049,201.8077472570873,-4.583465464830766,-6.222815826930276,1.6393503620995098,54.25170116172526,0.006575585909571,0.0818424328274671,0.0285155487054622,0
2025-03-12 00:00:00+05:30,219.5,223.2400054931641,215.0200042724609,219.3800048828125,2985759,216.8225006103516,231.20438091503377,202.44062030566937,-4.085469433858918,-5.795346548316005,1.709877114457087,51.050458508334025,0.0021928323422206,0.0090612261971387,0.027945773889208,0
2025-03-13 00:00:00+05:30,221.0,224.1999969482422,215.0,215.8000030517578,3799566,216.38100051879883,230.28800531867157,202.4739957189261,-3.9343277387501994,-5.4231427864028445,1.488815047652646,42.48309481166759,-0.0163187243658191,-0.0342790809628755,0.0275554943290469,0
2025-03-17 00:00:00+05:30,216.8000030517578,218.3999938964844,213.30999755859372,215.58999633789065,2275087,215.86600036621093,229.0335269439829,202.6984737884389,-3.787828909343887,-5.096080010991053,1.3082511016471663,43.80474973052268,-0.0009731543600433,-0.036899752246624,0.0271092862603137,0
2025-03-18 00:00:00+05:30,215.58999633789065,215.58999633789065,215.58999633789065,215.58999633789065,0,215.92050018310547,229.07323580778112,202.76776455842983,-3.629884482779431,-4.802840905348729,1.172956422569298,46.81826704133752,0.0,-0.0086448929611424,0.027062221957929,0
2025-03-19 00:00:00+05:30,223.92999267578125,228.33999633789065,222.0,222.88999938964844,5665335,216.2985000610352,229.8094407442611,202.7875593778092,-2.882436218718027,-4.418759968022589,1.5363237493045618,54.64856799718896,0.0338605834025649,0.0182275267447056,0.0257186945090978,0
2025-03-20 00:00:00+05:30,226.0,236.7700042724609,223.75,231.7899932861328,11757926,217.2180000305176,232.30906836611948,202.12693169491567,-1.5540093053467672,-3.845809835487425,2.291800530140658,65.35002849385361,0.039929983044801,0.0565684571387872,0.0270113391751319,0
2025-03-21 00:00:00+05:30,232.19000244140625,237.8000030517578,228.75,229.91000366210935,8388685,217.80800018310543,233.93314184202083,201.6828585241901,-0.6454801631078908,-3.2057439010115183,2.5602637379036275,75.63649655238123,-0.0081107454095427,0.0653846172882925,0.0269917480027438,0
2025-03-24 00:00:00+05:30,233.0,240.1499938964844,231.2100067138672,237.4900054931641,10962536,218.45900039672853,236.6371768373654,200.28082395609167,0.6783588284523603,-2.4289233551187426,3.107282183571103,78.26231499892346,0.0329694302566963,0.1015817502076947,0.0274593662826272,0
2025-03-25 00:00:00+05:30,239.6499938964844,240.75,227.3500061035156,228.94000244140625,8585717,218.78000030517575,237.479382796614,200.08061781373755,1.025772509124863,-1.7379841822700215,2.763756691394885,69.61651837738351,-0.0360015278706282,0.0619231241258169,0.0281952767024743,0
2025-03-26 00:00:00+05:30,230.8999938964844,237.3000030517578,224.3500061035156,225.50999450683597,12107248,219.1095001220703,238.04995874699117,200.16904149714944,1.0126541330008365,-1.18785651921585,2.2005106522166864,57.21152788083586,-0.0149821258757441,0.0117546553203911,0.0283400026545377,0
2025-03-27 00:00:00+05:30,224.3500061035156,225.5,220.0,223.4499969482422,10971510,219.40800018310543,238.42833392182644,200.38766644438448,0.8265056953747774,-0.7849840762977247,1.611489771672502,49.990406590906034,-0.0091348392921507,-0.0359808299730839,0.0281675209266849,0
2025-03-28 00:00:00+05:30,224.3500061035156,229.19000244140625,218.63999938964844,220.7899932861328,10375701,219.81399993896488,238.57361345500053,201.0543864229292,0.4590500097117456,-0.5361772590958307,0.9952272688075764,47.18955563696314,-0.0119042456855593,-0.0396677405537339,0.0282662744906334,0
2025-04-01 00:00:00+05:30,219.9900054931641,223.69000244140625,216.1000061035156,222.00999450683597,4871263,220.7984992980957,237.6634898581888,203.93350873800264,0.2632480740522283,-0.3762921924662189,0.6395402665184472,54.60632304469727,0.0055256182698555,-0.0651817366132222,0.0277705701700528,0
2025-04-02 00:00:00+05:30,224.4199981689453,228.19000244140625,216.4499969482422,226.5500030517578,6568554,221.95599975585935,236.8564286817673,207.05557082995145,0.4690079448648703,-0.207232165000001,0.6762401098648714,57.30101621321866,0.0204495682953682,-0.0104394136636742,0.0254096418701917,0
2025-04-03 00:00:00+05:30,223.3999938964844,231.92999267578125,223.3999938964844,224.75999450683597,7822241,223.07699966430664,234.7978779851864,211.35612134342688,0.4820782965349508,-0.0693700726930107,0.5514483692279615,55.0092987638114,-0.0079011631905073,-0.0033257949459852,0.0255827888094758,0
2025-04-04 00:00:00+05:30,222.75,223.3999938964844,201.5,204.25,16308753,222.4189994812012,236.68144175941956,208.15655720298284,-1.149300087135316,-0.2853560755814718,-0.8639440115538443,41.82358788189359,-0.091252869763761,-0.0859252504384213,0.0330981995280692,0
2025-04-07 00:00:00+05:30,183.82000732421875,191.0399932861328,183.82000732421875,188.0,10356888,220.6459991455078,241.60684087822335,199.68515741279225,-3.710644403832703,-0.970413741231718,-2.7402306626009847,34.08330906692704,-0.0795593635250918,-0.148512134984481,0.0330627561839372,0
2025-04-08 00:00:00+05:30,193.8800048828125,196.75999450683597,189.3999938964844,192.5399932861328,4481066,219.08049850463868,243.43581249880168,194.72518451047569,-5.3129443966097085,-1.8389198723073163,-3.474024524302392,37.36432334443991,0.0241489004581532,-0.1327417771716386,0.032881811758799,0
2025-04-09 00:00:00+05:30,190.0,199.1999969482422,187.3699951171875,196.2400054931641,4009609,218.0189987182617,244.43338894467905,191.6046084918444,-6.212603594986831,-2.7136566168432195,-3.498946978143612,34.79055526237414,0.0192168501924308,-0.133789437873762,0.0333199202765799,0
2025-04-11 00:00:00+05:30,202.8000030517578,202.8000030517578,198.0,199.6499938964844,3498073,217.0564987182617,244.70956027160727,189.4034371649161,-6.574644021997671,-3.48585409787411,-3.088789924123561,30.43107931763565,0.0173766220335696,-0.1117191725575872,0.0332543654235279,0
2025-04-15 00:00:00+05:30,204.0,210.69000244140625,203.6499938964844,209.69000244140625,3732696,216.5719985961914,244.39269476282556,188.75130242955728,-5.982456848442581,-3.985174647987805,-1.9972822004547768,38.80150938242826,0.0502880483438805,0.0266340388808139,0.0352273606833233,0
2025-04-16 00:00:00+05:30,210.6000061035156,212.33999633789065,208.0,209.69000244140625,3344662,216.26649856567383,244.2565613916605,188.27643573968717,-5.450316392256241,-4.278202996841492,-1.1721133954147485,33.192264922011375,0.0,0.1153723534117354,0.0352193117690195,0
2025-04-17 00:00:00+05:30,208.88999938964844,214.1999969482422,208.0,210.41000366210935,2705521,216.00749893188475,244.11951712170588,187.89548074206365,-4.9138493688945175,-4.405332271252098,-0.5085170976424198,37.62522209509399,0.0034336459169259,0.09281194037137,0.0350683677953611,0
2025-04-21 00:00:00+05:30,213.6999969482422,221.4900054931641,213.0,220.38999938964844,5814373,216.24749908447265,244.42638794318137,188.06861022576396,-3.641417148748815,-4.252549246751442,0.6111320980026269,46.85581290051503,0.0474311846102413,0.1230635610501225,0.0365999926135626,0
2025-04-22 00:00:00+05:30,221.5,226.5,220.25,224.4900054931641,5428887,216.32749938964844,244.59473741996013,188.06026135933675,-2.2759336728698827,-3.85722613197513,1.5812924591052475,50.623057914640015,0.0186034126542504,0.1244177929179346,0.0367813785607613,0
2025-04-23 00:00:00+05:30,226.6999969482422,230.0,218.30999755859372,225.32000732421875,7087284,216.00400009155277,243.66780120946075,188.34019897364476,-1.113962898431936,-3.3085734852664914,2.194610586834556,52.77472309220789,0.003697277432157,0.0745386270248149,0.0360814627884006,0
2025-04-24 00:00:00+05:30,224.5,227.38999938964844,223.6199951171875,224.17999267578125,2718835,215.71749954223637,242.88921957969208,188.5457795047806,-0.2818335411444366,-2.7032254964420805,2.421391955297644,51.33047043267023,-0.0050595358218549,0.069101960349416,0.0349828832057113,0
2025-04-25 00:00:00+05:30,224.8000030517578,226.0,212.2100067138672,213.47999572753903,5783298,214.5169990539551,239.68622268337256,189.3477754245376,-0.4802295728599688,-2.258626311725658,1.7783967388656894,42.549307918145686,-0.0477294910242814,0.0145905233211234,0.0364247604292417,0
2025-04-28 00:00:00+05:30,213.5,221.0,213.1999969482422,218.1000061035156,3879328,213.97499923706056,238.2888084940661,189.661189980055,-0.2616475213015405,-1.859230553640835,1.597583032339294,46.32207496556494,0.0216414205941479,-0.0103906406482814,0.0359481391219957,0
2025-04-29 00:00:00+05:30,219.0,222.8000030517578,216.6000061035156,218.3600006103516,2605253,213.61749954223632,237.42210888500088,189.81289019947172,-0.0666717365289173,-1.5007187902184511,1.434047053689534,60.03698664959524,0.0011920884895002,-0.027306359894936,0.0351701824060043,0
2025-04-30 00:00:00+05:30,217.3999938964844,219.3999938964844,211.6000061035156,213.27999877929688,2774910,213.10899963378907,236.4594047095308,189.75859455804732,-0.3183954502353288,-1.264254122221827,0.9458586719864984,71.38023326941094,-0.0232643424475877,-0.0534351506903565,0.0353730870349193,0
2025-05-02 00:00:00+05:30,213.0,218.75,212.5500030517578,213.5,2510156,212.74449996948243,235.81598954975172,189.67301038921312,-0.4944364909436842,-1.1102905959661984,0.6158541050225141,69.12408200201872,0.0010315136063498,-0.0476402579387497,0.0353406592828436,0
2025-05-05 00:00:00+05:30,214.1999969482422,218.0,210.75999450683597,217.38999938964844,2793137,212.51350021362305,235.2849449704886,189.7420554567575,-0.3164124377267683,-0.9515149643183124,0.6351025265915442,69.2307564238673,0.018220137656433,0.0183155505919141,0.0355105069758293,0
2025-05-06 00:00:00+05:30,217.1000061035156,218.2700042724609,206.5,207.3300018310547,3162292,211.5525001525879,233.43464201209025,189.67035829308557,-0.9758359911599824,-0.9563791696866466,-0.0194568214733359,56.22972437402235,-0.0462762665570566,-0.0493810360892389,0.0368718825117608,0
2025-05-07 00:00:00+05:30,206.1999969482422,212.6999969482422,205.32000732421875,212.0500030517578,3074529,210.917000579834,231.90404438552696,189.92995677414103,-1.1048334243503175,-0.9860700206193808,-0.1187634037309368,52.095170156291445,0.0227656450056334,-0.0288972226642072,0.0369476175562921,0
2025-05-08 00:00:00+05:30,213.1499938964844,214.2899932861328,202.0200042724609,204.58999633789065,3159220,210.9340003967285,231.8988448682941,189.9691559251629,-1.788409345769736,-1.146537885649452,-0.6418714601202842,46.00187851923305,-0.0351804131407926,-0.0407445728204391,0.0376212960258387,0
2025-05-09 00:00:00+05:30,198.00999450683597,206.3999938964844,198.0,205.32000732421875,4266410,211.80000076293945,230.02832894213944,193.57167258373943,-2.2453592984480224,-1.366302168209166,-0.8790571302388563,46.010351762832784,0.0035681655965351,-0.0383137830247365,0.0318438716896654,0
2025-05-12 00:00:00+05:30,212.3000030517578,227.6000061035156,212.1100006103516,225.05999755859372,8869554,213.4260009765625,230.16104990238537,196.69095205073964,-1.0030803048019834,-1.2936577955277295,0.2905774907257461,53.174708387143625,0.096142555670202,0.0352822033694275,0.0327598501568734,0
2025-05-13 00:00:00+05:30,226.8999938964844,227.0,221.1000061035156,221.80999755859372,4397540,214.704500579834,229.73104257326625,199.67795858640176,-0.2776129416342598,-1.0904488247490356,0.8128358831147757,48.15680404259111,-0.0144405937761279,0.0698403299071894,0.0329556336078604,0
2025-05-14 00:00:00+05:30,223.0,232.5,222.5,231.8000030517578,8326998,216.31200103759767,231.43585782213475,201.18814425306056,1.0908603644804202,-0.6541869869031445,1.7450473513835647,53.95797291929454,0.0450385717646701,0.0931384094117619,0.0338921028191651,0
2025-05-15 00:00:00+05:30,232.5,233.9199981689453,226.6100006103516,227.77999877929688,7416554,217.21650085449215,232.8287374022272,201.6042643067572,1.8299105015023829,-0.157367489222039,1.9872779907244216,52.124147522959305,-0.0173425548728889,0.1133486624786228,0.0342819687166355,0
2025-05-16 00:00:00+05:30,228.3699951171875,231.0,225.3000030517578,226.0,4826694,218.03200073242184,233.69271285890304,202.3712886059407,2.2460905010884744,0.3233241088400637,1.9227663922484108,58.256397087427686,-0.0078145525894991,0.1007207867625179,0.0329180797524983,0
2025-05-19 00:00:00+05:30,226.3999938964844,231.5,225.92999267578125,226.63999938964844,5686278,218.84350051879883,234.5232374187304,203.16376361886725,2.5976150617493943,0.7781822994219298,1.8194327623274644,55.94375828756653,0.002831855706409,0.0070203583408612,0.0329063330138048,0
2025-05-20 00:00:00+05:30,228.4900054931641,231.8000030517578,224.5,225.02999877929688,5985055,219.07550048828125,234.98717664594625,203.16382433061625,2.714990494355959,1.1655439384087358,1.5494465559472232,54.55663106700377,-0.0071037796271062,0.0145169345662723,0.0329990351741475,0
2025-05-21 00:00:00+05:30,227.0,230.5800018310547,222.6100006103516,229.47000122070312,8120457,219.3245002746582,235.74079894301647,202.9082016062999,3.130199469708544,1.5584750446686972,1.571724425039846,61.15782105809106,0.0197307135292699,-0.0100517765331281,0.0316918131821483,0
2025-05-22 00:00:00+05:30,229.3999938964844,229.3999938964844,224.50999450683597,226.4600067138672,4009428,219.38150024414065,235.8930908257116,202.86990966256965,3.1797203362376365,1.8827241029824853,1.2969962332551512,58.601011892091584,-0.0131171590657767,-0.0057950306106931,0.0316364429402816,0
2025-05-23 00:00:00+05:30,227.6000061035156,240.1000061035156,225.5,238.1300048828125,17732588,220.0790008544922,238.51098516280936,201.64701654617505,4.113222631625177,2.328823808711024,1.7843988229141536,62.47594014927984,0.0515322698179125,0.0536725879770465,0.0335155270388752,0
2025-05-26 00:00:00+05:30,240.9499969482422,245.6499938964844,240.25,243.8500061035156,11368150,221.597501373291,242.56942577208483,200.6255769744972,5.254021135570355,2.91386327408289,2.340157861487465,73.17847027471045,0.0240204976416895,0.0759354339931808,0.0337587946854643,0
2025-05-27 00:00:00+05:30,245.0500030517578,247.8000030517578,244.0,245.07000732421875,6662274,222.94600143432615,246.3036764982372,199.5883263704152,6.185256287200957,3.568141876706504,2.617114410494453,71.93145464595379,0.0050030805420002,0.0890548311497638,0.0315660339023093,0
2025-05-28 00:00:00+05:30,251.0,257.8999938964844,247.0,248.47999572753903,24497092,224.45200119018557,250.31439995373825,198.5896024266329,7.116391093020269,4.277791719969256,2.8385993730510126,80.80864946105817,0.0139143440707087,0.0828430487894242,0.0314322693990701,0
2025-05-29 00:00:00+05:30,251.0,256.45001220703125,247.25999450683597,251.32000732421875,10041525,226.35400161743163,254.2705178939016,198.43748534096167,7.991367822180535,5.020506940411512,2.970860881769023,81.36078694909506,0.0114295381741464,0.1097765604227074,0.0314221529479367,0
2025-05-30 00:00:00+05:30,252.3500061035156,253.3000030517578,246.1999969482422,247.50999450683597,4984866,228.05450134277345,256.80512834209225,199.30387434345468,8.281888535410275,5.672783259411265,2.60910527599901,69.55233369559988,-0.0151600059937434,0.0393902046432135,0.0310774791683085,0
2025-06-02 00:00:00+05:30,246.0,253.58999633789065,242.91000366210935,252.42999267578125,6483562,229.80650100708007,260.0524613128936,199.56054070126655,8.807602469105433,6.299747101350098,2.507855367755335,75.9140032666403,0.0198779777711539,0.0351855089502166,0.031151510121,0
2025-06-03 00:00:00+05:30,255.6999969482422,257.5,247.69000244140625,248.38999938964844,7881642,231.85950088500977,261.2435039527317,202.47549781728785,8.796836400381864,6.799164961156452,1.997671439225412,65.61264334012651,-0.0160044107410078,0.0135471170123133,0.0315085199053066,0
2025-06-04 00:00:00+05:30,249.6300048828125,254.3999938964844,247.4600067138672,253.1199951171875,4964622,233.91300048828128,263.208225428899,204.61777554766348,9.065474194884956,7.252426807902153,1.8130473869828032,73.53268764995927,0.0190426174127853,0.0186735329581066,0.029138917258726,0
2025-06-05 00:00:00+05:30,253.8999938964844,255.5,249.6000061035156,253.7100067138672,5238032,236.36900100708007,263.4670397112173,209.2709623029428,9.219701606326112,7.645881767586945,1.5738198387391664,76.31529144861672,0.0023309561001156,0.0095097856119557,0.0290301866967995,0
2025-06-06 00:00:00+05:30,256.0,261.760009765625,254.8500061035156,256.0799865722656,15757786,238.90699996948243,263.1148575508171,214.69914238814775,9.424525446087271,8.001610503287012,1.4229149428002614,77.06876866487255,0.0093412943742154,0.0346248323527516,0.0272138036901716,0
2025-06-09 00:00:00+05:30,259.0,260.8900146484375,256.4100036621094,258.8699951171875,5943138,240.5974998474121,265.44746078765843,215.7475389071658,9.70016274924336,8.341320952478283,1.3588417967650788,80.45356175745226,0.0108950667417133,0.0255120335469714,0.0271595045589106,0
2025-06-10 00:00:00+05:30,261.0,265.3399963378906,260.6000061035156,263.6400146484375,10152732,242.6890007019043,267.91940167747003,217.45859972633855,10.186089114616408,8.710274584905907,1.475814529710501,80.56897877257012,0.0184263129030874,0.0613954478693259,0.0191556392862806,0
2025-06-11 00:00:00+05:30,265.0,267.1000061035156,258.20001220703125,259.5299987792969,6243380,244.07550048828125,269.82867585450936,218.3223251220532,10.122855353030047,8.992790738530735,1.1300646144993127,79.01383678648338,-0.0155894994719268,0.0253239719728255,0.019223660506423,0
2025-06-12 00:00:00+05:30,261.5299987792969,262.8999938964844,254.0,254.75,5360904,245.4240005493164,270.3970648278904,220.45093627074243,9.57664261323322,9.109561113471232,0.4670814997619867,66.58680934994561,-0.0184179046806907,0.0040991417705715,0.0180065132244489,0
2025-06-13 00:00:00+05:30,247.5200042724609,256.8800048828125,247.5200042724609,253.7100067138672,4711493,246.80950088500973,270.27427892251006,223.34472284750944,8.956600203236746,9.078968931424336,-0.1223687281875882,60.854243045950696,-0.0040824074038579,-0.0092548421691268,0.0174193524767876,0
2025-06-16 00:00:00+05:30,254.0,263.79998779296875,246.55999755859372,262.760009765625,10826728,248.6155014038086,271.082821648577,226.14818115904012,9.09068003767328,9.081311152674123,0.0093688849991568,66.61032141152171,0.0356706586743515,0.0150269043219031,0.0183437990647105,0
