Date,Open,High,Low,Close,Volume,BBM_20_2.0,BBU_20_2.0,BBL_20_2.0,MACD_12_26_9,MACDs_12_26_9,MACDh_12_26_9,RSI_14,price_change_1d,price_change_5d,volatility_21d,label
2020-07-17 00:00:00+05:30,30.34178786926874,31.41621380854092,30.16987906320764,30.427743911743164,68818173,28.1349157333374,32.16171991773893,24.10811154893587,1.1368553741485885,0.9814050842298948,0.1554502899186934,71.1191676422678,0.0260871394136454,-0.0406502114275006,0.0341630456562475,0
2020-07-20 00:00:00+05:30,30.4277382066745,30.771552475445265,29.9549882589231,30.55666732788086,27638440,28.32186574935913,32.43737434164736,24.206357157070908,1.1600668013566882,1.0171374276552536,0.1429293737014345,69.58177157055118,0.0042370350069871,-0.0055945684543853,0.0341293092465101,0
2020-07-21 00:00:00+05:30,30.599648055503128,31.029418411782032,30.16987769922422,30.814533233642575,31595112,28.465838813781737,32.72338737943773,24.208290248125746,1.1856027575906791,1.0508304936423387,0.1347722639483406,70.52240554652761,0.0084389407717389,0.0482455921225128,0.0335902005660159,0
2020-07-22 00:00:00+05:30,30.7715538262366,31.50216532735981,29.783084071381367,30.212854385375977,42531617,28.65064001083374,32.872695362934266,24.428584658733214,1.144101245290166,1.0694846439719043,0.0746166013182616,64.9056801582833,-0.0195258141249305,0.0555555074283939,0.0330984590699473,0
2020-07-23 00:00:00+05:30,30.212854385375977,30.556668669239297,30.16987473086669,30.212854385375977,11579750,28.835441207885744,32.98721089953253,24.68367151623896,1.0985476245955716,1.075297240096638,0.0232503844989337,66.66667240060406,0.0,0.0188406153190685,0.0306414110658109,0
2020-07-24 00:00:00+05:30,29.912012898114615,29.912012898114615,28.923543153177548,29.525218963623047,15870701,29.00090265274048,32.97299952029698,25.028805785183977,0.9954842969645838,1.059334651470227,-0.0638503545056432,59.84249753460121,-0.0227596973454374,-0.0296612509536666,0.0312849515879662,0
2020-07-27 00:00:00+05:30,29.52522224653427,29.61117828536055,28.83759033036211,29.224384307861328,13712354,29.192150402069093,32.7842821282173,25.60001867592089,0.8793939190508837,1.0233465049863586,-0.1439525859354748,56.224892154009225,-0.010189074503812,-0.0436004033333803,0.0312546640637361,0
2020-07-28 00:00:00+05:30,29.48224159005884,30.68559972797436,29.310332816229888,30.55666732788086,29751288,29.413481998443604,32.74741609786968,26.079547899017523,0.8846973234898492,0.9956166686870568,-0.1109193451972075,50.90086866265295,0.0455880611883805,-0.008368321006407,0.0312239613186666,0
2020-07-29 00:00:00+05:30,30.2988057953267,31.330255159030145,30.16987339528109,30.4707145690918,38860031,29.63266468048096,32.60228795492223,26.66304140603968,0.8719137613264927,0.970876087214944,-0.0989623258884513,43.65480815478731,-0.002812897030516,0.0085347839176901,0.0309991233676538,0
2020-07-30 00:00:00+05:30,30.599648694147486,30.8145338767718,29.224384836906932,29.43927001953125,25902582,29.763744831085205,32.42568697291107,27.101802689259337,0.7696813338965072,0.9306371365512568,-0.1609558026547495,37.78801965841158,-0.0338503564536291,-0.0256044780138074,0.0322603964124058,0
2020-07-31 00:00:00+05:30,29.65415466532988,29.912016224033486,28.83759033036211,29.224384307861328,26453718,29.899122524261475,32.10151883562559,27.696726212897364,0.663671525333573,0.8772440143077199,-0.2135724889741469,41.20601793515956,-0.0072992880437374,-0.010189074503812,0.03198926002743,0
2020-08-03 00:00:00+05:30,29.052472278749903,29.86903652292383,28.88056349909951,29.525218963623047,29156107,30.006564807891845,31.875128764013457,28.138000851770236,0.59705040540533,0.821205292527242,-0.2241548871219119,50.85711909079821,0.0102939604336094,0.0102939604336094,0.031802002717419,0
2020-08-04 00:00:00+05:30,29.69712449011275,30.08391838223313,29.48223935881108,29.740100860595703,19087784,30.09896488189697,31.689334385077807,28.508595378716137,0.5551919538764061,0.7680026247970748,-0.2128106709206687,58.02466091853415,0.0072779103598656,-0.0267230211502841,0.0312099262238087,0
2020-08-05 00:00:00+05:30,30.169876094974047,32.14682225184515,30.1268997174089,31.588119506835938,81716003,30.15913257598877,31.880671263390475,28.437593888587067,0.6634901878045163,0.7471001373985632,-0.0836099495940468,62.43096469452827,0.0621389501973335,0.0366714385778661,0.0335534588438706,0
2020-08-06 00:00:00+05:30,31.803006286275814,32.57659423722675,31.54514472892137,32.275753021240234,44354859,30.195663166046145,32.06564351300594,28.325682819086342,0.7956320453040391,0.7568065189796584,0.0388255263243806,62.01117650865387,0.0217687385365086,0.0963503171045729,0.027982829686915,0
2020-08-07 00:00:00+05:30,32.275749754353086,32.87742884653777,31.888955818028133,32.40468215942383,30210437,30.23004484176636,32.23799928717859,28.22209039635413,0.9003799042792302,0.7855211960395729,0.1148587082396572,62.0112047651492,0.0039946128630599,0.1088234338167735,0.0268186748132301,0
2020-08-10 00:00:00+05:30,32.66254045231298,32.92040195800122,31.931932306381807,32.74849319458008,24215712,30.331040477752687,32.62710012162809,28.034980833877285,0.999613096830327,0.8283395761977238,0.1712735206326031,62.43092784718503,0.0106099184514378,0.1091702058138268,0.0268790842840591,0
2020-08-11 00:00:00+05:30,33.00636399099042,35.06925969112262,32.877431575218864,33.436134338378906,75064417,30.533032608032222,33.16855166096623,27.89751355509822,1.1208228620457064,0.8868362333673203,0.233986628678386,70.49184740893041,0.0209976422338915,0.1242777721268686,0.0260720553908288,0
2020-08-12 00:00:00+05:30,32.8344546667717,33.43613379919045,32.49063708285028,33.30720138549805,18065708,30.767257404327392,33.51805635851142,28.01645845014336,1.1927296179014988,0.948014910274156,0.2447147076273427,69.3548644945098,-0.0038560962692647,0.054421785959436,0.0237824735333011,0
2020-08-13 00:00:00+05:30,33.60803931226368,34.08078930987751,32.96338380157662,33.30720138549805,15903731,30.9499098777771,33.869456482426926,28.03036327312727,1.2354744594648537,1.0055068201122956,0.229967639352558,75.88241928190948,0.0,0.0319573756677042,0.0226480178205419,0
2020-08-14 00:00:00+05:30,33.479110179717004,33.99483327674644,32.96338380380008,33.39315414428711,20231298,31.0981803894043,34.20148681445339,27.994873964355207,1.2617411570094568,1.056753687491728,0.2049874695177287,79.39395862965299,0.0025806058513966,0.0305039864301157,0.0216958780390439,0
2020-08-17 00:00:00+05:30,33.60804367510707,33.95186130366134,33.393158476982634,33.565067291259766,11048607,31.24860038757324,34.5280322132207,27.969168561925784,1.281655531117611,1.101734056216905,0.1799214749007063,75.36237756732349,0.0051481554042438,0.0249347074330379,0.0211967339846929,0
2020-08-18 00:00:00+05:30,33.56505611815141,35.32711350044201,33.393147361099125,35.026275634765625,25628065,31.459187507629395,35.137865030213526,27.780509985045263,1.3992158284778284,1.1612304106690896,0.2379854178087388,81.17647488809537,0.0435336038753109,0.0475575699120669,0.0228090512375804,0
2020-08-19 00:00:00+05:30,35.49903436500092,35.7568959490837,35.06926396523362,35.327125549316406,22445005,31.714901065826417,35.72488818912442,27.70491394252841,1.4993754184139263,1.228859412218057,0.2705160061958693,94.77121073766943,0.0085892636056392,0.0606452682841684,0.022809626220937,0
2020-08-20 00:00:00+05:30,34.897349235128594,36.27261624863574,34.080788237072255,35.92879867553711,29129174,32.000698280334475,36.3595289381404,27.64186762252855,1.6087578488781773,1.304839099550081,0.3039187493280963,98.14812176733584,0.0170314769986246,0.0787096237746503,0.0220857042223823,0
2020-08-21 00:00:00+05:30,36.44453048311525,38.46445001007817,36.27262167086805,36.48750686645508,51668043,32.34881267547608,36.97885082787568,27.71877452307648,1.720692225880626,1.38800972481619,0.3326825010644358,98.21426307113572,0.0155504278326561,0.092664284086424,0.0220466406794479,0
2020-08-24 00:00:00+05:30,36.960248115945625,37.56192722942455,35.58498438132586,35.92879867553711,29942088,32.68403339385986,37.33237756256095,28.035689225158777,1.744211757010106,1.4592501312549735,0.2849616257551326,90.90900379856892,-0.0153123147866158,0.0704223639346866,0.0215604636192541,0
2020-08-25 00:00:00+05:30,36.31559878033636,36.31559878033636,34.55354079706804,35.327125549316406,48360282,32.92255630493164,37.60075046523811,28.24436214462517,1.6947649664072202,1.506353098285423,0.1884118681217972,79.59181948277008,-0.016746263398736,0.0085892636056392,0.0219062285229536,0
2020-08-26 00:00:00+05:30,35.627960205078125,36.01475414908684,35.28414263731764,35.627960205078125,35558982,33.18041858673096,37.858113725310325,28.502723448151592,1.6607092486861532,1.537224328365569,0.1234849203205841,78.26083321058985,0.0085156845082614,0.0085156845082614,0.0202678835644269,0
2020-08-27 00:00:00+05:30,35.84285148677702,35.885827870365155,34.553540305805825,34.98331069946289,76106020,33.45762062072754,37.85023066153415,29.06501057992093,1.563676925252352,1.5425148477429258,0.0211620775094263,70.00004733935096,-0.0180939212322166,-0.0263156022725016,0.0209216000069751,0
2020-08-28 00:00:00+05:30,35.45605031003381,37.0891787873842,34.85437122475276,35.19818878173828,94254826,33.756310844421385,37.729280831412446,29.78334085743032,1.486976041088262,1.5314070864119933,-0.0444310453237313,69.38779453508094,0.0061423026574409,-0.0353358778234896,0.0187427433507361,0
2020-08-31 00:00:00+05:30,35.58498491925587,35.84284646353419,32.748498095532085,33.092315673828125,57666292,33.93466567993164,37.39508464130464,30.47424671855864,1.2419472823105977,1.4735151255917145,-0.2315678432811165,47.77775914883713,-0.0598290190716499,-0.0789473376865301,0.0238070225192683,0
2020-09-01 00:00:00+05:30,33.43612902648256,34.81139260808674,33.006358747370385,34.46757507324219,30350983,34.17103939056396,37.01620296445368,31.32587581667424,1.145527240688068,1.407917548610985,-0.2623903079229168,56.459308807134896,0.0415582702935992,-0.0243311750590715,0.0250219740862563,0
2020-09-02 00:00:00+05:30,34.72544690214084,36.14368714333463,33.95185893138955,35.756893157958984,37788910,34.37947807312012,37.0322051001022,31.726751046138038,1.1597816166513866,1.3582903622190652,-0.1985087455676786,61.92470359635922,0.0374066954805218,0.0036188699027031,0.0258470061491121,0
2020-09-03 00:00:00+05:30,36.14368821005928,36.31559701739848,35.11223864491182,36.0147590637207,26752019,34.56642837524414,37.120065193320336,32.01279155716795,1.1783031901118832,1.322292927797629,-0.1439897376857457,62.55147610493272,0.0072116418119039,0.0294840123371642,0.022816016421573,0
2020-09-04 00:00:00+05:30,35.06925525785105,36.229637016443085,34.46757619179078,34.81139373779297,33046839,34.6867639541626,37.02960469676437,32.34392321156083,1.0833914830327132,1.2745126388446455,-0.1911211558119325,55.430680234183605,-0.0334131161005027,-0.0109890610094685,0.0241121514161993,0
2020-09-07 00:00:00+05:30,34.94033380206702,35.54200972122879,34.166745793304976,34.72544860839844,21726444,34.78561172485352,36.94365535005447,32.627568099652564,0.9898280955627712,1.2175757301882708,-0.2277476346254996,48.510698570376384,-0.0024688792997455,0.0493508206154915,0.0241519239381567,0
2020-09-08 00:00:00+05:30,34.98330636787747,34.98330636787747,32.834454665660026,33.26422500610352,65744243,34.77701625823975,36.95892870087211,32.59510381560739,0.788678509235865,1.1317962859977897,-0.3431177767619247,40.83967564838984,-0.0420793297380619,-0.0349125247303183,0.0260474041448013,0
2020-09-09 00:00:00+05:30,32.66254692271704,34.1237667829319,32.017891391347625,33.82292556762695,33871868,34.80280246734619,36.92288979295187,32.68271514174051,0.6666635959760754,1.038769747993447,-0.3721061520173716,40.61303125010628,0.0167958388154518,-0.0540865667995419,0.0259024075573062,0
2020-09-10 00:00:00+05:30,34.08078875226368,34.295673918976846,32.44766017368862,33.092315673828125,34271287,34.7920581817627,36.94596735520042,32.63814900832497,0.5051882895466875,0.9320534563040952,-0.4268651667574077,35.09430309428835,-0.0216010259768338,-0.0811457154196677,0.0263498601112615,0
2020-09-11 00:00:00+05:30,33.092316748913106,33.69399589103449,32.66254640152462,33.436134338378906,27698575,34.79420719146729,36.942317599948886,32.64609678298569,0.400346295760805,0.8257120241954372,-0.4253657284346321,38.846156340927095,0.0103896828478129,-0.0395060137428802,0.0264467324747247,0
2020-09-14 00:00:00+05:30,33.8229223043152,34.55353380337538,33.60803714792466,33.99483108520508,19240968,34.81569538116455,36.92019079374309,32.711199968586016,0.3582111830456256,0.732211855965475,-0.3740006729198494,44.01540815679581,0.0167093702032679,-0.0210398296486414,0.0266804710656623,0
2020-09-15 00:00:00+05:30,33.951858521438844,34.33865250214416,32.87743261886166,33.90888214111328,40622954,34.759825706481934,36.89981179943096,32.61983961353291,0.314260837850675,0.648621652342515,-0.3343608144918399,42.125989480025886,-0.0025282944891349,0.0193798934107582,0.0266761493157663,0
2020-09-16 00:00:00+05:30,33.60804156604373,34.12376797651086,32.57659530288488,32.66254806518555,25760010,34.62659683227539,36.94242625082424,32.310767413726545,0.1768228252979966,0.5542618869336113,-0.3774390616356147,39.92535434990256,-0.036755386707856,-0.0343074255986904,0.0259941487647265,0
2020-09-17 00:00:00+05:30,33.04933874333332,33.95185577265165,32.318727221399534,32.79147720336914,35814255,34.46973075866699,36.838579384874016,32.100882132459965,0.0774133412978841,0.4588921778064659,-0.3814788365085818,39.47369211369057,0.003947308027723,-0.0090908860360264,0.0259103026741198,0
2020-09-18 00:00:00+05:30,33.00636513391211,33.22125031504725,32.404685970956194,32.53361511230469,12510061,34.272036170959474,36.59128371185197,31.952788630066976,-0.0219239806822386,0.362728946108725,-0.3846529267909637,47.08520607748265,-0.0078636924303598,-0.026992331617662,0.0255038484277186,0
2020-09-21 00:00:00+05:30,32.662550030808944,32.79148246090677,30.08392765995561,30.384765625,19226309,33.99483451843262,36.76227733078648,31.227391706078755,-0.2709207136347658,0.2359990141600269,-0.5069197277947927,30.29050350109829,-0.0660501293780893,-0.1061945403157546,0.0283672949203395,0
2020-09-22 00:00:00+05:30,30.427743906959066,30.728581858352875,29.052476737574256,30.513696670532227,24497183,33.754163074493405,36.85132238806782,30.657003760918982,-0.4526311108783716,0.0982729891523472,-0.5509041000307188,21.495321675872205,0.0042432792513016,-0.1001267295233102,0.0284460724202141,0
2020-09-23 00:00:00+05:30,30.943465417959835,31.11537421494824,28.79461365282373,29.912015914916992,32810668,33.468365859985354,36.876753602559965,30.059978117410743,-0.6378359426610061,-0.0489487972103234,-0.5888871454506825,18.01797497369645,-0.0197183829318291,-0.0842105810232332,0.0285024579718869,0
2020-09-24 00:00:00+05:30,29.2243815487091,29.56819911377825,28.064003004653514,28.23590850830078,36129941,33.130995750427246,37.18298521687078,29.07900628398371,-0.909377231421221,-0.2210344840525029,-0.688342747368718,17.167349519907518,-0.0560345852778295,-0.1389253880456565,0.0301235838941184,0
2020-09-25 00:00:00+05:30,28.708657998336367,29.69712774327344,28.27888768865401,29.525218963623047,17492984,32.847347259521484,37.08024221019923,28.61445230884374,-1.0089090055931536,-0.3786093883606331,-0.6302996172325204,26.819879134968215,0.0456620850341413,-0.092470392186567,0.0324506190491256,0
2020-09-28 00:00:00+05:30,29.78308330051021,31.02941455572614,29.74010364711336,30.68560028076172,15164031,32.72701148986816,37.066091550713104,28.38793142902322,-0.9828261708211484,-0.4994527448527362,-0.4833734259684123,38.18895752944326,0.0393013619498752,0.0099008384489296,0.0339228528849263,0
2020-09-29 00:00:00+05:30,30.90049065955581,31.28728465335006,29.912017484180268,30.59964942932129,36276344,32.53361520767212,36.89080503690952,28.17642537843472,-0.9580470813474912,-0.5911716121516872,-0.3668754691958038,34.56789559763705,-0.0028010158072193,0.002816858269161,0.0315976290869155,0
2020-09-30 00:00:00+05:30,30.599647578057247,30.685603615304423,28.880566179764426,29.009498596191406,26512197,32.19624547958374,36.54747641772544,27.84501454144204,-1.054564988461422,-0.6838502874136343,-0.3707147010477878,31.939155606089894,-0.0519663088560146,-0.0301724003254325,0.0315583781744072,0
2020-10-01 00:00:00+05:30,29.439270022244767,29.954993149035587,29.22438483960064,29.353317260742188,21021810,31.863173389434813,35.99813867883207,27.72820810003756,-1.0907394667949433,-0.7652281232898961,-0.3255113435050472,31.939155606089894,0.0118519340625873,0.0395740321977919,0.0301955322942627,0
2020-10-05 00:00:00+05:30,29.43926650863077,30.81453020185861,29.43926650863077,30.212854385375977,32322342,31.633246421813965,35.5853125468832,27.681180296744724,-1.0380841510820993,-0.8197993288483367,-0.2182848222337625,33.70370376458254,0.0292824527121966,0.0232897653561905,0.0311537192525666,0
2020-10-06 00:00:00+05:30,30.51369790533078,30.642630334795783,29.267363109758,29.48224830627441,19373127,31.371086406707764,35.15136619808763,27.590806615327896,-1.04328193395812,-0.8644958498702935,-0.1787860840878266,31.92981937068214,-0.0241819614188852,-0.0392155266143431,0.0308386962358917,0
2020-10-07 00:00:00+05:30,29.654151603357118,29.74010435442063,28.622702196158546,28.79461097717285,21668837,31.14760570526123,34.984691416397816,27.310519994124643,-1.0903192780319555,-0.909660535502626,-0.1806587425293296,33.4558641769339,-0.0233237751055511,-0.0589888605200427,0.0310065466113361,0
2020-10-08 00:00:00+05:30,28.9665222170116,29.82606291615801,28.837589800584613,29.009498596191406,21527332,30.90693435668945,34.639889691282306,27.1739790220966,-1.0976045748287009,-0.947249343367841,-0.1503552314608597,33.94161257844358,0.0074627720856832,0.0,0.0301911281459901,0
2020-10-09 00:00:00+05:30,29.396295028599216,30.25583579973435,29.09545379136922,29.18140983581543,31357732,30.71138906478882,34.37135233509513,27.051425794482505,-1.077090397080319,-0.9732175541103366,-0.1038728429699823,35.66178768082044,0.0059260327804009,-0.0058564905424393,0.0298712387323527,0
2020-10-12 00:00:00+05:30,29.568196900582183,29.654149645972208,28.53674756146661,28.83758544921875,22895449,30.48146162033081,33.99556533938937,26.967357901272248,-1.076171087552055,-0.9938082607986802,-0.0823628267533747,42.17389156630225,-0.0117823089607785,-0.0455193315605063,0.0297006202561454,0
2020-10-13 00:00:00+05:30,28.7946137223609,29.00949889939345,28.36484336829581,28.407819747924805,11039140,30.2021110534668,33.41566407444629,26.9885580324873,-1.097470076628266,-1.0145406239645975,-0.0829294526636683,39.662449074674,-0.0149029710566697,-0.0364432368653835,0.0295104597217387,0
2020-10-14 00:00:00+05:30,28.36484145852255,28.7086590301808,28.106979919222542,28.32186508178711,13586333,29.922760200500488,32.72453855964149,27.120981841359487,-1.10850731976587,-1.0333339631248522,-0.0751733566410179,41.7777841773504,-0.0030257396343826,-0.0164178601253031,0.029017408596456,0
2020-10-15 00:00:00+05:30,28.53674969393292,29.05247276258563,28.064003001186723,28.19293212890625,13454670,29.699279403686525,32.28565315687943,27.112905650493627,-1.1148074202343672,-1.0496286545467552,-0.0651787656876119,49.73545408393051,-0.0045524174523298,-0.0281482447749842,0.0290008083721625,0
2020-10-16 00:00:00+05:30,28.36484121279656,29.31033460833484,28.149956052093557,29.09544944763184,14610588,29.51447801589966,31.661407572910026,27.367548458889296,-1.0350433547744906,-1.0467115945923025,0.0116682398178118,47.22223112573589,0.0320121835713651,-0.0029457243041798,0.0295106245025821,0
2020-10-19 00:00:00+05:30,29.396292802967967,30.04094833251162,29.3103367650296,29.86903953552246,15157981,29.381249237060548,31.006687341386268,27.755811132734827,-0.8990438850266216,-1.0171780526791665,0.1181341676525447,44.44447328172556,0.0265880095539678,0.035767699349172,0.0302606526042642,0
2020-10-20 00:00:00+05:30,29.78308050996555,29.95498599189737,29.52521572929404,29.740100860595703,9770876,29.349015998840333,30.91514986494428,27.782882132736383,-0.7925317858163083,-0.9722487993065948,0.1797170134902863,44.186011108029135,-0.0043168001693999,0.0468983936286846,0.030247869556766,0
2020-10-21 00:00:00+05:30,29.740108682822783,30.857514282600366,29.69713230103621,30.513696670532227,18830923,29.349015998840333,30.91514986494428,27.782882132736383,-0.6383390875133905,-0.905466856947954,0.2671277694345634,61.43786811468717,0.0260118758023952,0.0773900865079191,0.0273069266555487,0
2020-10-22 00:00:00+05:30,30.85751532355753,31.373238480169555,30.16988007622434,30.9864444732666,38367335,29.402737426757813,31.116899236853733,27.688575616661893,-0.4725462474566413,-0.8188827350496914,0.3463364875930501,62.179433016951904,0.0154929705121871,0.0990855556132865,0.0274925367038106,0
2020-10-23 00:00:00+05:30,31.33025742091621,31.8030041237348,30.55666952256772,31.416210174560547,26294137,29.5617525100708,31.40532071644809,27.718184303693505,-0.3029831259704245,-0.7157028132338381,0.4127196872634135,59.58898842065491,0.0138694744943945,0.0797637008875147,0.0271965910542243,0
2020-10-26 00:00:00+05:30,31.416209301145727,31.416209301145727,29.9549895776044,30.255830764770508,17021644,29.59828310012817,31.467578096327024,27.728988103929325,-0.2592476062026989,-0.6244117718276103,0.3651641656249114,55.76917277703779,-0.0369356903121835,0.0129495703666013,0.0253940823423319,0
2020-10-27 00:00:00+05:30,30.34178263137307,30.427738659008927,29.224380503204458,29.310333251953125,19003973,29.529519748687743,31.33032900899873,27.728710488376755,-0.2974517999290569,-0.5590197774478997,0.2615679775188427,53.70367275710875,-0.0312500925910224,-0.0144507784508559,0.0245574196975396,0
2020-10-28 00:00:00+05:30,29.396294167443536,30.083926108430106,29.052476557506385,29.56820297241211,19587914,29.477947425842284,31.20738093399672,27.74851391768785,-0.3034232925278601,-0.5079004804638918,0.2044771879360316,53.98773139765682,0.0087979115843659,-0.0309858785164237,0.0229632678931051,0
2020-10-29 00:00:00+05:30,29.224383228137757,29.43926839893288,28.493774958989302,28.880565643310547,19325359,29.47150077819824,31.20922801338899,27.73377354300749,-0.3594982569421177,-0.478220035759537,0.1187217788174193,47.99997666857122,-0.0232559729701241,-0.0679612929380423,0.0234493761252773,0
2020-10-30 00:00:00+05:30,29.09544865394069,29.740104118464224,28.708657998336367,29.525218963623047,18625629,29.480095863342285,31.2170621553833,27.74312957130127,-0.3479094512936918,-0.4521579188663679,0.1042484675726762,54.39559608866347,0.0223213536837987,-0.0601915762732176,0.021097063593591,0
2020-11-02 00:00:00+05:30,29.654155204888887,29.82606400678172,29.22438483960064,29.353317260742188,12294902,29.4371190071106,31.1399460114923,27.734292002728893,-0.3485780789921868,-0.4314419508915317,0.0828638718993449,56.24999842398766,-0.0058221990865725,-0.0298294074634762,0.020996973876962,0
2020-11-03 00:00:00+05:30,29.654158151848478,30.0409521748241,29.568205381804116,29.826066970825195,12299345,29.45430994033813,31.165974404731905,27.742645475944364,-0.3074173052565534,-0.4066370217645361,0.0992197165079827,59.459464646370144,0.0161054951944146,0.0175956279459124,0.0202690104721779,0
2020-11-04 00:00:00+05:30,29.82606315599707,30.1698774710878,29.43926918249336,29.86903953552246,12441955,29.50803136825561,31.199844812148264,27.816217924362967,-0.2682374938324834,-0.3789571161781256,0.1107196223456422,60.655730946258565,0.001440772085012,0.010174326907558,0.0195244492883009,0
2020-11-05 00:00:00+05:30,30.12690271360243,33.350180534862766,30.12690271360243,32.87743377685547,85133089,29.701428127288818,31.94698031588466,27.455875938692976,0.0055016425614589,-0.3020653644302087,0.3075670069916676,68.96550272930828,0.1007194837234455,0.1383930004317868,0.0285417312097429,0
2020-11-06 00:00:00+05:30,33.0923145662629,33.8659024520941,32.318726680431695,32.61956787109375,41712940,29.873336029052734,32.45284928414729,27.293822773958176,0.1993364305294385,-0.2017850054382793,0.4011214359677178,64.54541108186254,-0.0078432491876311,0.1048035887992275,0.0287164363636654,0
2020-11-09 00:00:00+05:30,33.049337635140645,33.60803707318114,31.974911855577474,32.49063491821289,28838164,30.05598850250244,32.836227291874664,27.275749713130217,0.338644402861096,-0.0936991237784042,0.4323435266395002,64.54545014407547,-0.0039526260246726,0.106881196070695,0.0287981757254012,0
2020-11-10 00:00:00+05:30,32.576591494966976,33.049338190136126,32.1468211759246,32.61956787109375,18913828,30.26657590866089,33.157022769797805,27.37612904752397,0.4542148799563286,0.0158836769685423,0.4383312029877863,61.95118783062197,0.0039683112750925,0.093659713934159,0.028529128738958,0
2020-11-11 00:00:00+05:30,32.79147985551973,34.29567611900435,32.66254743566599,34.037811279296875,47615635,30.552373218536378,33.747483248597995,27.35726318847476,0.6527215383923703,0.1432512492533079,0.5094702891390624,65.63873758100682,0.0434783015461073,0.1395683225373418,0.0292003380285974,0
2020-11-12 00:00:00+05:30,34.381625022485494,34.55353380337538,33.77994592881454,33.99483108520508,30338907,30.84246816635132,34.18570677358771,27.499229559114923,0.797379656574055,0.2740769307174573,0.5233027258565977,63.76143613880938,-0.0012627190902235,0.0339867556553703,0.0291664266316908,0
2020-11-13 00:00:00+05:30,33.822921734457864,33.822921734457864,33.264222304587946,33.65101623535156,13598972,31.070246505737305,34.531007579404886,27.60948543206973,0.8742020157699741,0.3941019477279607,0.4801000680420134,69.84920644655543,-0.0101137390267295,0.0316205404171476,0.0293216539245383,0
2020-11-14 00:00:00+05:30,33.95185525124567,34.295672818509416,33.7799464676138,34.080787658691406,3592162,31.28083391189575,34.94067681846104,27.620991005330467,0.9587118179617562,0.5070239217747199,0.4516878961870363,79.67911189503593,0.012771424801381,0.0489418795441003,0.0288589862910483,0
2020-11-17 00:00:00+05:30,34.29567392078808,35.155214587686146,34.29567392078808,34.639488220214844,20430699,31.52580327987671,35.40096408688817,27.650642472865243,1.0585664164049111,0.6173324207007582,0.4412339957041531,80.41231877725461,0.0163934169338646,0.0619235778077573,0.0286143800834651,0
2020-11-18 00:00:00+05:30,34.639483833358426,35.02627774025521,34.209713554336886,34.424598693847656,15968025,31.72134838104248,35.77218418596292,27.670512576122043,1.107594456769494,0.7153848279145054,0.3922096288549885,85.24584677483895,-0.0062035999204451,0.0113634631609242,0.0286561326480011,0
2020-11-19 00:00:00+05:30,34.338649747239,34.940328860188515,33.994832174442884,34.29567337036133,17608908,31.886809825897217,36.07912237739379,27.694497274400643,1.12309993886511,0.7969278501046264,0.3261720887604835,82.45615401065966,-0.0037451510948004,0.008849647889181,0.0284229038560541,0
2020-11-20 00:00:00+05:30,34.46758474978182,35.584990412287134,34.03781435001453,35.327125549316406,27450386,32.08235559463501,36.53876663129389,27.625944557976133,1.2047303343966718,0.8784883469630356,0.3262419874336362,86.38738346030982,0.0300752858186033,0.0498085793974933,0.0288427038792942,0
2020-11-23 00:00:00+05:30,35.58498752748828,37.991700915300434,35.0692611222436,37.17513656616211,70283696,32.42832088470459,37.33887840986434,27.517763359544837,1.4023763341267994,0.9832659443957884,0.4191103897310111,88.34075630528048,0.0523113892826037,0.0907945244241317,0.0304965948345535,0
2020-11-24 00:00:00+05:30,37.26108223822302,37.7338321728062,36.4015416719075,37.30406188964844,19487876,32.82800731658936,37.96600817357201,27.690006459606703,1.5515303331207946,1.0969188221407895,0.4546115109800048,88.44439237118921,0.0034680524510481,0.0769230091534265,0.0287105898923264,0
2020-11-25 00:00:00+05:30,37.347040982312,38.55039589546636,36.57345310472991,37.00322341918945,28682450,33.19975833892822,38.41991420510447,27.97960247275197,1.6267091115196948,1.2028768800165708,0.423832231503124,79.62956976551143,-0.0080644963368577,0.0749064571027997,0.0274468250505052,0
2020-11-26 00:00:00+05:30,37.04619991778559,40.22650091111664,36.78833838403168,40.01161575317383,60920144,33.756310844421385,39.39431331976296,28.118308369079813,1.907057581505967,1.34371302031445,0.5633445611915169,88.05308396385924,0.0813008180369567,0.1666665739752546,0.0313691691956684,0
2020-11-27 00:00:00+05:30,40.22650149836512,42.719170678445984,40.22650149836512,41.64474487304688,76580878,34.36228713989258,40.65296025404897,28.07161402573619,2.2352490751716374,1.5220202312858877,0.7132288438857497,90.80460239192972,0.0408163751733394,0.178831966243931,0.0305724739108449,0
2020-12-01 00:00:00+05:30,41.77367350502077,43.57871080393358,41.17199768427047,42.93405532836914,46440917,35.041324043273924,41.9563467040006,28.12630138254725,2.569757215360795,1.7315676281008692,0.8381895872599259,91.66666923499156,0.0309597395602423,0.1549131837608086,0.0306912990141873,0
2020-12-02 00:00:00+05:30,43.19192433396826,45.684593915543466,42.97703913827687,44.43825912475586,71746317,35.77193365097046,43.41614001587489,28.12772728606604,2.9225447253021173,1.969763047541119,0.9527816777609984,91.72414468575604,0.0350352135357872,0.1912445153080528,0.0303711043491911,0
2020-12-03 00:00:00+05:30,44.65313464580592,46.84496251119447,44.65313464580592,46.63007736206055,44663015,36.609985542297366,45.151765074262,28.068206010332734,3.3404857423311256,2.2439075864991205,1.0965781558320051,93.23531469553812,0.0493227745747506,0.2601625764818833,0.0309967475817839,0
2020-12-04 00:00:00+05:30,47.01687295708767,48.26320752213204,45.94244717323689,47.18878173828125,65064684,37.32555294036865,46.887624294048265,27.76348158668904,3.674433204575664,2.530012710114429,1.1444204944612344,95.65218733630611,0.0119816309092224,0.179377059636441,0.0307323044515214,0
2020-12-07 00:00:00+05:30,47.48962731794878,49.079776423374746,46.80199536097776,47.27474212646485,62272111,38.05831165313721,48.3222916351378,27.794331671136625,3.901056310467659,2.804221430185075,1.096834880282584,95.548976742961,0.0018216276203175,0.1351910612150679,0.0252218580300675,0
2020-12-08 00:00:00+05:30,47.61855750440645,48.73595979178247,45.64161121264004,47.919395446777344,51337239,38.82974967956543,49.6366550828128,28.022844276318065,4.085578879832831,3.0604929201146263,1.0250859597182045,95.57523606840329,0.0136363159546801,0.1161162177734951,0.0245593702679304,0
2020-12-09 00:00:00+05:30,48.17725483625323,48.43511638649909,46.80199104901699,47.016876220703125,36858447,39.5496150970459,50.53139215001816,28.567838044073643,4.111592705263064,3.270712877144314,0.8408798281187497,91.26763662366952,-0.0188341112749768,0.0580269602530572,0.0254462333952856,0
2020-12-10 00:00:00+05:30,46.844969539898926,48.30618942903111,45.55565845164483,47.919395446777344,42650848,40.24369430541992,51.50971776884956,28.977670841990285,4.157113985896508,3.447993098894753,0.7091208870017551,92.49329471622924,0.019195644173332,0.0276499237757177,0.0252409349594052,0
2020-12-11 00:00:00+05:30,47.87641579947169,51.3145784668824,47.87641579947169,49.63847351074219,83591037,41.025876426696776,52.632254070751806,29.419498782641742,4.282538721000861,3.614902223315975,0.6676364976848865,92.80205086547984,0.0358743687798435,0.0519125877427273,0.0249214044982545,0
2020-12-14 00:00:00+05:30,49.89633667774321,51.74435048313232,49.89633667774321,50.32610702514648,50554044,41.85963096618652,53.62993976040127,30.089322171971776,4.386856059100616,3.7692929904729033,0.6175630686277125,92.2651883578522,0.0138528336141419,0.0645453525800081,0.0245399800479472,0
2020-12-15 00:00:00+05:30,50.28313010636985,50.4980152777646,48.69298114960376,50.11122131347656,44061093,42.66115264892578,54.38423292652982,30.938072371321734,4.401451625523045,3.895724717482932,0.505726908040113,90.93406111066676,-0.0042698655702207,0.0457398480565893,0.0242227925697155,0
2020-12-16 00:00:00+05:30,50.798853702174725,52.34602957443388,50.71290094433257,51.70137405395508,54374458,43.51424694061279,55.26264892477424,31.765844956451343,4.489577696740916,4.014495313334528,0.475082383406388,93.40100665168688,0.0317324682735455,0.0996343910910271,0.0243160072045656,0
2020-12-17 00:00:00+05:30,51.65839618282183,51.873281363746855,49.07977401172148,49.46656799316406,70927030,44.26634540557861,55.47831163770875,33.054379173448474,4.329183933481097,4.077433037363843,0.2517508961172545,79.25531676315124,-0.0432252740219011,0.0322869796657829,0.0279985310388211,0
2020-12-18 00:00:00+05:30,49.63846970117259,50.15419275014938,48.435111548377165,49.68144607543945,51151401,45.03563404083252,55.45006533994588,34.62120274171916,4.171325146225648,4.096211459136204,0.0751136870894439,77.25946012948798,0.0043439052069487,0.0008657108419736,0.027644836233437,0
2020-12-21 00:00:00+05:30,49.07976514764101,50.88480230874402,46.93091372648533,47.57556915283203,49904093,45.648056221008304,55.04997893933592,36.246133502680685,3.8321199584388665,4.043393158996737,-0.2112732005578701,64.91710505828944,-0.0423875931350654,-0.0546542944587407,0.0303199044011527,0
2020-12-22 00:00:00+05:30,47.704509652885925,49.46656746176455,46.1143606426781,49.12275314331055,36746291,46.24543704986572,54.866434555189855,37.62443954454159,3.646112110171856,3.963936949231761,-0.317824839059905,65.01375921784458,0.0325205566224195,-0.0197254855151611,0.0303807308316597,0
2020-12-23 00:00:00+05:30,48.99382064255782,51.40053398325683,48.56405028604416,50.75587844848633,31776121,46.91802787780762,54.65550895650679,39.18054679910844,3.589106132481845,3.888970785881778,-0.2998646533999327,63.71429136601978,0.0332458016025956,-0.0182876301214361,0.0295221601059053,0
2020-12-24 00:00:00+05:30,51.57243404150998,53.80723820508726,51.48648129632896,51.78731918334961,89470214,47.65723266601562,54.12747369044887,41.18699164158237,3.58582200764279,3.82834103023398,-0.2425190225911904,64.81992402920122,0.0203216014852372,0.0469155489118682,0.0294119077384774,0
2020-12-28 00:00:00+05:30,52.431982755540425,55.69824004211036,52.0881651636212,54.96762847900391,50904677,48.40503330230713,54.60616058479366,42.2039060198206,3.796084793731133,3.821889782933411,-0.0258049892022782,70.66973142439898,0.0614109659624322,0.1064015406382812,0.0304412296972569,0
2020-12-29 00:00:00+05:30,55.65525763164195,56.38586587973017,54.53785543149458,55.440372467041016,35887218,49.09481468200684,55.19804822454344,42.99158113947024,3.95527214035338,3.848566254417405,0.1067058859359741,70.39625390192685,0.0086004072054461,0.1653118071786812,0.0269956486018878,0
2020-12-30 00:00:00+05:30,55.52632172936974,60.94143015987617,54.70976077834825,59.95295715332031,74151917,49.9457597732544,57.089355869023606,42.80216367748518,4.394895510654024,3.957832105664729,0.4370634049892947,79.33721783683355,0.0813952808300846,0.2204722520013031,0.0301311730388718,0
2020-12-31 00:00:00+05:30,59.48020541946667,64.20767860204138,58.62066484081673,63.69195556640625,137237137,50.90844459533692,59.881939820717584,41.93494936995625,4.9875131754872655,4.163768319629236,0.8237448558580294,81.69255717209822,0.0623655377586136,0.2548685494833693,0.0315559138850955,0
2021-01-01 00:00:00+05:30,63.5630394274497,65.1102154878962,62.5745727553723,64.0357894897461,69892092,51.77873020172119,62.25539093649702,41.30206946694536,5.422405354919484,4.415495726687286,1.0069096282321972,80.62157206373934,0.0053983885450237,0.2365148553651055,0.0314855505721765,0
2021-01-04 00:00:00+05:30,64.8953182650392,68.80623079683684,64.8953182650392,68.16157531738281,96199002,52.82736988067627,65.36530456648151,40.28943519487103,6.030461568873925,4.738488895124614,1.291972673749311,83.09409077801456,0.0644293739565335,0.240031218436477,0.0323960375888856,0
2021-01-05 00:00:00+05:30,67.90370716192783,69.02111256111992,66.6143962664482,67.0441665649414,75713352,53.815841102600096,67.56887487497707,40.06280733022313,6.348997658599316,5.060590647819555,1.2884070107797614,80.40121186518917,-0.0163935288648828,0.2093022391723429,0.0332716562465165,0
2021-01-06 00:00:00+05:30,67.30202676563867,68.03263491156984,64.6374458509414,65.49698638916016,56609755,54.69472064971924,69.09264231188202,40.29679898755646,6.402787940987395,5.329030106453123,1.0737578345342715,74.80675907988471,-0.0230770289952458,0.0924729904758803,0.0342821958551603,0
2021-01-07 00:00:00+05:30,66.14164631499592,68.11859231117444,66.01272047166742,67.0441665649414,38600425,55.69608516693116,70.6217296848786,40.77044064898371,6.4953868606872405,5.562301457299947,0.9330854033872936,82.40883335959128,0.0236221582255471,0.0526316230789944,0.0343141424193075,0
2021-01-08 00:00:00+05:30,67.90370932136712,68.59134444393382,65.71187810623849,66.22760772705078,26952958,56.61149578094482,71.77278400490468,41.45020755698496,6.428775772407377,5.7355963203214335,0.6931794520859436,79.84494171828234,-0.0121794166402184,0.034228019280619,0.0339991269209565,0
2021-01-11 00:00:00+05:30,66.27058298387885,66.57142090064299,63.17623794700888,64.33661651611328,30600008,57.346402931213376,72.50944538594725,42.18336047647951,6.15247689413718,5.818972435084583,0.3335044590525973,80.4687313636109,-0.0285529143485144,-0.0561160563478655,0.035411492452954,0
2021-01-12 00:00:00+05:30,64.37959510410275,66.82928461108935,63.60600721827154,65.2391357421875,25240977,58.09205436706543,73.2682169334076,42.91589180072326,5.937885552909904,5.842755058649647,0.0951304942602568,79.99997443676017,0.0140280803521612,-0.0269230108335448,0.0350781480037406,0
2021-01-13 00:00:00+05:30,65.84080818868607,66.87226083614816,63.34813915453723,64.20767974853516,33050639,58.79687728881836,73.71964156073294,43.87411301690378,5.61980883247854,5.798165813415427,-0.1783569809368863,75.61370537115772,-0.0158103871536321,-0.0196849765417357,0.0356630091946147,0
2021-01-14 00:00:00+05:30,59.308307139456026,59.86700989507836,57.2883878455368,57.76113128662109,320354600,59.09986515045166,73.6576470443648,44.54208325653853,4.792305441076451,5.596993738947631,-0.8046882978711807,59.43012161010698,-0.1004015171886215,-0.1384614911922043,0.0432532424244872,0
2021-01-15 00:00:00+05:30,58.49174552752851,62.0588340807698,58.49174552752851,60.29677963256836,322964592,59.64137573242188,73.47824738133397,45.80450408350978,4.291637347876005,5.335922460733307,-1.0442851128573016,58.5872505172924,0.0438988691783912,-0.0895522018389313,0.0436709127449294,0
2021-01-18 00:00:00+05:30,60.08190028587292,60.08190028587292,55.61228441034274,56.686710357666016,114708531,59.9916389465332,73.10255439256534,46.880723500501055,3.562485738990276,4.981235116384701,-1.418749377394425,51.82390394939516,-0.0598716763465825,-0.1189043902632231,0.0447890147107678,0
2021-01-19 00:00:00+05:30,57.33135107817268,57.93303338751312,56.64372258463571,56.90158081054688,43049022,60.457939529418944,72.31274036635722,48.60313869248066,2.967755645774119,4.5785392222625845,-1.6107835764884657,44.89207651808584,0.0037904907786168,-0.1277998985852454,0.0447911098620514,0
2021-01-20 00:00:00+05:30,57.03051868397377,57.97601205207345,56.72968077927493,57.37433624267578,30615185,60.87051868438721,71.58367013321676,50.15736723555766,2.505691126919615,4.163969603193991,-1.6582784762743756,38.12602831812825,0.0083083004970097,-0.1064256414905768,0.0433127597520286,0
2021-01-21 00:00:00+05:30,57.76112228731708,57.976007424632655,55.26845994067558,55.74120330810547,41004290,61.119784927368165,71.04504692593856,51.19452292879776,1.984841470621504,3.7281439766794935,-1.7433025060579896,35.13094269660277,-0.0284645198798059,-0.0349703673304523,0.0437595735020783,0
2021-01-22 00:00:00+05:30,55.74121639681995,56.170986772366405,48.13428206120282,50.025272369384766,120962157,61.03168258666992,71.33001636966613,50.73334880367372,1.0981774032464455,3.202150661992884,-2.1039732587464384,19.2419967665533,-0.102544089461548,-0.1703491849112883,0.0493553072391803,0
2021-01-25 00:00:00+05:30,51.1426746875943,51.74435386910826,48.56405243443829,50.0682487487793,52592712,60.78671360015869,71.89373752353411,49.67968967678327,0.3944110513430843,2.640602739862924,-2.24619168851984,20.12104570750479,0.0008590933613952,-0.1167550836364889,0.0491465687121139,0
2021-01-27 00:00:00+05:30,49.85335757607874,51.5724388718056,48.77893176624946,49.25167846679688,64428825,60.47727890014649,72.51709951787257,48.43745828242041,-0.2266070651079275,2.0671607788687543,-2.2937678439766818,20.652191590996736,-0.0163091440661249,-0.1344409458362898,0.047141667956162,0
2021-01-28 00:00:00+05:30,48.778931212937735,49.76740425832312,47.532596631895785,48.95083999633789,112315162,59.92717304229736,73.02661966637149,46.82772641822324,-0.7345758142146224,1.506813460252079,-2.2413892744667017,15.77235417992975,-0.0061081871689265,-0.1468164478750411,0.047052117587812,0
2021-01-29 00:00:00+05:30,50.0252674629097,51.40053121821747,48.993818006985165,49.552520751953125,171607461,59.220201301574704,72.97399331969174,45.46640928345767,-1.076188468317916,0.99021307453808,-2.066401542855996,18.196722408766465,0.0122915307614792,-0.1110252773329066,0.0429579776858631,0
2021-02-01 00:00:00+05:30,50.32610288338599,56.08502572041699,49.50953863474423,54.66678237915039,177670118,58.75175094604492,72.45305395931464,45.0504479327752,-0.9235941675874528,0.6074516261129734,-1.5310457937004265,33.57663439080251,0.1032089094477739,0.0927833031171301,0.0470398846953565,0
2021-02-02 00:00:00+05:30,55.01060210681352,55.3114400255302,51.65839222937461,52.43198013305664,71391560,57.965271186828616,71.18981611333751,44.740726260319725,-0.9717897616598136,0.291603348558416,-1.2633931102182296,29.18993500959205,-0.0408804423606626,0.0472101869617513,0.0475513727635511,0
2021-02-03 00:00:00+05:30,52.9906807853282,55.48334990667942,52.77579562931128,54.66678237915039,54055375,57.34640197753906,69.92469991780088,44.76810403727724,-0.8202004922371202,0.0692425803993087,-0.889443072636429,35.08063982152284,0.0426228847436715,0.109947601400105,0.0460975817074531,0
2021-02-04 00:00:00+05:30,55.365409999357,56.63165090795502,55.01610009481994,56.28234100341797,35946423,56.88566970825195,68.86784256829624,44.90349684820767,-0.5632104850015622,-0.0572480326808654,-0.5059624523206968,47.27601709480986,0.0295528391091797,0.1497727313285852,0.0468348638826326,0
2021-02-05 00:00:00+05:30,56.76264632192829,57.54859198812306,54.36114974676979,56.80631256103516,53271875,56.37377700805664,67.36218977660604,45.38536423950723,-0.3136483837392703,-0.1085281028925464,-0.2051202808467238,43.05579271980877,0.0093096972918267,0.1463859294947396,0.0468204812870359,0
2021-02-08 00:00:00+05:30,57.46126160081482,59.5571076605448,56.54432395278385,59.1204719543457,49944573,56.01842021942139,66.08619639588383,45.95064404295894,0.070057127356975,-0.0728110568426421,0.1428681841996171,55.105155663413534,0.0407377153872487,0.0814697588072044,0.0475003985025696,0
2021-02-09 00:00:00+05:30,59.382444460293776,60.12472368354128,57.24293258225141,58.29085540771485,64688675,55.716132164001465,65.07004569451558,46.36221863348735,0.3037024941272861,0.0024916533513435,0.3012108407759426,52.84092947904878,-0.0140326441790165,0.1117423995773216,0.0475163535240705,0
2021-02-10 00:00:00+05:30,59.60076945078194,60.91067647167824,57.67957515181335,58.247196197509766,125531414,55.36653518676758,63.68745231940888,47.04561805412628,0.4798141978298034,0.0979561622470355,0.3818580355827679,51.81679577933921,-0.0007489890120792,0.0654952360928584,0.0472127737913083,0
2021-02-11 00:00:00+05:30,57.9852240281414,58.98948750070779,57.72323993528678,58.42185974121094,21648433,55.077244186401366,62.45251266640156,47.70197570640117,0.626258758942356,0.2036166815860996,0.4226420773562564,55.94025174458197,0.0029986601090445,0.0380140324593647,0.0470674562526223,0
2021-02-12 00:00:00+05:30,58.5091796639343,58.727497498501215,56.23867551694465,56.54431915283203,26210719,55.01640357971191,62.31815977616876,47.71464738325507,0.5840823566505335,0.2797098165989864,0.3043725400515471,67.40724020524488,-0.0321376381494148,-0.00461204743613,0.0474029901674672,0
2021-02-15 00:00:00+05:30,57.19927126506615,57.37392286345837,54.49213151479831,54.75411224365234,24798836,54.73927021026611,61.60489279897867,47.87364762155356,0.4015734292605515,0.3040825391312994,0.097490890129252,61.44438135993839,-0.0316602434338449,-0.0738552918533054,0.0426134367869456,0
2021-02-16 00:00:00+05:30,54.79777647629668,57.98521819348001,54.79777647629668,56.54431915283203,53647015,54.732150650024415,61.589560611674166,47.874740688374665,0.3968142973737798,0.3226288907797955,0.0741854065939843,67.00235790827779,0.0326953873567226,-0.0299624399516301,0.042081150768328,0
2021-02-17 00:00:00+05:30,56.32600427222484,57.54858554242292,55.58372492827554,56.413330078125,27764443,54.70773811340332,61.536043854936814,47.87943237186983,0.3781142616183572,0.3337259649475078,0.0443882966708494,67.53724445786366,-0.0023165735598121,-0.031484195619757,0.0399585484856621,0
2021-02-18 00:00:00+05:30,56.76264269904024,59.29513116735002,56.23868117586324,58.42185974121094,56021909,54.76011428833008,61.68985864882254,47.830369927837616,0.5193788305277351,0.3708565380635533,0.1485222924641818,69.55065786508501,0.0356038131467224,0.0,0.0406847197798359,0
2021-02-19 00:00:00+05:30,58.5091825542277,59.81908962633728,55.23441487395376,57.02462387084961,44987639,54.82428531646728,61.81577721133488,47.83279342159969,0.512676940948964,0.3992206186406354,0.1134563223083285,56.21598822802489,-0.0239163196199266,0.0084943054441839,0.0410428847212338,0
2021-02-22 00:00:00+05:30,56.9809528690748,59.99373621782944,56.80630127241968,58.33452606201172,53109880,55.23974800109863,62.01468066465974,48.46481533753752,0.6060773225859535,0.4405919594296991,0.1654853631562544,66.35866105095604,0.0229708168549922,0.0653907747134454,0.0407609488991709,0
2021-02-23 00:00:00+05:30,58.94581467439087,62.176915924863394,58.421853209791465,61.60929489135742,100267923,55.81680030822754,62.702186367001424,48.93141424945366,0.9335825159805466,0.5391900707398687,0.3943924452406779,68.19220499435023,0.0561377463813541,0.0895753245314601,0.0344428908120848,0
2021-02-24 00:00:00+05:30,62.3515739440918,64.31643442554932,62.08958988155154,62.3515739440918,97883442,56.471795082092285,63.2185315126396,49.72505865154497,1.2387489307844106,0.6791018427487772,0.5596470880356335,66.6666387320301,0.0120481666612695,0.1052631329819231,0.0343724735989942,0
2021-02-25 00:00:00+05:30,63.09386430412519,64.53476357575707,62.91921267348668,63.92346954345703,61933209,57.22042655944824,63.77331028461697,50.66754283427952,1.5891160109272915,0.8611046763844801,0.7280113345428116,68.48069458218447,0.0252101991968107,0.0941703983169375,0.033911036411125,0
2021-02-26 00:00:00+05:30,62.83186929631081,67.67852782491403,62.04593043224023,66.84892272949219,169801364,58.0852466583252,64.93582077571071,51.23467254093968,2.0788800343021308,1.1046597479680105,0.9742202863341204,69.45052429905448,0.0457649312049051,0.1722816950251671,0.034334057308137,0
2021-03-01 00:00:00+05:30,67.67852442257697,69.42506698832089,65.27702839467908,68.46446990966797,80974117,58.77513103485107,66.8464291821622,50.70383288753994,2.5677829042046767,1.3972843792153435,1.1704985249893332,74.63001668997649,0.0241671385896999,0.1736526296088829,0.0343763755059413,0
2021-03-02 00:00:00+05:30,68.94477474837853,71.1716194957745,67.67853387634997,68.81378936767578,94777460,59.59422149658203,68.25828787551964,50.93015511764442,2.9494299196764686,1.7077134873075686,1.2417164323689,75.20832593911166,0.0051022005789091,0.116938434192809,0.0280198372629752,0
2021-03-03 00:00:00+05:30,68.98844251229116,70.86597740684097,68.33348894413649,68.50814056396484,47037509,60.28628940582276,69.48769498040028,51.08488383124524,3.190447136406192,2.0042602171272934,1.1861869192788983,73.91301280710907,-0.0044416795895054,0.0987395542796305,0.02564888322196,0
2021-03-04 00:00:00+05:30,67.15456933752259,67.89684866566985,65.495352410614,66.71793365478516,46203742,60.80806903839111,70.2342612353796,51.38187684140261,3.200111388822201,2.243430451466275,0.9566809373559256,74.22036625267592,-0.0261313019802107,0.0437157765572842,0.0260800850379792,0
2021-03-05 00:00:00+05:30,66.32495331782438,66.45594534680762,60.60503023584904,62.96286010742188,65129335,61.11589641571045,70.3927622385575,51.83903059286341,2.871664564129724,2.3690772739989647,0.5025872901307586,67.87070089803869,-0.0562828214493714,-0.0581320156466167,0.0293585096059478,0
2021-03-08 00:00:00+05:30,63.83613750421152,65.80099813872063,63.181183959375154,64.92772674560547,41468123,61.40625915527344,70.78314292530376,52.02937538524312,2.738350406927985,2.442931900584769,0.295418506343216,68.11319348905506,0.0312067564089577,-0.0516580814651581,0.0298749893065679,0
2021-03-09 00:00:00+05:30,65.62634517057745,65.93198881935285,60.86701217881367,62.264251708984375,42201529,61.604928970336914,70.87161265213285,52.338245288540975,2.3902247776300385,2.4323904759938237,-0.0421656983637848,61.394554032798936,-0.0410221514000775,-0.095177692129362,0.0305520348154882,0
2021-03-10 00:00:00+05:30,62.70088683868031,64.40376333994408,61.82761547135903,63.748809814453125,36382925,61.88000965118408,71.05317123390942,52.70684806845874,2.2086640362786625,2.387645188050791,-0.1789811517721284,60.59026097750608,0.0238428643197607,-0.0694710250538476,0.0306194184700844,0
2021-03-12 00:00:00+05:30,64.40377020127045,66.15031312198288,63.00653719720702,63.61782455444336,52509386,62.139807891845706,71.19413562799218,53.08548015569923,2.030796665062084,2.3162754834530497,-0.2854788183909655,63.80255874341683,-0.0020547091058015,-0.046465904000902,0.0306323993466907,0
2021-03-15 00:00:00+05:30,63.70514414762106,67.54753953051247,62.52622912375929,66.97991180419922,61636155,62.66158752441406,71.55961892152725,53.76355612730088,2.136499597393602,2.28032030624116,-0.1438207088475582,66.66666176399211,0.0528481958209468,0.0638003370546349,0.0323791929154843,0
2021-03-16 00:00:00+05:30,67.7658625314498,68.37715653805128,65.18971444390255,65.53902435302734,55029693,63.20083312988281,71.35741696021034,55.04424929955528,2.0800251226607718,2.2402612695250825,-0.1602361468643112,58.15219326685837,-0.0215122327330615,0.009415047131051,0.0318146325287188,0
2021-03-17 00:00:00+05:30,65.49535680240079,65.84466670452005,62.61355843808227,63.006534576416016,31206605,63.52394390106201,71.05852936659402,55.989358435530015,1.810052772839441,2.154219570187954,-0.3441667973485129,51.2647692941884,-0.0386409441033179,0.0119214934261313,0.0322777507136917,0
2021-03-18 00:00:00+05:30,63.92346304487568,66.19397398754757,60.73602780330162,61.78395080566406,46498848,63.79247493743897,70.60858533986543,56.9763645350125,1.4803805424312344,2.01945176463661,-0.5390712222053757,45.81195736195623,-0.019404078941513,-0.0308218932166415,0.0322226360456546,0
2021-03-19 00:00:00+05:30,61.696618209848,65.18970338337053,58.59650245333426,64.18544006347656,51635354,64.08065395355224,70.41073146091145,57.75057644619304,1.3967916925359989,1.894919750216488,-0.4981280576804894,44.67712656194777,0.0388691436286774,0.0089222715961851,0.0330163643232127,0
2021-03-22 00:00:00+05:30,63.74881494749759,64.70941219639178,63.0501951323751,64.05445861816406,21560723,64.43214569091796,69.82364255898804,59.04064882284789,1.304935336524359,1.7769228674780624,-0.4719875309537034,40.630812899912925,-0.0020406722331881,-0.0436765756662544,0.032383557164729,0
2021-03-23 00:00:00+05:30,64.36009436864094,64.92772206575884,62.87553577236167,63.13751983642578,19090900,64.67229537963867,69.29297626537033,60.051614493907,1.1449509344218782,1.6505284808668257,-0.5055775464449472,38.22461732380372,-0.0143149876139654,-0.0366423598811268,0.0320222614978027,0
2021-03-24 00:00:00+05:30,62.7008834326184,62.83186880057573,60.95434079285223,61.56562805175781,30044912,64.6701120376587,69.29692407716007,60.04329999815732,0.8811660789045845,1.4966560004743774,-0.6154899215697929,36.316675398228384,-0.0248963182073094,-0.0228691600695898,0.0324064950773966,0
2021-03-25 00:00:00+05:30,62.0459300757323,63.66148068847346,59.03314001815737,63.09385299682617,80461442,64.70722599029541,69.26715502009942,60.1472969604914,0.7863649361098197,1.354597787601466,-0.5682328514916464,42.78259437361573,0.0248226972326766,0.0212013342313166,0.0305072716014204,0
2021-03-26 00:00:00+05:30,64.4474270609435,67.67852832906021,63.79247356098485,67.02357482910156,105958723,64.86223125457764,69.51970268808064,60.20475982107464,1.0166111961973243,1.2870004693206378,-0.2703892731233135,58.03110160834487,0.0622837510410574,0.0442177347825021,0.0332184080547738,0
2021-03-30 00:00:00+05:30,68.50814414496993,70.73498905810861,68.11517464854903,69.11943817138672,90695992,64.97575702667237,69.93785116075142,60.01366289259332,1.352609630166711,1.3001223014898526,0.0524873286768583,58.24744620326796,0.0312705394725549,0.0790730210275536,0.0334377583551135,0
2021-03-31 00:00:00+05:30,69.119433026869,69.99270443172513,68.11516957877804,68.81378936767578,30537855,64.99322299957275,70.00918845515062,59.97725754399488,1.576059670955921,1.3553097753830663,0.2207498955728546,64.20455824050725,-0.0044220383121902,0.0899032706060651,0.032089203291319,0
2021-04-01 00:00:00+05:30,69.55606368954615,73.70410256206266,69.46873788789424,73.22380065917969,87556680,65.21372356414795,71.22569129794529,59.20175583035062,2.084962345301548,1.501240289366763,0.5837220559347853,68.23530016371899,0.0640861567431052,0.1893617100376354,0.0345631475301437,0
2021-04-05 00:00:00+05:30,75.53796668341758,78.59441620239978,72.96181903957363,78.28877258300781,149912383,65.7027551651001,73.99991417787265,57.40559615232755,2.8639583565010582,1.7737839027936222,1.090174453707436,73.72880718027756,0.0691711148319527,0.2408304274418935,0.0373980590814728,0
2021-04-06 00:00:00+05:30,80.25362409235086,81.56353088386084,77.85212830791589,79.51134490966797,134289233,66.34242572784424,76.68870928420952,55.99614217147897,3.539172301801188,2.126861582595136,1.4123107192060518,71.77540937271145,0.0156161897335136,0.1863190692589591,0.0373521438241771,0
2021-04-07 00:00:00+05:30,79.90432790558854,80.60294764518557,77.93946738331996,78.41976928710938,48066027,67.11527118682861,78.64063436533029,55.58990800832693,3.940776371085207,2.48964454029315,1.4511318307920569,72.65745090139697,-0.0137285518663874,0.1345544952587982,0.0368843255571179,0
2021-04-08 00:00:00+05:30,79.77334519771107,86.01723736427398,79.77334519771107,83.48474884033203,124224953,68.04312229156494,81.63040564497443,54.45583893815545,4.6145582544441766,2.9146272831233557,1.6999309713208213,83.07477064033652,0.0645880445615547,0.2131979594128805,0.0357034154084698,0
2021-04-09 00:00:00+05:30,84.48900289674408,85.58059208145654,80.60294806418041,82.39315032958984,70229432,69.04956722259521,83.76931485269503,54.3298195924954,5.0027834014674255,3.332258506792169,1.670524894675256,83.42776501941474,-0.0130754242649745,0.1252236238472366,0.0359507581497329,0
2021-04-12 00:00:00+05:30,80.25363734714107,80.29729691655064,72.87449053870085,73.96607971191406,97082396,69.56043071746826,84.21463108277014,54.90623035216638,4.577691676483383,3.581345140730412,0.9963465357529708,63.270142965033855,-0.1022787766211843,-0.0552147227306507,0.0423794867494248,0
2021-04-13 00:00:00+05:30,74.53370364291902,80.07897502973265,74.53370364291902,79.20570373535156,64322836,70.33982467651367,85.31776754249056,55.36188181053679,4.610450883263169,3.7871662892369633,0.8232845940262061,68.05409289525284,0.0708382010219412,-0.0038439945225884,0.0443902101947518,0
2021-04-15 00:00:00+05:30,80.34097670387477,83.26643484917236,78.50710791596677,81.03959655761719,120105992,71.04280891418458,86.66277950778219,55.42283832058697,4.729869622165822,3.975706955822736,0.7541626663430865,70.87576838606142,0.0231535449567266,0.0334077400931407,0.0443508581608449,0
2021-04-16 00:00:00+05:30,81.91285438864364,82.52414166186706,79.5113582027163,79.99165344238281,39292380,71.76544036865235,87.64835264239096,55.88252809491374,4.685933062288328,4.117752177115854,0.5681808851724739,71.75255756042097,-0.0129312479300081,-0.041841120042535,0.0436791110407844,0
2021-04-19 00:00:00+05:30,76.19292543330296,78.15778597456293,74.53370853262155,77.85214233398438,60730939,72.50772075653076,88.0510570681433,56.964384444918224,4.427435634223869,4.179688868537458,0.2477467656864114,67.17478706630277,-0.0267466793887377,-0.0551139017920845,0.0438788293854517,0
2021-04-20 00:00:00+05:30,79.0310603366809,80.47195945433118,76.58589779384816,77.72115325927734,36041449,73.30458087921143,88.15158027802458,58.45758148039828,4.164004781385088,4.1765520511069845,-0.012547269721896,63.65662764076431,-0.0016825365465871,0.0507675080521867,0.042588210618653,0
2021-04-22 00:00:00+05:30,78.15777765844034,82.52413395220795,77.72114202906357,82.13116455078125,56291774,74.20186710357666,88.89669975554911,59.507034451604206,4.261955814165432,4.193632803718675,0.0683230104467575,65.68418620913793,0.0567414546306606,0.0369349766173969,0.0431161784380074,0
2021-04-23 00:00:00+05:30,82.96077630688622,84.4453349021021,79.24937315631499,81.30155944824219,72844016,75.06422214508056,89.26776962447305,60.86067466568808,4.223949454868674,4.199696133948675,0.0242533209199988,64.86485111963376,-0.0101009781984294,0.0032325295504,0.0430587372263219,0
2021-04-26 00:00:00+05:30,83.00444484391917,88.37505833977782,82.8297865756397,87.7637710571289,167027119,76.29553470611572,90.4151613367684,62.17590807546305,4.661540276585896,4.292064962476119,0.3694753141097768,66.50148296473805,0.0794844730253994,0.0971616072462393,0.0453253880747771,0
2021-04-27 00:00:00+05:30,87.76378118881583,88.68071888117464,86.7158581082907,87.45813751220703,59990913,77.59016017913818,90.73782970207252,64.44249065620384,4.926878098831139,4.419027589747123,0.5078505090840162,61.66668446337583,-0.0034824568411369,0.1233876793911861,0.0450226930630992,0
2021-04-28 00:00:00+05:30,88.02575313206425,90.994870337634,86.97782353374708,90.38358306884766,71403090,78.95464668273925,91.41412242478276,66.49517094069576,5.311985974352652,4.597619266668229,0.7143667076844231,63.25879741658113,0.0334496667760881,0.1629212804823998,0.0441248794008719,0
2021-04-29 00:00:00+05:30,91.69349161783852,99.11629808213976,91.4751737806532,98.24302673339844,144435081,80.5156192779541,94.4201165847362,66.61112197117201,6.18013738312311,4.914122889959206,1.2660144931639046,70.74953338437915,0.0869565400894101,0.1961723332518354,0.0465256758022832,0
2021-04-30 00:00:00+05:30,96.93312711196964,105.9714849290928,95.40490213497912,104.3559341430664,211743607,82.27744407653809,98.78740025658688,65.76748789648929,7.277523409761528,5.38680299391967,1.8907204158418576,71.37745147377561,0.0622223033320881,0.2835662052645002,0.0465230400810226,0
2021-05-03 00:00:00+05:30,104.09394431968336,114.04924590218404,101.69244805954985,111.56041717529295,170916244,84.41477546691894,104.30715648926096,64.52239444457692,8.62908064220845,6.0352585235774265,2.5938221186310235,76.55008094867176,0.0690375980186195,0.2711442982853811,0.0476029896417491,0
2021-05-04 00:00:00+05:30,113.26329865387106,118.50292708805227,110.16318916116644,111.77873992919922,195246744,86.34252243041992,108.95519644928024,63.72984841155959,9.607071962617129,6.749621211385367,2.8574507512317595,90.46729527488912,0.0019569911930608,0.2780827846190712,0.0474316755748397,0
2021-05-05 00:00:00+05:30,115.70846406648944,117.28035529995276,110.51250174134675,113.78726959228516,104823675,88.1174472808838,113.47458463601636,62.76030992575123,10.424046765546803,7.484506322217656,2.939540443329149,89.75904449349942,0.0179687985779597,0.2589373615074573,0.0465640502096055,0
2021-05-06 00:00:00+05:30,113.87456081914104,117.89161372804716,112.95763670574966,116.7126922607422,97680986,89.9775146484375,117.99481004261196,61.96021925426306,11.17870123409459,8.223345304593042,2.955355929501547,90.00978907286185,0.0257095778722804,0.1879997608121824,0.0453234296705275,0
2021-05-07 00:00:00+05:30,118.8522707656804,127.3666689140832,118.8522707656804,125.96942901611328,164883787,92.3549976348877,124.06881634208496,60.64117892769042,12.38099127131582,9.0548744979376,3.326116773378222,93.54842392747248,0.0793121688487064,0.2071132327119598,0.0470995524163268,0
2021-05-10 00:00:00+05:30,131.38369199202245,132.1259780828228,126.62436507324792,127.7596206665039,114303952,94.5687412261963,129.67514404688137,59.462338405511225,13.324669793713298,9.90883355709274,3.4158362366205584,97.58537505490364,0.0142113182886749,0.1452056553872276,0.0463932911421497,0
2021-05-11 00:00:00+05:30,123.56790367921587,125.70741595423188,120.77343785112984,122.6072998046875,117184978,96.57944869995116,133.3181836805126,59.84071371938976,13.501159623780524,10.627298770430295,2.8738608533502266,89.05774272883332,-0.0403282417006052,0.0968749503022408,0.0475008183324043,0
2021-05-12 00:00:00+05:30,122.60730282214982,125.0961317150937,112.78299928431524,115.44647979736328,95677126,98.65346870422364,134.69382270606528,62.61311470238197,12.914342257878218,11.084707467919882,1.829634789958336,77.66497886435288,-0.0584045160339665,0.0145816857283183,0.0500203067629698,0
2021-05-14 00:00:00+05:30,116.49439251034302,117.28034471869682,107.58702742444297,111.03645324707033,147648853,100.24500617980956,135.47140691599728,65.01860544362185,11.955616081060969,11.2588891905481,0.696726890512867,73.30594959462579,-0.0381997489922052,-0.0486342907846806,0.0439404845235001,0
2021-05-17 00:00:00+05:30,111.77874744688498,114.83519757238574,107.4997159386774,114.0055923461914,81100256,101.89330596923828,136.41390194474684,67.37270999372973,11.305085402503709,11.26812843293922,0.0369569695644855,71.7595956053255,0.0267402192009356,-0.0949741279560101,0.0424394429507901,0
2021-05-18 00:00:00+05:30,117.45500174906547,118.9395604444498,113.87458372631748,115.22815704345705,66676999,103.655131149292,137.0475196811856,70.26274261739837,10.76410401592301,11.16732354953598,-0.4032195336129689,72.68186321856987,0.0107237256708703,-0.0980862619791135,0.0424555777717971,0
2021-05-19 00:00:00+05:30,114.04923110669824,115.70844115933568,111.42941068206916,112.3026885986328,38298939,105.3776584625244,136.65280133315972,74.1025155918891,9.984219646041367,10.930702768837056,-0.9464831227956888,67.90297507911822,-0.0253884859385619,-0.084045658149799,0.042989294975586,0
2021-05-20 00:00:00+05:30,109.15892346445004,109.50823335204268,105.66583791358764,106.05880737304688,59942600,106.79454116821287,135.23309809083608,78.3559842455897,8.761331456246424,10.49682850631893,-1.7354970500725069,56.55677331202594,-0.0555986798134586,-0.0813162293107079,0.0448817821678259,0
2021-05-21 00:00:00+05:30,106.5391082763672,108.9842708034605,106.01514678128488,106.5391082763672,36201475,108.0149383544922,133.98482145087692,82.04505525810747,7.741698542498199,9.945802513554783,-2.204103971056586,52.02264833458938,0.0045286281754133,-0.0405033197583856,0.0447813206466308,0
2021-05-24 00:00:00+05:30,106.80109293759897,109.81387654765096,102.26007774288072,108.94060516357422,96749599,109.3968906402588,132.12003829675223,86.67374298376535,7.04618876298548,9.365879763440924,-2.3196910004554443,47.33570611888177,0.02254098918284,-0.0444275327059111,0.043840375546244,0
2021-05-25 00:00:00+05:30,110.38150809826227,112.0407251179122,107.6307018107548,108.2419891357422,91822284,110.42080154418946,130.76000869658196,90.08159439179695,6.365245192622993,8.765752849277339,-2.400507656654346,46.43799569611029,-0.0064128157428817,-0.0606289997771992,0.0437444099555011,0
2021-05-26 00:00:00+05:30,107.41238467567844,107.41238467567844,103.13335338454742,103.70098114013672,67141657,111.23294372558594,128.82287176112675,93.64301569004512,5.396958336505833,8.091993946723038,-2.695035610217205,40.33472952624872,-0.0419523701648789,-0.0765939583979008,0.0427564970090116,0
2021-05-27 00:00:00+05:30,103.52632204476068,108.5912919182036,103.48265581189489,106.7574234008789,76208352,112.0516357421875,126.85992473979977,97.24334674457523,4.820643990416173,7.437723955461665,-2.617079965045493,40.48417450538174,0.0294736098650008,0.0065870628299142,0.0428863017875456,0
2021-05-28 00:00:00+05:30,110.46881666451584,110.7308007129224,105.01087117713855,105.57849884033205,66359161,112.41840934753418,126.10773765727042,98.72908103779794,4.220134278645148,6.794206020098362,-2.5740717414532144,26.94960838103229,-0.0110430218620016,-0.009016495928831,0.0427899352086103,0
2021-05-31 00:00:00+05:30,105.88415192137504,111.4730899326179,104.48691908419728,110.55615234375,88316813,112.72842025756836,125.92077434225236,99.53606617288436,4.0986345357508185,6.255091723228854,-2.1564571874780354,31.860023854194974,0.0471464697650774,0.0148296145202244,0.0399157668733248,0
2021-06-01 00:00:00+05:30,111.34210479766809,111.5167564146908,104.8362354568564,105.84049224853516,110269080,112.44242401123049,125.98475471247208,98.90009330998886,3.5805563303235743,5.720184644647798,-2.139628314324224,32.156137722727664,-0.0426539816667329,-0.0221863706162624,0.039134521780863,0
2021-06-02 00:00:00+05:30,106.0587909067941,107.32503821990854,105.66582150834569,106.45176696777344,37163462,112.1760753631592,125.98037360383694,98.37177712248145,3.1826131973460576,5.21267035518745,-2.0300571578413926,38.87686588497957,0.0057754334494484,0.0265261311647517,0.035974816188198,0
2021-06-03 00:00:00+05:30,107.41236949666386,108.8532684687595,106.58276442979157,106.84474182128906,35499419,111.82894897460938,125.8106725563853,97.84722539283344,2.8659137145546936,4.7433190270609,-1.8774053125062065,44.24459044969244,0.0036915766145486,0.0008179142735795,0.0359854150134402,0
2021-06-04 00:00:00+05:30,106.84474085076324,108.41663183559496,105.92780999505406,107.32504272460938,30162901,111.35956649780272,125.28114118066496,97.43799181494047,2.6234419557715825,4.319343612803037,-1.6959016570314542,40.15439787011986,0.0044953162423628,0.0165426095602918,0.0357396285626175,0
2021-06-07 00:00:00+05:30,109.33357848097926,109.98853204215732,106.97574832575108,107.41238403320312,38731208,110.43171424865724,122.61896054632386,98.2444679509906,2.410541828000021,3.937583255842434,-1.5270414278424131,38.08256672189356,0.0008138017593699,-0.028435941771671,0.0351769739801265,0
2021-06-08 00:00:00+05:30,107.41238068901885,107.98000842354035,104.8798923321372,106.05880737304688,32933698,109.34667358398436,118.53284542691372,100.160501741055,2.108291546138048,3.5717249139015568,-1.4634333677635087,40.00001466277092,-0.0126016815690249,0.0020626805476213,0.0296623438299496,0
2021-06-09 00:00:00+05:30,106.5391146714272,109.59556468249274,105.84049486102788,108.67862701416016,65119067,108.650239944458,115.38950446041476,101.91097542850126,2.0564481166639013,3.268669554454026,-1.2122214377901246,54.746842879825536,0.0247015755315673,0.0209189580390982,0.0301349884371136,0
2021-06-10 00:00:00+05:30,110.468824294603,112.78298801106548,110.11951442677778,112.259033203125,69545924,108.4908676147461,114.68187180813554,102.29986342135663,2.278011187088339,3.070537880980889,-0.7925266938925501,59.3172056908225,0.0329448971461365,0.0506743831239913,0.0303529797898338,0
2021-06-11 00:00:00+05:30,113.56894582695692,118.50292380231384,113.0013114339543,117.935302734375,182708699,108.83581008911132,116.26828752104755,101.4033326571751,2.878448071684815,3.0321199191216746,-0.1536718474368594,63.23907351089297,0.0505640336397621,0.09886099031883,0.0298519631527356,0
2021-06-14 00:00:00+05:30,118.764891183054,121.60302277382551,113.52526363086044,119.900146484375,107555205,109.1305377960205,117.7920531191968,100.46902247284422,3.4728126756087363,3.120258470419087,0.3525542051896493,66.54273080672198,0.0166603527904227,0.1162599877432353,0.028582835052687,0
2021-06-15 00:00:00+05:30,120.46776747250452,122.03965840317498,119.28885926829814,119.900146484375,54148549,109.3641372680664,118.92354611448243,99.80472842165037,3.898906736510853,3.27598812363744,0.6229186128734123,76.38688356553382,0.0,0.1305062677410955,0.0281134574398433,0
2021-06-16 00:00:00+05:30,118.76490938988916,120.5114521750346,114.22390081352384,114.57320404052734,70891536,109.47766304016112,119.23587085437354,99.71945522594872,3.763367851537353,3.373464069217423,0.38990378231993,61.854309662900334,-0.0444281562620263,0.0542386041148565,0.0298564457185128,0
2021-06-17 00:00:00+05:30,111.77873400577457,116.49439401661778,111.21110628964512,112.04071807861328,62423773,109.77675857543946,119.46015682696196,100.09336032391695,3.41226736234232,3.381224727842403,0.0310426344999168,59.41477863350238,-0.022103649654576,-0.0019447443852175,0.0297242411454272,0
2021-06-18 00:00:00+05:30,111.7787377142137,112.652009102606,104.3995971473116,108.28565216064452,87506711,109.86408576965331,119.45561115372048,100.27256038558616,2.7987529757864,3.2647303774312024,-0.4659774016448028,46.56992659203312,-0.0335151896771493,-0.0818215610593234,0.0279872134538626,0
2021-06-21 00:00:00+05:30,105.57851717420152,111.2111152302716,104.92356360198256,110.81814575195312,57519229,109.95796279907226,119.5481838299996,100.36774176814494,2.488206971087294,3.109425696162421,-0.6212187250751269,58.05086115688487,0.023387157400609,-0.0757463689471422,0.028393471213218,0
2021-06-22 00:00:00+05:30,111.77873280943024,114.57319846465334,110.55615158682076,111.123779296875,54722911,110.1020523071289,119.67028856346832,100.53381605078948,2.240927085278784,2.9357259739856936,-0.6947988887069094,57.631973303236,0.0027579738214171,-0.0731973016283488,0.02801260691289,0
2021-06-23 00:00:00+05:30,111.99705581292552,112.91399343781022,107.98000874980262,108.37297821044922,41682651,110.33565216064451,119.4638911253774,101.20741319591168,1.8022145287022084,2.709023684928997,-0.9068091562267884,52.31789918667727,-0.024754387439225,-0.0541158456901053,0.0285465828715883,0
2021-06-24 00:00:00+05:30,109.37724577331544,110.86180452798028,108.02367240212578,109.15892791748048,42063029,110.4557273864746,119.44794793100604,101.46350684194316,1.5006526501366864,2.4673494779705347,-0.9666968278338484,52.75592934522272,0.0072522663860452,-0.0257209183460499,0.0268622321180138,0
2021-06-25 00:00:00+05:30,110.86179868926136,115.27182180987931,110.6871470788046,114.7042007446289,84119646,110.91201248168946,119.78756601340822,102.0364589499707,1.6896427126839768,2.3118081249132234,-0.6221654122292466,59.41376115686021,0.0507999934860154,0.0592742293730872,0.0282868599262335,0
2021-06-28 00:00:00+05:30,116.36342179211732,116.84372375908652,113.5252895532852,116.31975555419922,43837860,111.20019264221192,120.39560891967896,102.00477636474488,1.947332829543626,2.238913065839304,-0.2915802362956778,63.15791636329981,0.0140845304625512,0.0496453876295717,0.0281585702208469,0
2021-06-29 00:00:00+05:30,116.31975140031837,116.88738582285303,112.87033192900952,113.78726959228516,31437450,111.59753150939942,120.49990845726082,102.69515456153802,1.9250132964513968,2.1761331119617227,-0.251119815510326,56.56566884711719,-0.021771761381789,0.0239686799014857,0.0269930054752181,0
2021-06-30 00:00:00+05:30,114.9225191231056,117.236682953807,113.6562649600153,114.04924774169922,39503843,111.9774055480957,120.599219154341,103.3555919418504,1.9064875511449344,2.1222039997983653,-0.2157164486534308,52.51535118138867,0.0023023502572192,0.0523771665684711,0.0250075783109436,0
2021-07-01 00:00:00+05:30,115.00984028183863,115.14083898638374,110.46883168395377,110.86180114746094,42713468,112.17825851440428,120.47775665780796,103.87876037100062,1.6159774804824425,2.020958695935181,-0.4049812154527386,39.31396902411295,-0.0279479843782685,0.0155999446171528,0.025943680661939,0
2021-07-02 00:00:00+05:30,111.5167510867812,111.73506892889512,108.2856496885078,108.59129333496094,36404209,112.24157104492188,120.4033610442777,104.07978104556604,1.1888310471374126,1.8545331661756277,-0.6657021190382149,33.0719062032622,-0.0204805243014221,-0.0532927945967507,0.0264087652796644,0
2021-07-05 00:00:00+05:30,109.15891512681164,110.73080616965032,108.11099220660684,109.68287658691406,41371708,112.35509567260742,120.2941860259492,104.41600531926564,0.9277020947050828,1.6691669518815186,-0.7414648571764357,35.189873361726825,0.0100522170648251,-0.0570571949336043,0.0264722203609624,0
2021-07-06 00:00:00+05:30,110.2068501427686,110.99279575044936,107.0194148012539,107.4997100830078,37735052,112.42714080810546,120.14882868091944,104.70545293529148,0.5383860479612395,1.443010771097463,-0.9046247231362234,38.71866363052524,-0.0199043512701482,-0.0552571437192095,0.0268768623767774,0
2021-07-07 00:00:00+05:30,107.4997025386042,113.26329215288364,106.32078754108616,111.8660659790039,70266324,112.58651275634766,120.11151197743165,105.06151353526369,0.5755441905295839,1.2695174549838872,-0.6939732644543033,49.73684525139716,0.0406173736898873,-0.0191424477225823,0.0280738911227897,0
2021-07-08 00:00:00+05:30,112.6519962537128,112.82664784645804,106.97573287658774,107.32504272460938,44541931,112.33981323242188,120.22491275790586,104.4547137069379,0.2358509179402119,1.0627841475751525,-0.8269332296349403,48.58610202829885,-0.0405933936681641,-0.0319024080994968,0.0291360560121424,0
2021-07-09 00:00:00+05:30,107.76168427501088,109.77020435178495,107.01940497136542,109.20258331298828,36030640,111.90317726135254,119.44324515688002,104.36310936582504,0.116797022899675,0.8735867226400569,-0.7567896997403818,47.57534460209454,0.0174939654410068,0.0056292724697712,0.0284442448887722,0
2021-07-12 00:00:00+05:30,110.33783829242438,111.254775912769,108.59129552036374,109.0279312133789,28310351,111.35956649780272,117.98416552385716,104.73496747174828,0.0082577977805584,0.7005209376681573,-0.6922631398875988,46.84211070838607,-0.001599340366416,-0.0059712636458451,0.0258850879731388,0
2021-07-13 00:00:00+05:30,109.68287929805234,111.12377834584863,108.54763055019131,109.46456146240234,22303327,110.8377872467041,116.14239694127257,105.53317755213564,-0.0420432595590938,0.5520080982227071,-0.594051357781801,51.76802401851411,0.0040047558837827,0.0182777365434505,0.0255393727135971,0
2021-07-14 00:00:00+05:30,109.85754553179244,110.42516661562534,108.37298014418158,108.7222900390625,15709364,110.54524154663086,115.62295402651904,105.4675290667427,-0.1401863295980803,0.4135692126585496,-0.5537555422566299,49.29178091650834,-0.0067809290369723,-0.0281030347534654,0.0255289165648388,0
2021-07-15 00:00:00+05:30,108.85327052046352,111.29842619985028,108.72227849098016,110.16317749023438,38444821,110.45136451721191,115.48186714120249,105.42086189322134,-0.1005388945824705,0.3107475912103456,-0.4112864857928162,41.50323895644191,0.0132529166802335,0.0264442919711433,0.0240608161552934,0
2021-07-16 00:00:00+05:30,111.2547669031592,112.17169778671716,110.29416978882313,111.08010864257812,31731431,110.5910873413086,115.52257273512376,105.6596019474934,0.0048151580478617,0.2495611045778488,-0.2447459465299871,39.93283976561348,0.0083233905669164,0.0171930486681677,0.0236769923534215,0
2021-07-19 00:00:00+05:30,109.94486945482416,112.91399351660682,108.85328021611969,110.59982299804688,55149617,110.58017120361328,115.5105067627778,105.64983564444876,0.0489892486298515,0.2094467333882494,-0.1604574847583978,43.35152473248395,-0.0043237772306891,0.014417331111159,0.0224446447572584,0
2021-07-20 00:00:00+05:30,110.46882918757348,110.64348079795612,105.4911850038181,107.28138732910156,46291709,110.3880516052246,115.52434676681824,105.25175644363097,-0.1816782180793978,0.1312217430947199,-0.3128999611741178,37.479778138908486,-0.0300039871583149,-0.0199441180244497,0.0228318435853397,0
2021-07-22 00:00:00+05:30,108.63495269216838,111.51674402814542,108.5912864614968,110.16317749023438,68047287,110.47756156921386,115.52766974619992,105.4274533922278,-0.1304437906178748,0.078888636352201,-0.2093324269700758,48.69279608875225,0.0268619770202309,0.0132529166802335,0.0236375104357694,0
2021-07-23 00:00:00+05:30,110.99279221469595,114.39855196446506,110.03219501925646,110.5124969482422,75791978,110.54524002075196,115.55707618314456,105.53340385835936,-0.0609503788269591,0.0509208333163689,-0.1118712121433281,53.87325806749316,0.0031709275818481,0.0031709275818481,0.0229598152732493,0
2021-07-26 00:00:00+05:30,111.12377898787138,114.3112140767516,110.51249170953228,113.17597198486328,62471280,110.46882858276368,115.25521069896314,105.68244646656422,0.2066615607263173,0.0820689787983586,0.1245925819279587,56.62254309056736,0.0241011207797476,0.0188680346814298,0.0234712593378288,0
2021-07-27 00:00:00+05:30,114.39855027979738,115.31548788980086,111.99705399529782,113.30696105957033,45361755,110.31818885803224,114.47783733428068,106.15854038178378,0.4244231881509392,0.1505398206688747,0.2738833674820645,61.938961298069984,0.0011573929731705,0.0244768751715926,0.0206377192795684,0
2021-07-28 00:00:00+05:30,113.83094002970772,117.76066159586476,111.16745941429942,116.88739013671876,75594059,110.4731948852539,115.3469064353199,105.59948333518793,0.8758156922800566,0.2955949949911112,0.5802206972889454,60.667934198561625,0.0315993743338156,0.0895402552741917,0.0215837485398827,0
2021-07-29 00:00:00+05:30,118.10996056578452,125.18346445834528,117.28035537469763,123.96087646484376,146823987,110.96877632141111,118.60586637706044,103.33168626576182,1.783756698131583,0.5932273356192056,1.1905293625123776,81.90960789306547,0.0605153928054293,0.1252478304361954,0.0246050111119101,0
2021-07-30 00:00:00+05:30,122.69463675328208,127.4102971774749,122.69463675328208,124.04821014404295,83758559,111.62809677124024,121.2461774724642,102.01001607001628,2.48174556660517,0.9709309818163984,1.5108145847887715,80.57560219533228,0.0007045261512328,0.1224812900765435,0.0246142010050845,0
2021-08-02 00:00:00+05:30,125.31443540511592,125.31443540511592,121.29738197151212,121.82135009765624,44235482,112.289599609375,122.80614327764164,101.77305594110835,2.8226796841692163,1.341280722286962,1.4813989618822545,74.2951848023666,-0.0179515693438939,0.0763888125824909,0.0240496302910339,0
2021-08-03 00:00:00+05:30,121.95234212377528,123.0875975756834,119.7255107787622,121.47205352783205,40356148,112.87905845642088,124.0797374899034,101.6783794229384,3.029761905361127,1.678976958901795,1.3507849464593318,72.87856833017207,-0.0028672853284272,0.07206170205173,0.0234238993416309,0
2021-08-04 00:00:00+05:30,121.9087012865413,124.39751695537096,117.14936116400357,120.11849212646484,60973704,113.50999755859377,124.85550517202113,102.16448994516638,3.0495022015663977,1.953082007434716,1.0964201941316816,71.21954310141783,-0.0111429860783333,0.0276428619542861,0.0236782178558414,0
2021-08-05 00:00:00+05:30,121.16639373114984,125.6200827226442,116.75637096997654,124.92146301269533,85824933,114.16276741027832,126.56327200499052,101.76226281556612,3.4133590604400013,2.2451374180357733,1.168221642404228,74.42198465695813,0.0399852745501811,0.0077491106488263,0.0241803779398371,0
2021-08-06 00:00:00+05:30,125.18344903526604,126.0130541241424,122.47630261360332,123.13125610351562,46997414,114.95307807922364,127.53214953655652,102.37400662189074,3.5167248908999795,2.4994549126086145,1.017269978291365,69.38203956784392,-0.0143306591678145,-0.0073919167351353,0.0233717281763417,0
2021-08-09 00:00:00+05:30,124.0045362181736,125.6637465136025,115.57747271365425,117.10569763183594,71272074,115.348233795166,127.6603976910538,103.03606989927825,3.0769615478967296,2.614956239666238,0.4620053082304918,58.87962772827863,-0.0489360594731044,-0.0387095731744894,0.0242374303459398,0
2021-08-10 00:00:00+05:30,118.02261763243168,118.76490361001964,107.89267796661508,111.123779296875,62228631,115.45302619934084,127.57286392771032,103.33318847097132,2.2201624627218592,2.5359974842773623,-0.315835021555503,54.888888284879016,-0.0510813603089344,-0.0851905761894936,0.0268675524029787,0
2021-08-11 00:00:00+05:30,113.6999295621839,118.10995264000265,111.4294253356218,117.6733169555664,83411121,115.86346397399902,127.68163476458862,104.0452931834094,2.046050372036333,2.438008061829157,-0.3919576897928234,58.73984573562181,0.0589391190628412,-0.020356359188426,0.0296579469423189,0
2021-08-12 00:00:00+05:30,118.76489574291088,120.24945427468477,116.75636910577563,117.8916244506836,44524216,116.32193069458008,127.67596312494456,104.9678982642156,1.903735794932672,2.33115360844986,-0.427417813517188,58.61364732989463,0.0018551996388409,-0.0562740652604852,0.0296618455406362,0
2021-08-13 00:00:00+05:30,117.76065317983492,119.55084888309187,112.47735856457112,116.97470092773438,73126922,116.66250686645508,127.64112507506664,105.68388865784353,1.6973958789047146,2.2044020625408307,-0.5070061836361162,54.62274425043242,-0.0077776816395704,-0.0499999380385226,0.029680674932379,0
2021-08-16 00:00:00+05:30,117.89162986783734,119.07055149654092,115.40280124060222,117.45499420166016,44335128,116.9812511444092,127.64304404549311,106.31945824332524,1.554704002114434,2.074462450455552,-0.5197584483411175,55.00526680253624,0.0041059585544271,0.0029827461591354,0.0296036841276404,0
2021-08-17 00:00:00+05:30,117.32402767887017,117.89164880605844,113.08865570655236,113.5252914428711,34911091,117.1275245666504,127.4969512508175,106.75809788248328,1.1117103856703494,1.8819120374985112,-0.7702016518281618,45.97699932207029,-0.0334570938043051,0.0216111453479304,0.0306468834790984,0
2021-08-18 00:00:00+05:30,113.74358609427507,114.39853956506744,111.51674162856852,112.1280288696289,24225712,117.36985664367675,126.96829772724288,107.77141556011064,0.6405040092726466,1.6336304318533383,-0.9931264225806916,33.61543215419478,-0.0123079408604321,-0.047124430834489,0.030771781363629,0
2021-08-20 00:00:00+05:30,109.33356823527131,109.33356823527131,101.38680043684646,103.9192886352539,66573892,117.05766220092774,127.96058393673742,106.15474046511804,-0.3908022474480219,1.2287438959930663,-1.6195461434410885,27.24575780030716,-0.0732086376361729,-0.118518477292461,0.0342079242129628,0
2021-08-23 00:00:00+05:30,106.53910500279568,107.32505055253576,98.2866933868541,100.55719757080078,87566320,116.55989723205566,129.44906716026767,103.67072730384363,-1.462553134664773,0.6904844898614984,-2.153037624526272,26.56397019908813,-0.0323529068434419,-0.1403508897798007,0.0342408074700161,0
2021-08-24 00:00:00+05:30,101.82345897947164,105.5348629788362,101.69246691757569,104.09396362304688,57673943,116.10579681396484,130.0903389471351,102.12125468079458,-2.0034415448728997,0.1516992829146188,-2.155140827787518,32.10430969340432,0.0351716847494274,-0.1137544696964825,0.0352622368619657,0
2021-08-25 00:00:00+05:30,104.836231399953,106.10247223069754,103.48265810154452,104.22493743896484,33183246,115.65169563293458,130.57707083907724,100.72632042679191,-2.393935219465618,-0.3574276175614285,-2.036507601904189,33.21029587984917,0.0012582268112324,-0.0819231898522492,0.0347573892553707,0
2021-08-26 00:00:00+05:30,103.91929120045164,104.181275271852,99.5529344273234,100.64452362060548,58381363,114.83955230712893,131.18219368500323,98.4969109292546,-2.958213300802356,-0.8775847542096141,-2.080628546592742,23.674229042853725,-0.0343527557448148,-0.1024142256382236,0.0353858030716531,0
2021-08-27 00:00:00+05:30,101.73611830858547,104.13761466350918,101.73611830858547,103.26434326171876,51051068,113.80472564697266,130.33545454452667,97.27399674941864,-3.157611218788759,-1.3335900471254432,-1.824021171663316,28.837208470721023,0.026030424178757,-0.0063024428105349,0.0351174188197792,0
2021-08-30 00:00:00+05:30,103.7883074209899,107.23773354367802,103.74464784730456,106.10247802734376,43152497,112.90743904113768,129.04045141128745,96.77442667098794,-3.051446572445741,-1.6771613521895028,-1.374285220256238,37.42514625471443,0.0274841700046635,0.0551455349840932,0.0326773267535003,0
2021-08-31 00:00:00+05:30,106.7574241664212,107.32505188508848,104.83622983211998,106.1897964477539,31984469,112.12586135864258,127.95224543784538,96.29947727943978,-2.926529251062277,-1.9270349319640576,-0.9994943190982192,43.48327122337637,0.0008229630639509,0.020134047660022,0.0326787092896651,0
2021-09-01 00:00:00+05:30,106.01515011300444,106.18980172934334,103.30801008455911,104.83623504638672,29172329,111.29407043457032,126.79757345290813,95.7905674162325,-2.9032852022120608,-2.1222849860136583,-0.7810002161984024,30.34758034148344,-0.012746623937952,0.0058651760552013,0.0326100650909653,0
2021-09-02 00:00:00+05:30,104.70523831059435,106.10247116628602,104.13761058913258,105.53484344482422,23650346,110.56488800048828,125.68801434545526,95.4417616555213,-2.7962587366881166,-2.25707973614855,-0.5391790005395665,31.35704034664532,0.0066638066325863,0.0485900240598637,0.0327309310712226,0
2021-09-03 00:00:00+05:30,105.88416008681996,109.15892792455664,104.53058671554255,106.9320831298828,45453134,109.66541900634766,123.25545134693176,96.07538666576356,-2.5690791807124214,-2.3194796250613248,-0.2495995556510966,35.064929760218504,0.0132396054179877,0.0355179702142525,0.0329769032773893,0
2021-09-06 00:00:00+05:30,107.41238068901885,107.499706495284,104.31226459761568,106.05880737304688,41016120,108.81179656982422,120.90248984844798,96.72110329120046,-2.431475267821355,-2.3418787536133308,-0.0895965142080243,33.247754566736745,-0.0081666393403674,-0.0004115893908304,0.0313252992324045,0
2021-09-07 00:00:00+05:30,106.36446049771408,107.76169342245169,104.7052434847304,105.0108871459961,29365152,108.20705604553224,119.74848712879997,96.6656249622645,-2.3795515904455584,-2.3494133209797763,-0.0301382694657821,36.32537280513656,-0.0098805582771157,-0.0111019075390905,0.0312903409812363,0
2021-09-08 00:00:00+05:30,105.5785022709218,106.40810734694728,104.05027748479915,104.79255676269533,20022364,107.89049491882324,119.44238527472643,96.33860456292004,-2.3291699183438226,-2.3453646404525856,0.016194722108763,37.75510853853452,-0.002079121405738,-0.0004166334633447,0.0297912009467268,0
2021-09-09 00:00:00+05:30,104.7925659976982,107.67436422764769,104.35593030604112,106.71376037597656,27731248,107.34251708984377,117.9408765898699,96.7441575898176,-2.1098954434913253,-2.2982708010603337,0.1883753575690083,55.90406540496889,0.0183333976441844,0.0111708786659516,0.0282142971357287,0
2021-09-13 00:00:00+05:30,107.63070137832862,107.76169342245169,104.00662369109553,105.0108871459961,35275437,106.69848022460936,116.0950302840719,97.30193016514684,-2.0498965491353545,-2.248595950675338,0.1986994015399834,60.119060000804325,-0.0159573912865675,-0.0179665066615524,0.0247015596270626,0
2021-09-14 00:00:00+05:30,105.62217640512677,106.27712997521856,104.5305871216404,105.36019897460938,22858807,106.11775512695311,114.18128483374818,98.05422542015808,-1.9516628928800657,-2.1892093391162835,0.2375464462362178,53.3642498587148,0.0033264344117733,-0.0065869908944029,0.024724379644587,0
2021-09-15 00:00:00+05:30,105.27285817015616,106.45177309589911,104.39958686774932,105.447509765625,31240322,105.51738090515136,111.5620337611796,99.47272804912316,-1.84549306612746,-2.120466084518519,0.2749730183910586,53.25579590388794,0.0008286885547421,0.0041578795446406,0.0247480577116062,0
2021-09-16 00:00:00+05:30,105.79682582663952,107.10673285710754,104.18127515490198,104.44325256347656,27324977,105.06327896118164,109.79742441768676,100.3291335046765,-1.8213920035595947,-2.060651268326734,0.2392592647671394,61.725076144809606,-0.0095237640450739,-0.0033332920773156,0.0246861240694356,0
2021-09-17 00:00:00+05:30,105.22919797407278,105.22919797407278,99.85857782380256,100.55719757080078,49076581,104.48473739624023,108.32791327855531,100.64156151392515,-2.091751489526885,-2.0668713125667644,-0.0248801769601207,42.249975428365495,-0.0372073341005345,-0.057692304942538,0.0249126803876357,0
2021-09-20 00:00:00+05:30,98.47241829733552,100.46848083038962,93.14958487585793,93.85929870605467,64945986,103.98173789978028,110.09776601037024,97.8657097891903,-2.814039298346799,-2.2163049097227714,-0.5977343886240276,21.294056953303095,-0.0666078513179546,-0.1061945931800139,0.0282531230579042,0
2021-09-21 00:00:00+05:30,94.03672908636764,99.09341841481076,93.41573452614938,98.64984893798828,65576034,103.88637046813965,110.28040080540646,97.49234013087283,-2.9657133260902526,-2.366186592996268,-0.5995267330939846,35.515920124141374,0.0510396976961917,-0.0636896105163792,0.0269017737426008,0
2021-09-22 00:00:00+05:30,99.18214065692776,100.77898675969584,96.78686135027569,98.7385711669922,55010096,103.61860084533691,110.41209533546235,96.82510635521147,-3.043671394218393,-2.501683553240693,-0.5419878409776997,37.68823119290138,0.00089936507718,-0.0636234901473213,0.0259971508447349,0
2021-09-23 00:00:00+05:30,100.20234450756116,100.60156110726588,97.14171775149131,97.9844970703125,37099971,103.3065788269043,110.54170180731938,96.0714558464892,-3.1302179978235216,-2.627390442157259,-0.5028275556662627,34.78919509793644,-0.0076370772613708,-0.0618398540321087,0.0247027065168854,0
2021-09-24 00:00:00+05:30,98.20627674634434,98.91599059697418,94.61336814440466,95.94407653808594,41761741,103.07155647277833,110.94774929426544,95.1953636512912,-3.32512175538038,-2.766936704801884,-0.5581850505784964,28.42290753650616,-0.0208239118762061,-0.0458755926393713,0.0249992524007064,0
2021-09-27 00:00:00+05:30,96.21020806926884,97.40785096248172,95.367428847254,96.919921875,23012292,102.75433540344238,111.09518378649256,94.4134870203922,-3.362085792055637,-2.8859665222526343,-0.4761192698030032,32.126019077087264,0.0101709805558105,0.0326086302704058,0.0241368926344887,0
2021-09-28 00:00:00+05:30,96.96428307081992,98.91598591517648,96.74249834903702,97.8957748413086,26139871,102.34400024414064,110.79801671287372,93.88998377540752,-3.274886030975395,-2.9637504239971864,-0.3111356069782087,36.044807833889,0.0100686520111641,-0.0076439457819514,0.0234681985969805,0
2021-09-29 00:00:00+05:30,99.71441540717116,102.37583215237146,98.11756265271788,101.48869323730467,79833166,102.10894508361817,110.37199863823994,93.8458915289964,-2.882631918414546,-2.9475267228806583,0.0648948044661121,44.27749707032334,0.0367014654291291,0.0278525609375219,0.0241294614322401,0
2021-09-30 00:00:00+05:30,102.02096985882363,104.63802681308658,100.424117188483,100.82333374023438,59107985,101.90830001831054,110.0869664114873,93.7296336251338,-2.5955369249389832,-2.8771287632923235,0.2815918383533402,39.33336243827174,-0.0065559962971889,0.0289723043420302,0.0241425436264027,0
2021-10-01 00:00:00+05:30,100.202346710819,102.77505114826292,98.29500328751293,101.84355926513672,50198724,101.72373580932616,109.72243792848798,93.72503369016437,-2.2596406696603566,-2.7536311445659303,0.4939904749055737,44.119070311411,0.0101189425806023,0.0614887644961481,0.0241580773547937,0
2021-10-04 00:00:00+05:30,102.73069860830014,107.29945903033445,101.13384570561496,106.72282409667967,86400828,101.713272857666,109.68378669547312,93.74275901985892,-1.5814940936960653,-2.519203734391957,0.9377096406958922,52.16573272004737,0.0479094099494346,0.1011443471273401,0.0263938328164878,0
2021-10-05 00:00:00+05:30,106.27925200047164,107.56560080795514,104.94854353686809,105.88003540039062,43299836,101.7043342590332,109.65470430505032,93.75396421301608,-1.0993909561778992,-2.235241178749146,1.1358502225712468,50.67132690915843,-0.0078969864546086,0.0815587860867816,0.0263012548127725,0
2021-10-06 00:00:00+05:30,106.2792481308829,108.2309510991074,102.02097849506023,102.68633270263672,52648409,101.58810653686524,109.40173396668068,93.7744791070498,-0.9639144573029768,-1.980975834459912,1.0170613771569357,47.44661048277594,-0.0301634079142187,0.0118007181601171,0.0270638672143818,0
2021-10-07 00:00:00+05:30,103.7065420567176,104.504968445737,102.02097673952838,102.46454620361328,22381530,101.47170600891111,109.15256860079695,93.7908434170253,-0.8644794913566756,-1.757676565839265,0.8931970744825894,53.10244830328344,-0.0021598443842151,0.0162781015316098,0.0269922164575232,0
2021-10-08 00:00:00+05:30,103.2629735007642,105.34774864663092,102.7306914928478,103.70654296875,22319979,101.3213451385498,108.68115824632244,93.96153203077718,-0.6776463203467245,-1.541670516740757,0.8640241963940325,69.47365085879129,0.0121212342332408,0.018292602075731,0.0271365776002798,0
2021-10-11 00:00:00+05:30,104.23882557051154,104.5493228462039,103.17426154861396,103.44039916992188,20380201,101.2428207397461,108.4691888426022,94.01645263688998,-0.5447754344722568,-1.342291500287057,0.7975160658148002,61.53843326765743,-0.0025663163693376,-0.0307565411104965,0.0268062937445232,0
2021-10-12 00:00:00+05:30,103.6178386911517,104.4162583825246,102.331483070421,102.81941223144533,19223747,101.11578140258788,108.12340038615363,94.10816241902214,-0.4840034655947107,-1.1706338933485878,0.6866304277538771,59.58332347918194,-0.0060033308403659,-0.0289065181870351,0.0266185110829624,0
2021-10-13 00:00:00+05:30,102.99682667934206,109.51729635102102,102.99682667934206,108.00916290283205,81744156,101.24386405944824,108.66621540622788,93.8215127126686,-0.0168771861003023,-0.9398825518989308,0.9230053657986284,69.48273995839381,0.0504744246125883,0.0518358194328487,0.0288654981864706,0
2021-10-14 00:00:00+05:30,109.1180912974406,111.60208307495948,108.67452182062176,110.18265533447266,60211742,101.53083419799805,109.86216426362894,93.19950413236715,0.5226812859546897,-0.6473697843282067,1.1700510702828963,77.52999893495779,0.0201232226343237,0.0753246797728677,0.0291460853615226,0
2021-10-18 00:00:00+05:30,111.6907887355706,116.92490959323425,110.71493730035633,114.44091796875,115093350,102.2250202178955,112.3379296147573,92.11211082103372,1.2791462672397955,-0.2620665740146062,1.5412128412544015,80.06086753914502,0.0386473045267503,0.1035072107575179,0.0300345878841892,0
2021-10-19 00:00:00+05:30,115.32805806335428,116.5700471201396,107.87608988097868,109.02937316894533,54408504,102.98352394104003,112.72323444075468,93.2438134413254,1.4255509122253045,0.0754569232333759,1.3500939889919286,66.57859907547206,-0.0472867999999999,0.0540308626404506,0.0308098755762475,0
2021-10-20 00:00:00+05:30,108.85194389009732,109.3398730084214,105.12596309531791,105.96874237060548,34047612,103.3494686126709,112.95261275703632,93.74632446830547,1.2798569275204414,0.316336924090789,0.9635200034296524,56.77851741597456,-0.0280716169357158,0.0306297232284411,0.0273251239883022,0
2021-10-21 00:00:00+05:30,106.85588187155064,108.40837500573949,102.95247597739932,105.08160400390624,32622992,103.6666202545166,113.04492677209022,94.28831373694298,1.0803550820176184,0.469140555676155,0.6112145263414634,56.40000403626585,-0.0083716985485835,-0.0271047272309618,0.025456562521086,0
2021-10-22 00:00:00+05:30,105.83567626302654,106.3235986098695,102.15404837745614,103.3516845703125,24743699,103.9349796295166,112.92792812937364,94.94203112965955,0.7737392074250948,0.5300602860259429,0.2436789213991519,52.21930590568693,-0.0164626287349919,-0.061996788364048,0.0258184370662908,0
2021-10-25 00:00:00+05:30,104.06140137330924,105.6138945332876,101.17819979049236,102.4201889038086,31735805,104.25878524780272,112.47289877696724,96.04467171863824,0.4503882074115495,0.5141258703030642,-0.0637376628915147,42.83601940526594,-0.0090128735721786,-0.1050387333333333,0.0258471547306932,0
2021-10-26 00:00:00+05:30,103.1742593042936,107.07766514523033,102.99682745894832,106.36795806884766,30794702,104.73118705749512,112.22317316295434,97.2392009520359,0.5068396569492251,0.5126686276322965,-0.0058289706830714,50.73627320706025,0.0385448338583591,-0.0244100743014792,0.0264174176469539,0
2021-10-27 00:00:00+05:30,106.9002439058744,107.87609540114109,103.26297554988057,103.79525756835938,34383061,105.02616119384766,111.81670762704934,98.23561476064596,0.3400623805429319,0.4781473782144236,-0.1380849976714916,51.70532367348137,-0.0241867997392887,-0.0205106218458717,0.0271513852270908,0
2021-10-28 00:00:00+05:30,103.17425647957108,104.32753298524312,100.73462451161188,102.0209732055664,56679255,105.05277519226074,111.78889985192554,98.31665053259594,0.0639827147534646,0.3953144455222318,-0.3313317307687672,49.348952792694654,-0.017094079289937,-0.0291262283950868,0.0274737894152152,0
2021-10-29 00:00:00+05:30,102.02098289007168,103.75090119696134,100.06927983776886,102.10969543457033,48266319,105.11709327697754,111.70614065543124,98.52804589852386,-0.1459706087194945,0.2870574346738865,-0.4330280433933811,47.574126925844325,0.0008696469580342,-0.0120171155497444,0.026320489466897,0
2021-11-01 00:00:00+05:30,109.11808840814464,115.59420530555468,108.452734210534,111.11415100097656,200912849,105.58062286376952,112.49628507737567,98.66496065016338,0.4095036771471427,0.3115466831685378,0.0979569939786049,59.211931932665365,0.0881841389114328,0.0848852378639253,0.0324378822384735,0
2021-11-02 00:00:00+05:30,111.602076131729,112.0899984648742,108.31965814648248,108.54144287109376,49404142,105.67155380249024,112.69739761466798,98.6457099903125,0.6348073417283899,0.3761988148805082,0.2586085268478816,56.56152910982034,-0.0231537397055772,0.0204336422519202,0.0329898809293996,0
2021-11-03 00:00:00+05:30,109.11808833137889,109.82780218233076,107.43252301161782,108.23094940185548,40867394,105.78909950256347,112.90768137601012,98.67051762911684,0.7793243253587576,0.4568239169761582,0.3225004083825994,50.2863710999054,-0.0028605983210212,0.04273501446417,0.0313980323832185,0
2021-11-04 00:00:00+05:30,109.47294646213832,109.73908408292576,108.85194514363506,109.33987426757812,7327909,106.12177658081056,113.25169643452546,98.99185672709564,0.9721299362908128,0.5598851208390891,0.4122448154517235,48.88103780211169,0.010245912762026,0.071739180994329,0.0313869114706035,0
2021-11-08 00:00:00+05:30,110.89236831031712,110.89236831031712,108.23095147086951,110.58187103271484,40785175,106.52764282226562,113.7049815269864,99.35030411754484,1.2111867245670993,0.6901454415846913,0.521041282982408,44.43022979501614,0.0113590469483921,0.0829713139588523,0.0305569094029779,0
2021-11-09 00:00:00+05:30,112.5524578818526,114.15642202190416,110.1694198510216,113.05655670166016,62396450,106.99514350891111,114.60385570247904,99.38643131534322,1.5820900539351328,0.8685343640547796,0.7135556898803532,56.35083747637916,0.0223787646730375,0.0174811730385855,0.0307792136019558,0
2021-11-10 00:00:00+05:30,113.19403012637432,113.60647521233469,107.69472501902013,108.10717010498048,67831948,107.22848205566406,114.6624133553251,99.79455075600302,1.4598314518081708,0.986793781605458,0.4730376702027128,53.18268797966626,-0.0437779704342172,-0.0040009857490933,0.032513307999517,0
2021-11-11 00:00:00+05:30,108.24465473877407,109.25285928223568,106.686521080036,107.2364501953125,25749010,107.44933395385742,114.58833719780328,100.31033070991155,1.2779494037658736,1.0450249060375412,0.2329244977283324,53.20869223411047,-0.00805422904718,-0.0091886767328488,0.0325778464543851,0
2021-11-12 00:00:00+05:30,108.15300046230884,108.9778976270924,105.90745367353009,107.6947250366211,24442697,107.43361206054688,114.56880813765036,100.2984159834434,1.1574432349053012,1.0675085718110933,0.0899346630942079,56.721595714055965,0.0042734988007708,-0.0150461964766028,0.0325253842437108,0
2021-11-15 00:00:00+05:30,108.15301122859226,108.5654563556776,105.4033584007467,105.81580352783205,17462859,107.21526947021484,114.26298586513668,100.16755307529304,0.8999538570637924,1.033997628861633,-0.1340437717978406,55.1055665094476,-0.017446736673037,-0.0430998992906604,0.0308725330011124,0
2021-11-16 00:00:00+05:30,106.22824804717352,107.05314523505275,104.53263032320008,104.99090576171876,22417892,106.74276885986328,112.97015517428676,100.5153825454398,0.6221574702095296,0.9516295971312124,-0.3294721269216828,47.71490418810372,-0.0077956008328785,-0.0713417352805595,0.0305379434723778,0
2021-11-17 00:00:00+05:30,104.486791749352,105.8157876192483,103.66189462646948,104.16600036621094,17789072,106.49960021972656,112.73084869344396,100.26835174600916,0.3316161957366574,0.8276269168523015,-0.496010721115644,50.65309846123907,-0.0078569223641138,-0.0364561363963402,0.029106188380718,0
2021-11-18 00:00:00+05:30,104.30349810926003,104.9909113033209,100.82060179559352,101.27887725830078,25723110,106.26510696411133,112.91910567902951,99.61110824919314,-0.1301067737347665,0.6360801787348879,-0.7661869524696544,48.74204889232845,-0.0277165591244749,-0.0555554844100213,0.0279435436008828,0
2021-11-22 00:00:00+05:30,101.82879691174426,102.37872601712462,96.97108165603508,98.39173126220705,32273044,105.93061332702636,113.4512686118529,98.40995804219985,-0.7206864814280038,0.3647268467023095,-1.085413328130313,44.243682202582,-0.0285068918046,-0.0863830031717024,0.0279631136405127,0
2021-11-23 00:00:00+05:30,98.34592331426082,104.0285366141538,98.0709552221538,101.78298950195312,51894157,105.8521785736084,113.5174122568507,98.18694489036608,-0.904650706433813,0.110851336075085,-1.015502042508898,32.5137610481558,0.0344669028204069,-0.0381116420367037,0.0291035058532038,0
2021-11-24 00:00:00+05:30,102.51622552710548,103.20363876084922,100.82060761575002,101.37053680419922,28289989,105.79969596862792,113.57741795440344,98.02197398285244,-1.07137502149925,-0.125593935439782,-0.945781086059468,35.378142344792735,-0.004052275333748,-0.0344826909650261,0.0289017705928383,0
2021-11-25 00:00:00+05:30,101.59966988521737,102.37873678248758,99.39994623966189,100.77477264404295,33353266,105.5200366973877,113.60777013905788,97.4323032557175,-1.2373154290245338,-0.3479382341567324,-0.8893771948678014,34.97129880003642,-0.0058770938670965,-0.0325559943767218,0.028863843790917,0
2021-11-26 00:00:00+05:30,99.49160441271228,100.0873569120362,94.49639774074969,95.00050354003906,56238864,105.08029899597167,114.42202917433482,95.73856881760852,-1.813850714681124,-0.6411207302616106,-1.172729984419513,25.6727280446335,-0.0572987559535341,-0.0619909490332264,0.0299573887429864,0
2021-11-29 00:00:00+05:30,95.04632813311272,97.10856771452988,92.02171427600472,94.08395385742188,44874279,104.68344802856446,115.17588090336572,94.1910151537632,-2.31799656029402,-0.9764958962680924,-1.3415006640259275,21.698146545101125,-0.0096478402583508,-0.0437819047345069,0.0296570257317911,0
2021-11-30 00:00:00+05:30,94.40474245589785,96.51281231753836,90.96767658978504,91.70092010498048,50348334,104.16300926208496,116.1229216885506,92.20309683561932,-2.876666265053913,-1.3565299700252569,-1.5201362950286563,13.249259897832545,-0.0253288010838993,-0.099054561536328,0.0298888043902137,0
2021-12-01 00:00:00+05:30,93.30489630770973,94.40475473078244,91.88423943457224,93.9923095703125,37013303,103.30691719055176,115.61784120545715,90.99599317564636,-3.0987990249384296,-1.7049837810078914,-1.3938152439305382,23.26397328916211,0.0249876387577008,-0.0727847308152074,0.0305670680285431,0
2021-12-02 00:00:00+05:30,94.12978400749326,96.14620038394948,93.213233016212,95.82540893554688,35863264,102.6711154937744,115.15598944668773,90.18624154086108,-3.091290565228803,-1.982245137852074,-1.1090454273767292,29.14579156220981,0.0195026526490775,-0.0491131220506768,0.0230060544302053,0
2021-12-03 00:00:00+05:30,96.0545402327698,97.33770594020854,95.00050526503485,95.32129669189452,39431734,102.02563285827635,114.634464311091,89.41680140546173,-3.090393568480096,-2.2038748239776784,-0.8865187445024172,27.424806891279506,-0.0052607366798863,0.0033767521213219,0.0226981919298651,0
2021-12-06 00:00:00+05:30,95.59626783409782,97.70433084445392,93.71733557079472,94.31309509277344,40798956,101.27429389953612,113.8387584274558,88.70982937161648,-3.1348989713165025,-2.390079653445443,-0.7448193178710594,28.32475198331403,-0.0105768766698578,0.0024354975100091,0.0227086865129891,0
2021-12-07 00:00:00+05:30,95.77957872005736,99.62909009161874,95.13799582237353,98.75836944580078,54180253,100.68311882019044,112.49365404961894,88.87258359076192,-2.7794337519716947,-2.467950473150694,-0.3114832788210009,39.66568844766284,0.0471331616108519,0.0769615979069877,0.0253269782393762,0
2021-12-08 00:00:00+05:30,100.774776137388,101.23305162140107,98.25426097531596,101.00391387939452,42143106,100.08048667907715,110.3639344005354,89.7970389576189,-2.2901291523468217,-2.43238620898992,0.142257056643098,44.99277175739684,0.0227377633530707,0.0745976382656805,0.0258011461974396,0
2021-12-09 00:00:00+05:30,101.04973367067358,103.11197313334038,99.58325367354504,102.47039031982422,41245513,99.79864768981932,109.44507587214784,90.15221950749084,-1.7636886342891105,-2.298646694049758,0.5349580597606476,51.97567566199949,0.014519006087039,0.0693446702507352,0.0254542407726932,0
2021-12-10 00:00:00+05:30,101.8288004867746,103.34111082421111,100.86642626675368,102.8828353881836,31774104,99.58096694946288,108.70292540456028,90.4590084943655,-1.2982346202803114,-2.0985642792958688,0.8003296590155573,58.11258150370337,0.0040250170519706,0.0793268551594519,0.0238392113477698,0
2021-12-13 00:00:00+05:30,113.14820555100565,113.14820555100565,103.11197601588428,103.57025146484376,69531375,99.37474327087402,107.89072027146102,90.85876627028702,-0.8639313653514478,-1.8516376965069847,0.987706331155537,53.57795469166296,0.0066815428838686,0.0981534575125997,0.0238715568220503,0
2021-12-14 00:00:00+05:30,103.02032627894032,106.31990823955314,102.28708273536918,105.03673553466795,41178093,99.33578987121582,107.73402787085914,90.93755187157252,-0.396835426542566,-1.560677242514101,1.163841815971535,57.04224031101362,0.0141593174592418,0.0635730027145982,0.0240851962609744,0
2021-12-15 00:00:00+05:30,105.17421488540108,107.4197617743161,104.12017996077076,104.44097137451172,38428524,99.30829315185548,107.63184032299864,90.98474598071228,-0.0738800749920329,-1.2633178090096877,1.1894377340176543,57.04224031101362,-0.0056719599778461,0.0340289535633369,0.0238165816387381,0
2021-12-16 00:00:00+05:30,105.22005298035836,105.90746620019677,102.74536119330271,104.02853393554688,26860434,99.30141983032226,107.6082874646584,90.99455219598612,0.1470885679861737,-0.9812365336105152,1.128325101596689,71.84035885960489,-0.0039490004117818,0.0152057937015706,0.0237712141772523,0
2021-12-17 00:00:00+05:30,103.66190044689868,104.02852218795692,101.18721593202967,102.9744873046875,34182526,99.3862003326416,107.8118075307342,90.960593134549,0.2344524337497091,-0.7380987401384704,0.9725511738881796,71.36559385826726,-0.0101322838165962,0.0008908377783145,0.0238131610354155,0
2021-12-20 00:00:00+05:30,100.63729166702976,101.09556711725716,95.77956909752788,97.6126708984375,47029517,99.34724731445311,107.79937454950348,90.89512007940276,-0.1274951617631927,-0.6159780244634149,0.4884828627002221,62.42773416887919,-0.0520693673413018,-0.0575221212862315,0.0257319228848886,0
2021-12-21 00:00:00+05:30,98.52922220099308,102.56204757799802,98.39173816681809,101.4163589477539,37037500,99.32891578674317,107.76036471431829,90.89746685916806,-0.1061912949202792,-0.5140206785547878,0.4078293836345086,64.67388665390115,0.0389671547177927,-0.0344677180653537,0.0263869663580981,0
2021-12-22 00:00:00+05:30,102.5620439547273,103.75355589245083,102.10376851881942,103.29528045654295,23794822,99.42515296936035,107.99748204850572,90.852823890215,0.0615954025372076,-0.3988974623363888,0.4604928648735964,64.73775999041457,0.0185268089712924,-0.0109697459042242,0.0256176346293992,0
2021-12-23 00:00:00+05:30,104.02852280610222,105.0825576956348,101.7371456517828,102.10376739501952,26865830,99.49160270690918,108.1283432393599,90.85486217445845,0.0973007998819497,-0.2996578098927211,0.3969586097746708,63.02816571155235,-0.0115350193760761,-0.0185022942043946,0.0257434130771047,0
2021-12-24 00:00:00+05:30,102.56203983246094,102.60786317857304,98.80418280760122,99.72073364257812,27899055,99.72761421203612,108.1015916234941,91.35363680057816,-0.0659332855826875,-0.2529129050307144,0.1869796194480268,59.86620304509175,-0.0233393322620694,-0.0315976679979184,0.0262423645930137,0
2021-12-27 00:00:00+05:30,98.80418801079668,100.13318399440918,98.16259819688888,99.39994049072266,18001260,99.99341354370117,107.93968173358306,92.04714535381927,-0.2186621990083068,-0.2460627638262328,0.027400564817926,51.37792217751423,-0.0032169152806803,0.0183098113783275,0.0227810712059599,0
2021-12-28 00:00:00+05:30,99.62907296489809,100.27066274501868,99.35411191004178,99.72073364257812,12134126,100.39440422058104,107.32295890588794,93.46584953527416,-0.3102393903019163,-0.2588980891213696,-0.0513413011805466,46.99568615192247,0.0032272972224305,-0.0167194456867585,0.0226131013490177,0
2021-12-29 00:00:00+05:30,99.4457745093758,99.5374282025438,96.87942914430047,97.5210189819336,25865808,100.5708396911621,106.97264979608704,94.1690295862372,-0.5539282237565715,-0.3179041160484099,-0.2360241077081615,38.79668365091295,-0.0220587492720301,-0.055900535330253,0.0224185606684441,0
2021-12-30 00:00:00+05:30,97.15439492662324,98.39173723704867,96.1461903400813,96.37532806396484,21013686,100.598335647583,106.91853141650184,94.27813987866418,-0.8299340984235926,-0.4203101125234464,-0.4096239859001461,35.742978063342846,-0.0117481434251727,-0.0561040936804267,0.0220617553073418,0
2021-12-31 00:00:00+05:30,96.74196126912888,99.39995358654105,96.69613092183728,98.25426483154295,21997020,100.74498405456544,106.6736045010593,94.81636360807155,-0.8868333851687709,-0.5136147670525114,-0.3732186181162594,38.93131565695477,0.0194960349845041,-0.0147057563404148,0.0220614842208511,0
2022-01-03 00:00:00+05:30,98.71253073915656,101.37052979095314,98.11677823864522,100.9122543334961,24678644,101.07494201660155,106.17265885308204,95.97722518012108,-0.7092728844837524,-0.5527463905387596,-0.1565264939449927,41.81817411329399,0.0270521539854808,0.0152144340862516,0.0226898051612616,0
2022-01-04 00:00:00+05:30,101.69131767089029,101.96628573287924,99.58325483564523,100.68311309814452,24952161,101.17117919921876,106.15618186527176,96.18617653316576,-0.5803547231262911,-0.5582680570562659,-0.0220866660700251,42.4354211806364,-0.002270697814304,0.0096507458420411,0.02251368415903,0
2022-01-05 00:00:00+05:30,100.49980735536089,104.16601094703675,99.81239418192165,103.57025146484376,40582366,101.29949607849122,106.397214053511,96.20177810347144,-0.242423704512646,-0.4950991865475419,0.2526754820348958,49.16106098383296,0.0286754975870171,0.0620300376889091,0.0210307335125198,0
2022-01-06 00:00:00+05:30,102.37872784955886,104.02852218795692,101.9662827613234,102.9744873046875,25776004,101.32470092773436,106.4516956814284,96.19770617404032,-0.0224256177535835,-0.4005644727887503,0.3781388550351667,50.0,-0.0057522710597885,0.0684735333543327,0.0205725135948711,0
2022-01-07 00:00:00+05:30,103.43276865613524,103.98269780285148,101.32470576160163,102.65370178222656,26351285,101.31324424743651,106.42658474347158,96.19990375140148,0.1246033899411287,-0.2955309002427745,0.4201342901839032,61.55462802078349,-0.0031151941695206,0.0447760405945374,0.0203571522516675,0
2022-01-10 00:00:00+05:30,103.15780649635016,103.20362984567058,100.2248394234352,100.59146118164062,40065591,101.16430473327635,106.17330551653885,96.1553039500139,0.073867853587501,-0.2216511494767194,0.2955190030642204,47.94519975202751,-0.0200892959998739,-0.0031789315774802,0.020810611050938,0
2022-01-11 00:00:00+05:30,99.72074515470736,99.72074515470736,95.55043557703544,95.68791961669922,83997765,100.69686393737793,105.92438176844398,95.46934610631187,-0.357889718292725,-0.2488988632399205,-0.1089908550528044,33.53176674219954,-0.0487470955023404,-0.0496130217643951,0.0231852187790007,0
2022-01-12 00:00:00+05:30,96.28366201474472,97.24603613589582,95.82538662579825,96.19200134277344,36449235,100.28441543579102,105.56947180392704,94.999359067655,-0.6518711572209526,-0.3294933220361269,-0.3223778351848256,36.80977313341575,0.0052679766483945,-0.0712390866847978,0.0229262640214097,0
2022-01-13 00:00:00+05:30,97.15439309774592,99.44577029344748,96.55863362831786,99.0333251953125,47128730,100.0346549987793,105.03939689338,95.0299131041786,-0.648111451253115,-0.3932169478795246,-0.2548945033735904,48.4970036825912,0.0295380469568795,-0.0382731899185245,0.0240521852564225,0
2022-01-14 00:00:00+05:30,98.71253142412856,99.7665663821395,98.30008630664666,99.17080688476562,22683240,99.8444709777832,104.6645073860393,95.0244345695271,-0.6268127268917141,-0.4399361036819625,-0.1868766232097515,49.49495832771392,0.001388236628246,-0.0339285854966018,0.024061543360749,0
2022-01-17 00:00:00+05:30,98.070931701789,99.44575784714118,97.38351862911291,98.43755340576172,38356354,99.8857151031494,104.638997205646,95.1324330006528,-0.6614756821770555,-0.4842440193809811,-0.1772316627960743,47.22220295364211,-0.0073938440357345,-0.0214124315381952,0.0240226381592014,0
2022-01-18 00:00:00+05:30,98.98750996422082,99.07916366749367,96.28368725766022,96.51282501220705,26528093,99.64053840637207,104.56419378310171,94.71688302964245,-0.8346346707647854,-0.5543221496577421,-0.2803125211070433,47.79118909330875,-0.019552785770903,0.0086207893202419,0.0215451519096434,0
2022-01-19 00:00:00+05:30,96.69611239887772,96.92525010598406,94.95466442632392,95.91704559326172,38987705,99.271626663208,104.14770484504108,94.39554848137492,-1.0083156021295565,-0.645120840152105,-0.3631947619774515,48.97117762720689,-0.0061730595790762,-0.0028584055396865,0.0195930984630743,0
2022-01-20 00:00:00+05:30,96.23783816658492,97.97928616052585,95.13797995605798,96.69611358642578,41218605,99.00124397277833,103.8154065892808,94.18708135627584,-1.07075175571417,-0.7302470232645181,-0.3405047324496518,46.320310129588215,0.0081223101519172,-0.0236002537961569,0.0191624834765511,0
2022-01-21 00:00:00+05:30,95.77958125598802,97.15440778119358,93.1215819087114,93.9923095703125,50322983,98.71482276916504,104.0066791624067,93.42296637592338,-1.3231547405121376,-0.848828566714042,-0.4743261737980955,33.69332239762426,-0.0279618685366982,-0.0522179608810728,0.0198527414847643,0
2022-01-24 00:00:00+05:30,93.02991435877152,93.717327519058,88.21802223676609,89.22622680664062,51823192,98.20613708496094,104.9714764424297,91.44079772749218,-1.886028014700756,-1.0562684563113849,-0.8297595583893709,27.758001213945636,-0.0507071566329214,-0.0935753305565387,0.021986870134396,0
2022-01-25 00:00:00+05:30,89.08873283617223,91.4717704534662,88.21801239404923,89.36370086669922,39580595,97.688285446167,105.47407409362626,89.90249679870772,-2.2945658057589498,-1.303927926200898,-0.9906378795580516,19.123456032685937,0.0015407360030645,-0.0740743434315965,0.0220311541791432,0
2022-01-27 00:00:00+05:30,88.90544370745515,88.99709740551499,86.29327485274065,88.35551452636719,41800442,97.23001022338867,106.0654676115308,88.39455283524656,-2.668921494782481,-1.5769266399172146,-1.0919948548652665,18.786664069000608,-0.0112818328980791,-0.078834069795679,0.0219935774772892,0
2022-01-28 00:00:00+05:30,89.50119309121905,92.02170796223648,89.04291766012497,89.31787872314453,36999823,96.87713775634764,106.3937843704883,87.360491142207,-2.8550352582941088,-1.8325483635925932,-1.022486894701515,22.28563999219918,0.0108919539650256,-0.0763033237802952,0.0219294335356462,0
2022-01-31 00:00:00+05:30,90.92184154341678,91.33429362164662,89.4095382347581,90.23442840576172,29176967,96.4761459350586,106.41495231174376,86.53733955837343,-2.8951997962406466,-2.045078650122204,-0.8501211461184424,27.39993081052573,0.0102616597675611,-0.0399807301440937,0.0220633421041783,0
2022-02-01 00:00:00+05:30,91.1509838431228,95.50460060069965,89.95947187352829,94.6797103881836,71410207,96.16451873779296,105.90656311059443,86.4224743649915,-2.539064620293445,-2.1438758441564523,-0.3951887761369925,47.755091085393786,0.0492637019035855,0.06111973773542,0.0244057790878767,0
2022-02-02 00:00:00+05:30,96.4211449319388,97.1543883961709,95.00049533499003,95.45877075195312,50935597,95.9033016204834,105.41258775503148,86.39401548593534,-2.168958859460929,-2.148892447217348,-0.0200664122435814,48.38711734608254,0.0082283771314404,0.0682052088951163,0.023639166014511,0
2022-02-03 00:00:00+05:30,95.96288714021507,96.87943814248162,94.67972133122528,95.73374938964844,32947766,95.51147651672365,104.30982651814504,86.71312651530224,-1.8323368608220532,-2.0855813299382886,0.2532444691162352,41.818189385489234,0.002880601075514,0.0835062180649677,0.0236670088193939,0
2022-02-04 00:00:00+05:30,95.96287653209102,97.79597833398562,95.1838096648315,96.32949829101562,39818820,95.17922706604004,103.26387019136097,87.09458394071913,-1.5001962160719984,-1.9685043071650303,0.4683080910930322,43.11109746379412,0.0062229767993564,0.078501859516892,0.0226929125277627,0
2022-02-07 00:00:00+05:30,95.73373652380394,97.38353090325629,93.48818966712604,93.900634765625,41791347,94.74157371520997,102.03112103464667,87.45202639577325,-1.416631305930636,-1.858129706918152,0.4414984009875158,39.83572747867626,-0.025214119957865,0.04062979535236,0.0231942840397835,0
2022-02-08 00:00:00+05:30,94.4047500804306,95.41295475070493,91.19682167963926,93.39654541015624,43278258,94.38182792663574,101.14710619460492,87.61654965866656,-1.3752285322569548,-1.7615494719859126,0.3863209397289577,42.54383354843185,-0.0053683274530247,-0.0135526922586308,0.023194589510253,0
2022-02-09 00:00:00+05:30,93.7631542349044,95.32128787421868,92.15919025625166,94.95466613769533,38882386,94.34516525268556,101.08855324677576,87.60177725859533,-1.2028238107174047,-1.649804339732211,0.4469805290148063,47.79873313855866,0.016682851819588,-0.0052808622014179,0.0233253131339524,0
2022-02-10 00:00:00+05:30,92.57165370075434,97.84182210451016,92.57165370075434,94.77137756347656,84638735,94.27413406372072,100.9653385431076,87.58292958433383,-1.068662803343841,-1.533576032454537,0.4649132291106963,45.47416832041609,-0.0019302745370401,-0.010052586807761,0.0207807931873419,0
2022-02-11 00:00:00+05:30,93.94646928117082,94.49639843451487,92.66329659488228,93.2590560913086,24260135,93.98542060852051,100.29967193235142,87.67116928468961,-1.072013438613325,-1.441263513686295,0.3692500750729697,48.173479274066864,-0.0159575761274023,-0.0318743713419028,0.0210137633950132,0
2022-02-14 00:00:00+05:30,91.65509297188756,91.93006104789468,87.53061378815262,88.12637329101562,32544033,93.433198928833,99.7697700657365,87.09662779192952,-1.4718666846328716,-1.4473841478756104,-0.0244825367572611,47.309425744555206,-0.0550368298309563,-0.0614933167280697,0.0228406431835122,0
2022-02-15 00:00:00+05:30,88.9054440626294,90.46357791405812,86.43075924148285,90.00530242919922,30069759,93.01158638000489,99.06180435392584,86.96136840608392,-1.6184825252246355,-1.4816038233454156,-0.1368787018792199,51.44632121621966,0.021320849457618,-0.0363101543645345,0.0235356396901574,0
2022-02-16 00:00:00+05:30,90.55522388982612,91.97587346639328,89.91363411964576,90.41773986816406,23615723,92.70683212280274,98.62711426221222,86.78654998339326,-1.6820072482184116,-1.521684508320015,-0.1603227398983966,54.777049801495295,0.0045823682364634,-0.0477799191348025,0.0236029702816627,0
2022-02-17 00:00:00+05:30,90.69270681670616,91.105158908515,88.90543539705259,89.22622680664062,17584772,92.37229118347167,98.2849370056452,86.45964536129816,-1.8076586315605,-1.578879332968112,-0.2287792985923877,49.789922799732935,-0.0131778682287431,-0.0585108172889211,0.023430204800294,0
2022-02-18 00:00:00+05:30,89.18041172476735,90.142786042738,88.26386075942638,88.76795959472656,24800828,91.97588348388672,97.72886975979502,86.22289720797842,-1.9220602777896405,-1.6475155219324178,-0.2745447558572225,46.56654468781071,-0.0051360146933833,-0.0481572158760095,0.0234253088850389,0
2022-02-21 00:00:00+05:30,88.44715822207333,89.73033082798582,87.34729998427869,87.62226104736328,24726790,91.65738105773926,97.64102931875328,85.67373279672525,-2.0811821322854485,-1.734248844003024,-0.3469332882824245,30.45677493285829,-0.0129066675926089,-0.005720333480508,0.0233567003590963,0
2022-02-22 00:00:00+05:30,86.10995902811818,86.47658080697352,83.49779021695828,85.46837615966797,31544269,91.46948852539064,97.98677597358343,84.95220107719783,-2.35395295368906,-1.8581896659402315,-0.4957632877488285,24.29240662044724,-0.0245814803447157,-0.0504073220919415,0.0231974405463359,0
2022-02-23 00:00:00+05:30,86.15577760210786,88.0347095915854,85.37671079893225,86.98067474365234,25758246,91.35033721923828,98.11226759325888,84.58840684521769,-2.4201974087308717,-1.9705912144983595,-0.449606194232512,28.824720424213226,0.0176942472986636,-0.0380131722991884,0.021052352336551,0
2022-02-24 00:00:00+05:30,82.4895683737362,84.27683955807622,77.31105518283952,77.90681457519531,71704145,90.8279022216797,99.81313171417013,81.84267272918927,-3.168358434994033,-2.2101446585974944,-0.9582137763965388,18.396139737159103,-0.1043204159452582,-0.1268619399985977,0.0308211198528007,0
2022-02-25 00:00:00+05:30,82.03129934171484,84.55181412595748,81.02309482656337,83.9560546875,42402553,90.55981101989748,100.04101478116658,81.07860725862835,-3.23585736758055,-2.415287200394106,-0.8205701671864443,34.8251415436571,0.0776471242636418,-0.0542076772880157,0.0357761458123573,0
2022-02-28 00:00:00+05:30,83.40613124601752,88.67629887969446,82.67288773467547,88.30967712402344,51489421,90.46357345581056,99.99761013280484,80.92953677881626,-2.904567762931862,-2.5131433129016574,-0.3914244500302044,43.053794323152665,0.051855967419246,0.0078452218470894,0.0375747378805543,0
2022-03-02 00:00:00+05:30,87.98888220191625,92.11336105513108,87.576437113686,91.059326171875,57349266,90.28255424499513,99.6148813595756,80.95022713041462,-2.392564669855062,-2.489027584292338,0.0964629144372759,44.84848240248772,0.0311364409586722,0.0654154233814185,0.0381278494869912,0
2022-03-03 00:00:00+05:30,93.02990545358767,93.94645624623386,91.70090960134176,92.70911407470705,42379071,90.14507141113282,99.23416851425496,81.05597430801069,-1.8325499389295885,-2.357732055219788,0.5251821162901997,47.374531032702265,0.0181177257968947,0.0658587594076205,0.0367427927216927,0
2022-03-04 00:00:00+05:30,92.57163590637752,93.57984044344592,88.95126284376387,89.40953826904297,46399925,89.82886085510253,98.5311099818403,81.12661172836476,-1.6361222232554269,-2.213410088826916,0.5772878655714893,45.312491290422194,-0.0355906303128427,0.147647208483223,0.0374685945995336,0
2022-03-07 00:00:00+05:30,89.4553691969581,90.87602593281012,86.9348541443184,89.82199096679688,38617536,89.5034854888916,97.6513013653804,81.3556696124028,-1.4306783878123497,-2.0568637486240027,0.626185360811653,52.33291261801652,0.0046130726736648,0.069869127380163,0.0374827821679861,0
2022-03-08 00:00:00+05:30,89.82199169435994,90.28026716218832,85.69751248390463,88.0805435180664,38596051,89.21248092651368,97.11096793526865,81.31399391775871,-1.3923329754657914,-1.9239575939923603,0.531624618526569,47.341767510393446,-0.0193877627292207,-0.0025946602164022,0.0376063446383635,0
2022-03-09 00:00:00+05:30,88.0805435180664,89.6845076554657,87.2556462774296,88.0805435180664,31188865,88.94668083190918,96.60649880099842,81.28686286281993,-1.3464232310294193,-1.808450721399772,0.4620274903703527,46.73496563912674,0.0,-0.0327125488298268,0.0372818426084207,0
2022-03-10 00:00:00+05:30,89.77616517584907,91.288475682668,88.53882275853505,90.8302001953125,41584245,88.74045753479004,95.92665850112012,81.55425656845995,-1.075764371750182,-1.661913451469854,0.586149079719672,52.14725217170336,0.0312175262256653,-0.0202667655510164,0.0379829007999752,0
2022-03-11 00:00:00+05:30,91.19681314874256,93.35070633210188,90.78436804717124,91.33429718017578,44512874,88.568603515625,95.29736944918136,81.83983758206863,-0.811237421992459,-1.491778245574375,0.6805408235819161,53.43136644841255,0.0055498830100486,0.0215274449280904,0.037806511453536,0
2022-03-14 00:00:00+05:30,92.38833807554904,92.8924368997843,89.82199263183371,91.01351165771484,46969583,88.45632629394531,94.92548371348376,81.98716887440685,-0.6203318201621499,-1.3174889604919302,0.6971571403297803,54.63661113834792,-0.0035122131812994,0.0132653560458086,0.0378097058177029,0
2022-03-15 00:00:00+05:30,90.73853172987955,90.73853172987955,86.01829357972915,86.98067474365234,44771720,88.39904136657715,94.9007097584484,81.8973729747059,-0.7854003837227452,-1.2110712451380932,0.4256708614153479,51.96661340876747,-0.0443103099815471,-0.012487079784975,0.038853632206227,0
2022-03-16 00:00:00+05:30,88.30967824693549,89.31788284330447,87.98888682891742,89.0887451171875,30212949,88.35321350097657,94.82003813813448,81.88638886381865,-0.7376120161594599,-1.1163793993423663,0.3787673831829066,52.69953379602662,0.0242360774936274,0.0114463598753145,0.0373232970473639,0
2022-03-17 00:00:00+05:30,90.55523271601528,91.65509101105656,89.08874566565557,89.91364288330078,50576391,88.3280086517334,94.76481260310268,81.89120470036411,-0.6259613420975967,-1.0182957878934125,0.3923344457958158,69.49406033778197,0.0092592814617402,-0.010090887282433,0.0370901409407252,0
2022-03-21 00:00:00+05:30,90.64688051954111,92.43415188105396,90.28025878076905,91.10515594482422,44140020,88.42195510864258,94.96787946157718,81.87603075570797,-0.4363028051800484,-0.9018971913507396,0.4655943861706912,63.78092574350762,0.0132517493821255,-0.002508819166797,0.0371845940221291,0
2022-03-22 00:00:00+05:30,91.56343725305015,92.98408696706753,90.05112685390453,91.19681549072266,43769916,88.54339790344238,95.20544296247245,81.88135284441233,-0.2754259500284632,-0.7766029430862844,0.5011769930578212,56.65962614736941,0.0010060851655195,0.0020140287927488,0.0370421400075425,0
2022-03-23 00:00:00+05:30,92.38833599488154,95.96287900656552,91.4717850703003,94.49639892578124,100447377,88.88710479736328,96.04024985812408,81.73395973660249,0.1169705603659565,-0.5978882423958363,0.7148588027617928,57.731972564012615,0.0361809062882712,0.0864068277727103,0.0377510032763062,0
2022-03-24 00:00:00+05:30,94.17560802973236,96.19201727804636,93.94647029729992,95.32129669189452,41016068,89.3797508239746,96.88978156079718,81.86972008715203,0.4888745363436584,-0.3805356866479373,0.8694102229915958,56.10281006183662,0.008729409538253,0.0699589108198652,0.0375706712755027,0
2022-03-25 00:00:00+05:30,95.77957161874072,96.37533111826426,94.31309153795644,94.49639892578124,29916817,89.75553703308105,97.50833461551672,82.00273945064538,0.7088772651109423,-0.1626530962961614,0.8715303614071037,63.43825090002189,-0.0086538663944069,0.0509684169779267,0.0371078202274485,0
2022-03-28 00:00:00+05:30,95.62360233782404,95.62360233782404,93.55707624188308,93.79190826416016,28885917,90.5497917175293,96.14652277354033,84.9530606615183,0.816967016749615,0.0332709263129938,0.7836960904366211,60.3281950226494,-0.0074552117290141,0.0294906725253081,0.037099163016423,0
2022-03-29 00:00:00+05:30,94.77819805298492,94.91909868839625,92.5238093859156,92.80561065673828,37061803,90.9922695159912,95.7269514529758,86.25758757900661,0.813663542749083,0.1893494496002117,0.6243140931488713,62.79556971858688,-0.010515807020836,0.0176409138560247,0.0278707471690824,0
2022-03-30 00:00:00+05:30,92.99347306273478,92.99347306273478,91.16178630840372,91.8193130493164,32496697,91.16775131225586,95.74121214184775,86.59429048266395,0.7231238204443713,0.2961043237690436,0.4270194966753277,59.6112417763287,-0.010627564437563,-0.0283300306350029,0.0232271723181649,0
2022-03-31 00:00:00+05:30,92.24201495993664,93.51011360623424,92.0541522097838,92.57078552246094,30867023,91.24332427978516,95.85899797354736,86.62765058602295,0.7038939353517293,0.3776622460855807,0.3262316892661485,54.98683682471511,0.0081842528351405,-0.028855158971704,0.0205823899204549,0
2022-04-01 00:00:00+05:30,92.99346986575924,96.2811177903063,92.80560713667236,95.95235443115234,31320098,91.40548629760742,96.4463008134053,86.36467178180955,0.9505609874926648,0.4922419943669976,0.4583189931256672,61.35814858376386,0.0365295475198372,0.0154075236932005,0.0209878832849072,0
2022-04-04 00:00:00+05:30,96.75079443579088,100.32024408740249,96.60989378729217,99.94451141357422,53395420,91.932234954834,98.15745463995866,85.70701526970932,1.4514487108448009,0.6840833376625584,0.7673653731822425,68.605752664177,0.0416056177682051,0.0655984430137146,0.0224267941842152,0
2022-04-05 00:00:00+05:30,100.4611293615192,101.44742665392288,98.81730531851584,99.3339385986328,45728043,92.40783233642578,99.3646418042076,85.45102286864396,1.778634722981835,0.9029936147264136,0.875641108255421,80.01515618320741,-0.0061091180126423,0.0703441084617284,0.0206917497793403,0
2022-04-06 00:00:00+05:30,98.864281028644,105.1577763367872,98.44158625664352,103.7957534790039,78734092,93.19359283447264,101.50968526944916,84.87750039949616,2.370635951175984,1.1965220820163278,1.1741138691596564,82.06639321382718,0.0449173257732127,0.1304348729254261,0.022428182082363,0
2022-04-07 00:00:00+05:30,104.59418592602988,105.39261340386882,100.97777405593234,102.48069763183594,52483623,93.91360054016111,102.8370933525287,84.99010772779356,2.702534042993605,1.4977244742117837,1.2048095687818217,76.82713871801512,-0.0126696497986691,0.1070522633403656,0.0220759124136847,0
2022-04-08 00:00:00+05:30,103.2321426961134,105.39259267195712,102.71550945922492,104.17147064208984,38006661,94.5806640625,104.47541020007496,84.68591792492505,3.0666465312129247,1.811508885612012,1.2551376456009131,77.31077321106676,0.0164984533607299,0.0856583067676037,0.0220904464724967,0
2022-04-11 00:00:00+05:30,104.21844179714502,105.5335024691051,103.04428176262782,103.27911376953124,23157885,95.17790489196776,105.67144879744592,84.68436098648961,3.245787145753724,2.098364537640354,1.1474226081133696,74.43609463420023,-0.0085662309177196,0.0333645370695576,0.0217254485377347,0
2022-04-12 00:00:00+05:30,102.38675112075484,102.8564151167216,99.38090441316908,101.49439239501952,33624428,95.701948928833,106.36528604717476,85.03861181049125,3.2067795159228893,2.320047533296861,0.8867319826260278,65.0770899295393,-0.017280564379109,0.0217494023378677,0.0223307339772416,0
2022-04-13 00:00:00+05:30,102.29281783181388,102.80944391776276,99.85056653200046,100.0384292602539,18850426,96.35483665466307,106.34774249065316,86.36193081867302,3.0235282793399563,2.4607436825054805,0.5627845968344758,59.89396239844944,-0.0143452569192095,-0.0361992094359625,0.0226663907290107,0
2022-04-18 00:00:00+05:30,99.56876139516218,100.74292131727496,98.112800225141,98.86426544189452,26261827,96.84361267089844,106.28093388090906,87.40629146088781,2.751833720674057,2.518961690139196,0.2328720305348608,59.02910453198735,-0.0117371276922465,-0.0352889107267156,0.0201113589783253,0
2022-04-19 00:00:00+05:30,99.56876697329602,101.44742295392425,96.28111900719662,97.78404235839844,26307915,97.23713264465331,106.09640869378111,88.37785659552551,2.42143604302818,2.4994565607169927,-0.0780205176888126,58.12617115467581,-0.0109263248825832,-0.0613164837197816,0.0200074559000545,0
2022-04-20 00:00:00+05:30,98.1597729585062,98.44157421637613,95.48268967475676,95.71752166748048,26825161,97.46775093078614,105.88398275345511,89.05151910811715,1.970132097528364,2.393591668079267,-0.4234595705509032,55.67764281799828,-0.0211335166871476,-0.0732151141316391,0.0207417941444206,0
2022-04-21 00:00:00+05:30,96.14022290716169,97.50225285722216,94.59033021678452,96.84471893310548,31169375,97.75014610290528,105.64318297897547,89.85710922683508,1.684013607599411,2.251676055983296,-0.5676624483838846,59.74499013798536,0.0117762897115205,-0.0458121217556274,0.0207084612789615,0
2022-04-22 00:00:00+05:30,95.6235964152038,97.45528320891424,95.01303176179891,95.24786376953124,18079494,97.78771934509275,105.6224793967166,89.95295929346895,1.3132712037790668,2.06399508554245,-0.750723881763383,55.02644365753315,-0.0164888202595459,-0.0478872521904538,0.0211448368712939,0
2022-04-25 00:00:00+05:30,93.4631339376287,94.02672929189154,90.64514999981074,90.8799819946289,48541864,97.56565361022948,105.92871512284177,89.20259209761721,0.6594024414913946,1.7830765567322389,-1.1236741152408445,40.81632878583358,-0.0458580549950305,-0.0807600543186984,0.0221244711057598,0
2022-04-26 00:00:00+05:30,91.9602134690572,92.75864084301271,91.44358019776035,92.1950454711914,20974709,97.4505859375,106.05140702353832,88.84976485146166,0.2445028914876275,1.4753618236833168,-1.230858932195689,34.46325989820198,0.0144703316142846,-0.0571565334425654,0.0222936331330006,0
2022-04-27 00:00:00+05:30,91.4905508737412,91.9132456174907,89.70582619673571,91.30268096923828,29642139,97.32612457275393,106.21701981495228,88.43522933055556,-0.1545329884886683,1.14938286124892,-1.3039158497375882,34.078204685698694,-0.0096790938969921,-0.0461236419553277,0.0223115389518059,0
2022-04-28 00:00:00+05:30,91.91324170129752,92.24200506203978,90.59818109182469,91.86627960205078,21460845,97.27915802001954,106.27984606839144,88.27846997164764,-0.4204474423939928,0.8354168005203373,-1.25586424291433,22.0264031881907,0.0061728596228449,-0.0514064100335042,0.0223248154125287,0
2022-04-29 00:00:00+05:30,92.14807333334625,92.94650068242724,90.64514999981074,90.8799819946289,22228488,97.23219146728516,106.36171857722448,88.10266435734586,-0.7026725650783447,0.5277989274006009,-1.2304714924789455,22.37132880017356,-0.0107362310925657,-0.0458580549950305,0.0223296870710595,0
2022-05-02 00:00:00+05:30,90.1285260277709,91.25572401890078,88.71953391373694,90.9739227294922,22931138,97.15234832763672,106.47932091274336,87.82537574253008,-0.9082876018353544,0.2405816215534098,-1.1488692233887643,15.980700300461407,0.0010336790655265,0.0010336790655265,0.022216794448051,0
2022-05-04 00:00:00+05:30,92.10111456230676,92.4298779336311,88.15593260690244,89.09526062011719,31271235,96.80949363708496,106.8025404177664,86.8164468564035,-1.208895931645415,-0.0493138890863551,-1.15958204255906,15.207433469326643,-0.0206505562584251,-0.0336220328894226,0.0225606593909545,0
2022-05-05 00:00:00+05:30,90.08156335118964,90.73909013362352,88.10897583738347,88.3907699584961,23329442,96.23180656433104,106.78205523838918,85.68155789027293,-1.486837371806601,-0.3368185856304043,-1.1500187861761968,16.05845907216755,-0.0079071620276738,-0.0318929409282435,0.0208246823407285,0
2022-05-06 00:00:00+05:30,87.35751036651389,87.35751036651389,83.64716736270996,84.44559478759766,48845546,95.4873893737793,107.15759637566146,83.81718237189713,-2.0023685722118927,-0.6699285829467021,-1.3324399892651906,14.224202819094671,-0.0446333386704391,-0.0807770255484197,0.0199284345281774,0
2022-05-09 00:00:00+05:30,84.44558867924476,84.44558867924476,81.53367331096128,82.56693267822266,29833441,94.42594833374024,106.75730647770024,82.09459018978022,-2.533320551941543,-1.0426069767456705,-1.4907135751958729,13.778767586456226,-0.0222470113935524,-0.091472831903703,0.020169563109199,0
2022-05-10 00:00:00+05:30,82.00334407880466,83.08356563533798,78.48086378618426,78.99748992919922,32190085,93.2517879486084,106.76888558351136,79.73469031370544,-3.2051806920855483,-1.475121719813646,-1.7300589722719024,12.406072088879796,-0.0432308992624705,-0.1316468768297974,0.0174736033980317,0
2022-05-11 00:00:00+05:30,79.09141289519106,80.54737412795382,76.41432959071142,78.76264953613281,39120953,91.98134689331054,105.94594056180664,78.01675322481444,-3.713774272647129,-1.9228522303803424,-1.7909220422667862,13.387478940842584,-0.0029727576569442,-0.1159726231459199,0.0176039842820826,0
2022-05-12 00:00:00+05:30,78.38691626181344,78.43388552693403,74.95837490312047,75.80376434326172,35341235,90.60757942199707,105.28033837053412,75.93482047346004,-4.305959238357232,-2.3994736319757206,-1.906485606381512,7.894781840288786,-0.0375671109377,-0.1424018098399256,0.0171276953422653,0
2022-05-13 00:00:00+05:30,77.68242830002507,78.7156949072708,74.39478006443626,74.8174819946289,32364015,89.27373390197754,104.61441538446984,73.93305241948522,-4.79952885197136,-2.8794846759748483,-1.9200441759965117,8.092534578712645,-0.0130109943375191,-0.1140155720045068,0.0170731313948693,0
2022-05-16 00:00:00+05:30,75.14624206257656,77.25973012058654,74.06601339962621,76.60220336914062,26772936,88.10192260742187,103.56035311491864,72.64349209992511,-4.9891622703464975,-3.301420194849178,-1.6877420754973196,17.241421563049983,0.0238543362718333,-0.072241139589472,0.0190543504118749,0
2022-05-17 00:00:00+05:30,77.16580166957175,80.73524400263113,77.1188323999047,80.50041198730469,38380173,87.18372993469238,102.1233838803267,72.24407598905806,-4.76991070243534,-3.595118296366411,-1.1747924060689288,26.011571367984843,0.0508889881323499,0.01902493432959,0.0236180177327402,0
2022-05-18 00:00:00+05:30,81.06401751900763,81.20491100014762,78.99749140873065,79.46715545654297,32754918,86.26788558959962,100.70884682003968,71.82692435915956,-4.6261994741618935,-3.8013345319255074,-0.8248649422363861,25.86208720796708,-0.0128354191643723,0.0089446701521507,0.0236232077106805,0
2022-05-19 00:00:00+05:30,77.30670107571068,77.30670107571068,74.44174766794515,75.3341064453125,39987370,85.24871482849122,99.75859668477904,70.7388329722034,-4.790586900494105,-3.999185005639227,-0.7914018948548782,20.568569004723088,-0.0520095250356689,-0.0061957067965974,0.0253358556904388,0
2022-05-20 00:00:00+05:30,77.91725650137565,78.38692051203253,76.64916510590288,77.96422576904297,30011006,84.30469017028808,98.07591882092343,70.53346151965272,-4.6549767967189695,-4.130343363855176,-0.5246334328637934,28.27805116897835,0.0349127300745215,0.042058937169791,0.0272121230090004,0
2022-05-23 00:00:00+05:30,72.04645460780154,72.04645460780154,67.34981461598908,69.46330261230469,113585736,83.01546211242676,97.29163707281327,68.73928715204025,-5.1738177159885765,-4.3390382342818565,-0.83477948170672,21.79801930758988,-0.1090362031160414,-0.0931944571154707,0.034352400905808,0
2022-05-24 00:00:00+05:30,69.83904093229023,71.1071324000458,68.8997128574336,69.74510955810547,60064633,81.95871849060059,96.89726634446878,67.0201706367324,-5.498875799899594,-4.571005747405405,-0.927870052494189,23.521861929993463,0.0040569183324556,-0.133605557582679,0.0346031416544899,0
2022-05-25 00:00:00+05:30,70.44959436606489,70.49656362891027,66.69228266654143,66.83318328857422,55416336,80.69062538146973,96.26286268374074,65.11838807919872,-5.923176100249478,-4.841439817974219,-1.0817362822752583,22.181820258232136,-0.0417509741970552,-0.1589835712048067,0.0344260753638557,0
2022-05-26 00:00:00+05:30,67.63161824064404,69.83903768047536,65.2832981628439,69.18151092529297,66187950,79.58456687927246,95.12552067309686,64.04361308544806,-6.000773548588782,-5.073306564097132,-0.92746698449165,29.45639530585389,0.0351371507560709,-0.0816707837967907,0.0355559029315031,0
2022-05-27 00:00:00+05:30,69.93296737814158,70.07386801274139,68.57094463218606,69.69813537597656,35122761,78.47615966796874,93.48181223412274,63.470507101814746,-5.951972179585397,-5.249039687194785,-0.7029324923906115,32.021000844408235,0.0074676664873867,-0.1060241451964575,0.0358308889029436,0
2022-05-30 00:00:00+05:30,70.44959945423547,70.96623271683474,69.32240872956925,70.21476745605469,29257589,77.44289894104004,91.67850205301583,63.20729582906424,-5.804695930478687,-5.360170935851565,-0.4445249946271215,36.58536642210016,0.0074124232634233,0.010818155997335,0.0358635817183335,0
2022-05-31 00:00:00+05:30,69.88600302567951,72.04645307607929,69.60420176556036,71.34195709228516,33084493,76.46130065917968,89.4184044921499,63.504196826209466,-5.533239913268659,-5.394784731334985,-0.1384551819336739,38.96648193620095,0.016053455377972,0.0228954767480769,0.0363866789000351,0
2022-06-01 00:00:00+05:30,71.34196619986957,72.32826356969454,70.40263810156185,71.81163024902344,32105532,75.597119140625,87.2457229462369,63.9485153350131,-5.220037027871214,-5.359835190642231,0.1397981627710169,43.58976306513155,0.0065834072386146,0.0744906454470848,0.0364969945827732,0
2022-06-02 00:00:00+05:30,72.2343277163348,72.28128981843685,70.26174026544355,71.76466369628906,35686075,74.76581382751465,84.8362625548466,64.6953651001827,-4.918909169981703,-5.271649986510126,0.3527408165284234,44.94556879103877,-0.0006540243212903,0.0373387735602588,0.0364810610671123,0
2022-06-03 00:00:00+05:30,72.70399722901551,72.70399722901551,70.91927238470865,71.06017303466797,21785047,74.09654273986817,83.19010717252735,65.00297830720899,-4.683125525895804,-5.153945094387262,0.470819568491458,40.48388782907588,-0.0098166789243593,0.0195419526124205,0.0364790242847929,0
2022-06-06 00:00:00+05:30,70.8722923365551,71.38892558568455,69.18150629363846,71.10712432861328,27661489,73.5235523223877,81.77504785881115,65.27205678596425,-4.441280396386759,-5.011412154787162,0.5701317584004029,31.41263418579983,0.0006607258600737,0.0127089628704828,0.0356387390605216,0
2022-06-07 00:00:00+05:30,70.4496078491211,71.34196668194141,69.97994379679362,70.4496078491211,18218210,73.09615821838379,81.03335811692807,65.15895831983951,-4.2536391691082684,-4.859857557651383,0.6062183885431143,31.88679823580074,-0.0092468439091074,-0.012508056682686,0.0354828629735093,0
2022-06-08 00:00:00+05:30,70.68443179834887,71.76466042856794,70.54353116545005,71.20106506347656,21951937,72.71807899475098,80.22764204623044,65.20851594327152,-3.998206986259348,-4.687527443372976,0.6893204571136282,40.39301449437795,0.010666591870388,-0.0085023161767752,0.0346641291518354,0
2022-06-09 00:00:00+05:30,70.68443714893858,71.29500182671535,69.6511777069726,70.49657440185547,21014709,72.45271949768066,79.87777830867903,65.0276606866823,-3.8087171295553617,-4.511765380609454,0.7030482510540921,30.935255441866545,-0.0098943837566619,-0.0176701071128849,0.034683348922457,0
2022-06-10 00:00:00+05:30,69.55724105399904,69.69813452036527,68.19521115825975,68.85274505615234,29410059,72.15448265075683,79.65835431280956,64.6506109887041,-3.747983917498004,-4.359009087987164,0.6110251704891594,47.60149592182077,-0.0233178613237675,-0.0310642077586652,0.0341428077630247,0
2022-06-13 00:00:00+05:30,67.63161313783873,67.63161313783873,65.94081994279132,67.16194915771484,30530740,71.68246994018554,79.195976070156,64.16896381021509,-3.792567154450964,-4.245720701279924,0.4531535468289602,40.86374793032508,-0.0245566955545284,-0.0554821363984046,0.034387346483997,0
2022-06-14 00:00:00+05:30,66.69229200932018,68.94668077814737,66.41049072577765,66.9271240234375,29432739,71.0038055419922,77.55395513881054,64.45365594517385,-3.803009391784357,-4.157178439380811,0.3541690475964536,50.40987180895507,-0.0034964014180992,-0.0500000487330964,0.0337704022197764,0
2022-06-15 00:00:00+05:30,67.584657030626,67.86645834016294,66.22263408970916,66.45746612548828,23770095,70.35332107543945,75.86645359330275,64.84018855757616,-3.805317080793259,-4.0868061676633,0.2814890868700415,35.78428015613777,-0.0070174522632221,-0.0666225839986986,0.0311701710610104,0
2022-06-16 00:00:00+05:30,67.63161539411013,67.63161539411013,62.465311440393386,63.16980743408203,39971288,69.74510612487794,75.61690545586089,63.87330679389498,-4.026023033823606,-4.074649540895361,0.0486265070717557,23.57409023612448,-0.0494701180029694,-0.1039308225958366,0.0324189955784337,0
2022-06-17 00:00:00+05:30,63.16980636606963,65.7999275646413,62.23047839036599,64.2969970703125,68542282,69.0617446899414,74.01540229876674,64.10808708111607,-4.063141937338116,-4.072348020183912,0.0092060828457958,27.17383755354476,0.0178438035830121,-0.0661665411034002,0.031501284018351,0
2022-06-20 00:00:00+05:30,64.43790176226335,64.43790176226335,59.74126158765954,60.9623908996582,44821242,68.63669910430909,74.7648729657092,62.50852524290897,-4.311928556983304,-4.120264127543791,-0.1916644294395126,15.789414127555816,-0.0518625491484106,-0.0923075988086403,0.0314167119859232,0
2022-06-21 00:00:00+05:30,61.61992388291412,65.18937364283342,60.68059575309377,64.62577819824219,51488728,68.38073253631592,74.73736985921894,62.02409521341289,-4.165472037935274,-4.129305709622088,-0.0361663283131861,30.43476002946427,0.0600925791216715,-0.0343858466768928,0.0263375104419046,0
2022-06-22 00:00:00+05:30,63.87430888011043,63.87430888011043,61.197225308877286,62.46531677246094,38976592,68.16233921051025,75.02299443241586,61.30168398860465,-4.175601636316841,-4.138564894961039,-0.0370367413558021,27.2935425183951,-0.0334303351698752,-0.0600707427738693,0.027087861712676,0
2022-06-23 00:00:00+05:30,62.465311440393386,63.87430342777068,61.948678178420174,63.16980743408203,33483121,67.8617540359497,75.0532027072531,60.67030536464629,-4.079754042254933,-4.126802724419818,0.0470486821648847,30.733888896547427,0.0112781091655598,0.0,0.0259261841516245,0
2022-06-24 00:00:00+05:30,63.874305725097656,64.86060301833683,63.07587833683476,63.874305725097656,29172632,67.57056255340576,74.91884605476359,60.22227905204794,-3.901967555974352,-4.081835690730725,0.1798681347563731,32.88889314050412,0.0111524527243616,-0.0065740448928369,0.0246905649752728,0
2022-06-27 00:00:00+05:30,65.09543615842327,66.22262694189641,64.62577213755876,65.70599365234375,31633555,67.34512386322021,74.62820273842303,60.06204498801739,-3.5720917271596875,-3.9798868980165176,0.4077951708568301,39.368401793378446,0.0286764436255373,0.0778119539388364,0.0255794834359419,0
2022-06-28 00:00:00+05:30,65.56509468384493,67.06801799134062,65.00149217284338,66.78621673583984,35159121,67.11733684539794,74.15491033336177,60.07976335743412,-3.186762763710803,-3.821262071155375,0.634499307444572,40.24894664365044,0.0164402518469113,0.0334299810049547,0.0258289186226789,0
2022-06-29 00:00:00+05:30,65.89385812093035,66.41048420133032,65.47115623714458,65.7999267578125,24035362,66.8167516708374,73.51549456435774,60.11800877731707,-2.9272288702107403,-3.642455430966448,0.715226560755708,39.754080898286944,-0.0147678671772714,0.0533833838944317,0.025622894532362,0
2022-06-30 00:00:00+05:30,65.65902918248149,66.50442582285328,64.06216726922278,64.39093780517578,25854133,66.44806537628173,72.80303260883528,60.09309814372819,-2.802929595226317,-3.4745502638184225,0.6716206685921056,40.16562871951616,-0.021413229802257,0.01933091805556,0.0257981014484656,0
2022-07-01 00:00:00+05:30,64.06217268085088,65.94082885526298,63.73340928362968,65.6590347290039,20563587,66.17800846099854,72.15558160105417,60.20043532094292,-2.5724431767966536,-3.294128846414069,0.7216856696174156,46.6244941196388,0.0196937172691122,0.0279412665804521,0.0263405222292078,0
2022-07-04 00:00:00+05:30,65.00149187552945,65.65902574652252,63.40463721233865,64.81362915039062,22848966,65.8633337020874,71.39428016437572,60.33238723979909,-2.4299868190354914,-3.121300440938354,0.6913136219028626,45.37986292692739,-0.0128756930725915,-0.0135811735330372,0.0263833336519757,0
2022-07-05 00:00:00+05:30,64.81363241291336,66.97408969327873,64.6257696783181,65.37722778320312,27353438,65.6097146987915,70.70305272300547,60.51637667457754,-2.245724119949415,-2.9461851767405665,0.7004610567911516,47.64823889902454,0.0086956808344238,-0.0210970020687009,0.0265128609961617,0
2022-07-06 00:00:00+05:30,65.04846441440942,65.65902905159999,63.45160967083778,65.37722778320312,24025696,65.31852283477784,69.67911032101107,60.95793534854461,-2.075766459754348,-2.772101433343323,0.696334973588975,55.60858989608258,0.0,-0.0064240037251893,0.0264921713965385,0
2022-07-07 00:00:00+05:30,65.94082534948666,69.04061073906685,65.51813059931854,68.43004608154297,36413399,65.2151964187622,69.13480346775948,61.295589369764926,-1.6754236257196595,-2.5527658718185906,0.8773422460989311,59.5652267571454,0.0466954381801454,0.0627278995157378,0.0285249079578907,0
2022-07-08 00:00:00+05:30,69.04059903535043,69.3224002653612,66.83317995527587,67.25587463378906,37768322,65.13535289764404,68.79971541041411,61.47099038487397,-1.4363376618298815,-2.329480229820849,0.8931425679909673,66.18351516992112,-0.0171587119253834,0.0243201855064703,0.0286754255264691,0
2022-07-11 00:00:00+05:30,66.22262420654297,69.4163408498047,66.22262420654297,68.10128021240234,40747355,65.18231945037842,68.97778461879926,61.38685428195757,-1.1652113173336431,-2.096626447323408,0.9314151299897646,60.45192295779088,0.0125699886175973,0.05072468715466,0.0283999656537651,0
2022-07-12 00:00:00+05:30,67.77251396358893,67.77251396358893,66.31655275434096,66.78621673583984,34393160,65.17527408599854,68.95760255355347,61.392945618443605,-1.0444169792651223,-1.8861845537117508,0.8417675744466284,63.690423527603045,-0.0193104075644529,0.0215516778611208,0.02819677742856,0
2022-07-13 00:00:00+05:30,66.69228092148909,67.30284548998644,66.31654832806738,66.73925018310547,23680129,65.18936328887939,68.99383643773422,61.38489014002456,-0.9416219724009096,-1.6972720374495829,0.755650065048673,61.80120369482856,-0.0007032372101588,0.0208332847091488,0.0281854945154039,0
2022-07-14 00:00:00+05:30,66.5044272298601,66.78622133827652,65.33026719519805,65.84689331054688,21598574,65.32321758270264,69.01522819328059,61.63120697212468,-0.921539002755253,-1.5421254305107168,0.6205864277554638,56.44170250636195,-0.0133707955979476,-0.0377488094618253,0.0283011985551377,0
2022-07-15 00:00:00+05:30,65.84689872768094,66.03476864858513,64.39094446482311,65.14240264892578,57717709,65.3654878616333,69.0272621260419,61.70371359722469,-0.9515012986578596,-1.4240006041401454,0.4724993054822857,48.013268721737134,-0.0106989202709774,-0.0314243476331431,0.0260952785679503,0
2022-07-18 00:00:00+05:30,65.612062126566,67.63161884481622,65.42419938526541,67.44375610351562,33245541,65.68955612182617,68.81912099522735,62.559991248424986,-0.7805489609087601,-1.2953102754938683,0.5147613145851082,52.13417427500973,0.035328040738574,-0.0096550917521073,0.026899685719134,0
2022-07-19 00:00:00+05:30,66.83319370447376,68.99364396850218,66.83319370447376,68.7588119506836,39257553,65.89620780944824,69.26657236515574,62.52584325374075,-0.5328120593550949,-1.1428106322661136,0.6099985729110187,59.40297450802689,0.0194985558803926,0.0295359628266709,0.0240268904373343,0
2022-07-20 00:00:00+05:30,69.79206104829487,71.52981611077003,69.65116043966118,70.40261840820312,61219545,66.29307289123535,69.82767276277012,62.75847301970059,-0.2015144041550201,-0.9545513866438948,0.7530369824888747,68.82345493505842,0.0239068478771642,0.0548907609097624,0.0210706855451698,0
2022-07-21 00:00:00+05:30,70.44960345817452,71.3889315042835,69.88600806380997,71.01319885253906,31038381,66.6852424621582,70.49084760039621,62.8796373239202,0.1090530181755866,-0.7418305056799985,0.8508835238555852,67.48461397023101,0.0086726951090898,0.0784593666040838,0.0192236586450316,0
2022-07-22 00:00:00+05:30,71.43589551889707,71.67072751315182,70.16779701671842,70.73139953613281,21258642,67.02809715270996,70.99934989618684,63.05684440923307,0.3286525857221392,-0.5277338873995711,0.8563864731217102,70.06368405260271,-0.0039682667582883,0.085796603440128,0.0193139602535108,0
2022-07-25 00:00:00+05:30,70.68443524210076,71.52983191417756,70.26174048931448,71.38893127441406,19924422,67.31224403381347,71.6787591382065,62.94572892942044,0.5494108746232484,-0.3123049349950071,0.8617158096182556,70.25315479629793,0.0092961788200636,0.0584957807635033,0.0192913895281434,0
2022-07-26 00:00:00+05:30,71.62374746102493,71.95251077016846,69.9799237488047,70.40261840820312,24458733,67.49306411743164,72.06265348624841,62.92347474861488,0.6374283267469139,-0.1223582826466229,0.7597866093935368,65.87528981909503,-0.0138160475104973,0.0239068478771642,0.0189630534429543,0
2022-07-27 00:00:00+05:30,70.4495997990188,71.38892779633906,69.79207306749619,71.20106506347656,17084580,67.76312103271485,72.54487121649969,62.98137084893002,0.7628174788115274,0.0546768696450071,0.7081406091665203,60.20757861484977,0.0113411499930862,0.0113411499930862,0.018820682372783,0
2022-07-28 00:00:00+05:30,72.60475013527184,72.70155499163812,71.20106125361811,71.44307708740234,33296293,68.11572799682617,72.89051294799658,63.34094304565575,0.8716695687615044,0.2180754094683065,0.6535941592931978,66.5617521825331,0.0033989944351258,0.0060534976850703,0.0183645349473546,0
2022-07-29 00:00:00+05:30,72.50795344212457,74.97651079320104,72.1207265873269,74.68609619140625,41224551,68.56708106994628,74.0222228894163,63.11193925047627,1.205721367545863,0.4156046010838178,0.7901167664620449,71.89276392387242,0.0453930490708911,0.0559114718669351,0.0194792321875675,0
2022-08-01 00:00:00+05:30,75.36373210124293,75.65415406740067,74.25045774528814,75.21852111816406,18151290,69.08732566833496,75.00061814945585,63.17403318721406,1.4961750916049397,0.6317186991880421,0.8644563924168975,79.57425493007267,0.0071288359401369,0.0536440282181747,0.0192702687763134,0
2022-08-02 00:00:00+05:30,75.02491760253906,75.41214446086106,73.47601755498908,75.02491760253906,18742186,69.56971015930176,75.77547417879782,63.36394613980571,1.691243967138618,0.8436237527781574,0.8476202143604608,78.76409773689309,-0.0025738809105387,0.0656552170763773,0.0188749469570656,0
2022-08-03 00:00:00+05:30,75.4121375207962,76.08977892119387,73.04037784792966,73.91163635253906,23493253,69.99643058776856,76.16192483395999,63.830936341577136,1.7359935110224,1.022097704427006,0.713895806595394,77.57418769172979,-0.0148388200290715,0.0380692520069185,0.019468447935338,0
2022-08-04 00:00:00+05:30,74.10526554626705,75.65416570396134,73.52442152461047,74.49248504638672,24826809,70.29955253601074,76.7311612180965,63.86794385392497,1.7976058014830445,1.177199323838214,0.6204064776448304,82.24149379601948,0.0078586907625364,0.042683043386468,0.0194220639207205,0
2022-08-05 00:00:00+05:30,74.87970350713798,75.94457178413023,74.63768765392437,75.12171936035156,19897620,70.69284477233887,77.30037310525243,64.08531643942531,1.875587332713124,1.316876925613196,0.558710407099928,79.92667953700102,0.008446950233611,0.0058327210974971,0.0171114629450575,0
2022-08-08 00:00:00+05:30,75.26692510121516,76.08977746761799,74.3956666132498,75.6541519165039,19680701,71.07048835754395,77.91351575537098,64.22746095971692,1.9577830117150936,1.4450581428335756,0.5127248688815182,78.62245266359514,0.0070875981099196,0.0057915363379119,0.0163726222813156,0
2022-08-10 00:00:00+05:30,76.04138249775932,77.73549343602873,75.17012396664468,77.3482666015625,35559063,71.59859085083008,78.67570050958103,64.52148119207912,2.135013470006598,1.5830492082681802,0.5519642617384177,78.71136621672764,0.0223928844900451,0.0309676981097384,0.0167141108199557,0
2022-08-11 00:00:00+05:30,77.25146708689981,77.25146708689981,75.55735603136024,76.33180236816406,31717052,72.07821846008301,79.06836614320173,65.08807077696429,2.1684531384253347,1.700129994299611,0.4683231441257236,71.27181740510191,-0.0131413964146664,0.0327440459318399,0.0162919732070289,0
2022-08-12 00:00:00+05:30,76.33179840083824,79.57480934716885,76.28339966178117,78.99397277832031,40640281,72.73557243347167,79.73107838553565,65.7400664814077,2.382307462487532,1.8365654879371955,0.5457419745503365,77.76048395365528,0.0348762943827272,0.0604287496803268,0.0173221575022929,0
2022-08-16 00:00:00+05:30,79.28438950233063,80.30085158403168,77.63867738294189,80.01043701171875,26851934,73.47897415161133,80.23277614845493,66.72517215476772,2.603793809502648,1.9900111522502857,0.6137826572523619,78.28424055112868,0.0128676175871154,0.0650772864757858,0.0166204694988278,0
2022-08-17 00:00:00+05:30,80.20404815673828,81.3657286239159,79.72001647518194,80.20404815673828,28056755,74.11698875427246,80.88109304448116,67.35288446406375,2.76309489853881,2.1446279015079908,0.6184669970308194,83.91937668482294,0.0024198236161512,0.0601407341827833,0.0160624412873469,0
2022-08-18 00:00:00+05:30,80.204054332767,80.63968731115555,79.42960801408383,80.49447631835938,20383265,74.70377197265626,81.54641313087824,67.86113081443428,2.8795832416048626,2.291618969527365,0.5879642720774974,83.33335157660147,0.003621115994713,0.0406758917171818,0.0150268202610672,0
2022-08-19 00:00:00+05:30,80.44606715884552,80.54287202181351,78.8971671941448,79.1391830444336,16756741,75.14060020446777,81.94245485718685,68.3387455517487,2.829918710855054,2.3992789177929037,0.4306397930621508,75.5626994979418,-0.0168370966048096,0.0367786504336549,0.0157781072160352,0
2022-08-22 00:00:00+05:30,78.60674068838901,78.60674068838901,75.50894093755349,75.6541519165039,18504246,75.37264785766601,81.8924347136967,68.85286100163532,2.480749786690822,2.415573091572487,0.065176695118335,53.16453170617104,-0.0440367336869396,-0.042279439105929,0.0187824677077102,0
2022-08-23 00:00:00+05:30,75.26693322658538,77.7838967190728,74.54088563919068,77.44507598876953,18941205,75.70833168029785,81.90529694572378,69.51136641487192,2.3217794753845737,2.3968143683349044,-0.0750348929503306,56.725166412951154,0.0236725153464436,-0.0320628297852376,0.0192640809230692,0
2022-08-24 00:00:00+05:30,76.961041928542,77.6870894939056,76.38020535339868,76.91263580322266,15002345,75.98451690673828,81.85467086952355,70.11436294395301,2.128297199868712,2.3431109346416656,-0.2148137347729539,55.5873658918825,-0.0068750682822505,-0.0410379828594611,0.0193368714738946,0
2022-08-25 00:00:00+05:30,77.29985355957321,78.36472171975072,76.96103287938995,77.20304870605469,14283751,76.32453842163086,81.58999281065039,71.05908403261134,1.9756212645779956,2.269613000628932,-0.2939917360509363,60.24094269124678,0.0037758802542542,-0.0408901052947651,0.0193012663941655,0
2022-08-26 00:00:00+05:30,78.41313313004467,80.25245501394629,78.02590630410684,79.09077453613281,29944031,76.71902389526367,81.53092808875414,71.90711970177321,1.984076979617683,2.212505796426682,-0.2284288168089991,63.23115729022371,0.0244514415132168,-0.0006116882489626,0.0193501828990852,0
2022-08-29 00:00:00+05:30,76.47701018569536,77.8806991905048,75.9445723503606,77.39666748046875,20571152,77.01670341491699,81.1419741499071,72.89143267992688,1.8329488205260844,2.1365944012465627,-0.3036455807204783,56.167972596165775,-0.0214197808227317,0.0230326494954034,0.0201784788606629,0
2022-08-30 00:00:00+05:30,77.9291137309014,79.23599801197378,77.68709784974953,78.70356750488281,22790003,77.21757698059082,81.2553357431143,73.17981821806734,1.797909395031212,2.068857400003493,-0.270948004972281,57.93453821846348,0.0168857402645128,0.0162501166154938,0.0203663045165668,0
2022-09-01 00:00:00+05:30,77.92909766360505,78.84875486807327,77.44506600109818,78.3647232055664,19557859,77.37488708496093,81.32900275313638,73.42077141678548,1.7229375432589222,1.999673428654579,-0.2767358853956567,52.845493032408925,-0.0043053232535537,0.0188796988580504,0.0181864046045953,0
2022-09-02 00:00:00+05:30,78.3647270518259,79.13918070414306,76.5254125526131,76.67061614990234,23484601,77.4571720123291,81.2714007942356,73.64294323042259,1.5094218538885258,1.9016231137013688,-0.3922012598128428,50.91381319105978,-0.0216182356852084,-0.0068965224181696,0.0188851298186522,0
2022-09-05 00:00:00+05:30,77.1546539523066,78.46154551740781,76.96104421674835,77.92910766601562,21881137,77.65804557800293,81.09007787640587,74.22601327959998,1.4253285788422545,1.8063642067295456,-0.3810356278872913,46.892679516806254,0.01641426115127,-0.0146877670237819,0.0191540173527858,0
2022-09-06 00:00:00+05:30,78.60673624167407,79.8168153549125,77.44506324725988,79.42959594726562,21769068,77.90490112304687,81.07875420528363,74.73104804081011,1.4628975444317405,1.737670874269985,-0.2747733298382444,48.35164454482941,0.0192545292277785,0.0262663565884138,0.0191014785427224,0
2022-09-07 00:00:00+05:30,79.13918302124395,79.96203543483719,78.89716717102607,79.62321472167969,18135087,78.12997589111328,81.10501977281902,75.15493200940753,1.4911060944117196,1.688357918298332,-0.1972518238866123,48.35166690988264,0.0024376149986033,0.0116849495639421,0.019077793227045,0
2022-09-08 00:00:00+05:30,80.25245816560691,80.44606789331053,78.65515206197013,78.99397277832031,13192202,78.29696693420411,81.05380627871119,75.54012758969702,1.4460182096618297,1.6398899765710315,-0.193871766909202,45.82209944845272,-0.007902744765567,0.008029755571308,0.0191926968017101,0
2022-09-09 00:00:00+05:30,79.42960047704027,80.15564798638896,78.94556880414116,79.52640533447266,14149065,78.4058738708496,81.17696702798246,75.63478071371675,1.4366873561786235,1.59924945249255,-0.1625620963139264,51.1299316795851,0.0067401668434439,0.0372475053413789,0.0191887594006184,0
2022-09-12 00:00:00+05:30,80.05884783069376,80.83330157855609,79.86523808659734,80.5912857055664,13787059,78.61884803771973,81.37344761622958,75.86424845920988,1.4979520748624822,1.5789899769665363,-0.0810379021040543,66.77629293493871,0.013390274168876,0.0341615362896261,0.0188204512942568,0
2022-09-13 00:00:00+05:30,80.83328700331705,81.55933449137079,80.83328700331705,80.93009185791016,14722171,78.71565399169921,81.65560891620119,75.77569906719724,1.5559080908289502,1.5743735997390194,-0.0184655089100691,63.13861138947342,0.0042040048049556,0.0188908918992956,0.0184946539785796,0
2022-09-14 00:00:00+05:30,79.38119739643857,82.28538754508877,79.33279127299942,81.36573028564453,22582789,78.78341865539551,81.90584825437847,75.66098905641255,1.6183358629201905,1.5831660523752538,0.0351698105449367,66.91173317478476,0.0053828979769259,0.0218845165955148,0.0170094672630321,0
2022-09-15 00:00:00+05:30,80.93009883570868,81.12371594732554,79.38119887146182,79.62321472167969,16676036,78.75437698364257,81.83164994698187,75.67710402030328,1.509799846060929,1.5684928111123888,-0.0586929650514598,58.27814846052994,-0.0214158412620095,0.0079656956249714,0.0175067460349848,0
2022-09-16 00:00:00+05:30,79.38119434219627,79.76842115759833,77.05784083552113,78.07431030273438,22689826,78.63336868286133,81.61126363171404,75.65547373400862,1.2839994820979257,1.5115941453094963,-0.2275946632115706,46.44069644053615,-0.0194529249335065,-0.0182592816264114,0.0179942138709498,0
2022-09-19 00:00:00+05:30,78.07431955101428,78.1711244198975,76.08978650308698,76.33180236816406,17209181,78.49299964904785,81.6308707701447,75.355128527951,0.9534544103424168,1.3999661983160805,-0.4465117879736637,46.28381004921408,-0.0223185824865274,-0.0528529021483044,0.0185343129432335,0
2022-09-20 00:00:00+05:30,77.00945407817366,78.75196393991709,76.96104794906758,78.17112731933594,14219212,78.61884841918945,81.4657268263337,75.7719700120452,0.8303415506805436,1.286041268788973,-0.4556997181084294,48.20845467278395,0.0240964433448123,-0.0340907130492099,0.0190801396420756,0
2022-09-21 00:00:00+05:30,78.12270662951077,78.94556635651713,77.3482604083254,77.5418701171875,10364275,78.62368812561036,81.46248239332552,75.7848938578952,0.6742258689999261,1.1636781888311636,-0.4894523198312375,47.2843518052704,-0.0080497393823919,-0.0469959546240523,0.0163928941700055,0
2022-09-22 00:00:00+05:30,77.25145414766392,78.4131271511642,76.47700055483917,77.83229064941406,11718492,78.66967086791992,81.42018844264095,75.91915329319889,0.5673969771599587,1.0444219464969229,-0.4770249693369639,54.2253376512736,0.0037453382512913,-0.022492486375057,0.0155903349261049,0
2022-09-23 00:00:00+05:30,77.44506762825998,78.50993583100112,75.31533122277771,75.6541519165039,11815823,78.59222602844238,81.59250032570871,75.59195173117605,0.3034784082536532,0.8962332388482689,-0.5927548305946156,42.24420948590899,-0.0279850267123874,-0.0309981398086806,0.0167193958282735,0
2022-09-26 00:00:00+05:30,74.54087976829518,74.83130173467441,71.44307992702463,72.3143310546875,15856055,78.25340385437012,82.34769315594212,74.15911455279812,-0.173178298906194,0.6823509312973763,-0.8555292302035704,28.445786975191936,-0.0441459031290498,-0.0526316841583206,0.0191748941739008,0
2022-09-27 00:00:00+05:30,73.33079452248191,73.42759937473717,71.15265211092304,72.50794219970703,14244016,78.00896759033203,82.83666343107375,73.18127174959032,-0.5292089804241158,0.4400389489530779,-0.9692479293771936,28.44575390044139,0.002677355127203,-0.0724459952649051,0.0181830758360301,0
2022-09-28 00:00:00+05:30,71.63669518047065,72.70156349654627,70.86224146746767,71.2978744506836,11622517,77.63868293762206,83.30521741141948,71.97214846382465,-0.898649147000711,0.1723013297623201,-1.0709504767630311,27.47878023111005,-0.0166887614282388,-0.080524182058899,0.0179842960891242,0
2022-09-29 00:00:00+05:30,72.1207223104505,73.23399668232308,71.20106504736393,71.68509674072266,31048983,77.30470161437988,83.54898902685764,71.06041420190212,-1.1469660276259788,-0.0915521417153396,-1.0554138859106392,26.857166789911854,0.005431049565256,-0.0789799947733863,0.017494302142595,0
2022-09-30 00:00:00+05:30,72.02391874926174,74.63768698629342,71.24946507161062,74.29886627197266,23164910,77.1861141204834,83.56963842311657,70.80258981785022,-1.1199396207497472,-0.2972296375222211,-0.822709983227526,32.9842683499469,0.0364618260989968,-0.0179142269154906,0.0196248014158784,0
2022-10-03 00:00:00+05:30,74.05684661865234,74.10525274067186,73.13718938617967,73.57281494140625,12532404,76.96829948425292,83.5396022344437,70.39699673406214,-1.1439208654275177,-0.4665678831032804,-0.6773529823242372,30.512848389369186,-0.0097720378115687,0.017402966581645,0.0192090952780197,0
2022-10-04 00:00:00+05:30,75.2669302354157,77.44507291103866,74.44407781288346,77.05784606933594,17021286,76.84971199035644,83.31880242756219,70.38062155315069,-0.8716652735262329,-0.547587361187871,-0.3240779123383619,40.17659898210454,0.0473684625320531,0.0627504205966458,0.0217014304256776,0
2022-10-06 00:00:00+05:30,77.44507344668945,80.05884172122012,77.29986245682936,79.81682586669922,22003469,76.85939254760743,83.34651251101512,70.37227258419973,-0.4283365464802813,-0.523737198246353,0.0954006517660717,50.42193749066823,0.0358040087816726,0.1194839464941994,0.0227238862492075,0
2022-10-07 00:00:00+05:30,79.38119748261053,79.47800234385646,77.78389142197149,78.46154022216797,12122823,76.8327709197998,83.28729550063225,70.37824633896734,-0.1842318511050962,-0.4558361288181016,0.2716042777130054,50.85107389075333,-0.0169799491500036,0.0945307154422205,0.0230330522858131,0
2022-10-10 00:00:00+05:30,77.34826652584847,79.86522986880888,77.10625067776118,79.28439331054688,17325325,76.82067031860352,83.25480745745946,70.38653317974757,0.0747584768356404,-0.3497172076873532,0.4244756845229936,56.76274254878936,0.0104873430479308,0.0671009840220788,0.0230849917362144,0
2022-10-11 00:00:00+05:30,79.23599269451405,79.57481342824099,76.18659131949553,76.81583404541016,15270763,76.6318977355957,82.81695365856724,70.44684181262416,0.0798970718571041,-0.2637943517784618,0.343691423635566,46.98274822463146,-0.0311355004694011,0.0440790406971196,0.0240274924892578,0
2022-10-12 00:00:00+05:30,76.9610366821289,77.445068359375,75.6541526307119,76.9610366821289,12403161,76.43344497680664,82.28344802570307,70.58344192791021,0.0945956449955502,-0.1921163524236594,0.2867119974192097,48.67842304419422,0.0018902696107279,-0.0012563209607484,0.0238041348864498,0
2022-10-13 00:00:00+05:30,76.91262983402082,77.29985664930956,75.02490926487685,75.6541519165039,12769213,76.1478660583496,81.52238287629278,70.77334924040643,0.0007806922764501,-0.1535369434836375,0.1543176357600877,45.26316068914323,-0.0169811221621507,-0.0521528375125731,0.0239797278670376,0
2022-10-14 00:00:00+05:30,77.44507154344606,77.44507154344606,75.21852278227696,75.41213989257812,8472934,75.93731231689453,81.06273675577421,70.81188787801486,-0.092035750563383,-0.1412367048995866,0.0492009543362035,49.4252956861938,-0.0031989258724739,-0.0388649052893341,0.0239039398407455,0
2022-10-17 00:00:00+05:30,75.21852347763262,75.94457103006435,73.81483449722631,75.75096130371094,11143044,75.82114486694336,80.84698238821863,70.79530734566808,-0.1366778567371085,-0.140324935267091,0.0036470785299825,59.51745674901328,0.0044929292765787,-0.0445665516162295,0.0235909679697275,0
2022-10-18 00:00:00+05:30,76.13819500384344,76.67062549216756,75.75096813050152,76.38021087646484,9906432,75.8235652923584,80.85048482212366,70.79664576259313,-0.1198997363203488,-0.1362398954777426,0.0163401591573937,60.471256684491976,0.0083068196353448,-0.0056710074733783,0.0233469093977728,0
2022-10-19 00:00:00+05:30,76.38020326684384,77.25146179862668,75.60574959731741,75.89617156982422,8775176,75.7098175048828,80.61454289173176,70.80509211803385,-0.1440009287022547,-0.137792102122645,-0.0062088265796097,62.942769110248506,-0.0063372344889632,-0.013836418507496,0.0228654180781533,0
2022-10-20 00:00:00+05:30,75.79936806597418,77.34826804704741,75.17012537142445,77.05784606933594,13611208,75.68561630249023,80.55694213723696,70.8142904677435,-0.0685734022176092,-0.1239483621416379,0.0553749599240286,64.49085484925718,0.0153061014209785,0.0185540927665308,0.0224789641400791,0
2022-10-21 00:00:00+05:30,76.57381058886027,77.00944353395252,74.83130096570325,75.36373138427734,13898452,75.5621883392334,80.32845871168772,70.79591796677909,-0.1438393503358241,-0.1279265597804751,-0.015912790555349,53.02196398429672,-0.0219849732567692,-0.0006419193033075,0.0229161776126892,0
2022-10-24 00:00:00+05:30,76.47700500488281,76.47700500488281,75.50894165039062,75.99297332763672,1726938,75.57912940979004,80.34918317557116,70.80907564400893,-0.1509732646295702,-0.1325359007502942,-0.018437363879276,56.90607614525065,0.0083494000602344,0.0031948376596235,0.0229868319558096,0
2022-10-25 00:00:00+05:30,75.55735597931897,77.44507677132478,75.02491812222088,76.81583404541016,14835434,75.80420455932617,80.3449224484898,71.26348667016254,-0.0892007098563567,-0.1238688625715067,0.0346681527151499,49.185680964378,0.0108281158341541,0.0057033512207746,0.022247605438417,0
2022-10-27 00:00:00+05:30,77.63867298212448,80.25244829920659,77.54186813017405,79.91362762451172,31614891,76.1744888305664,80.79061316899683,71.55836449213598,0.2073305597074721,-0.0576289781157109,0.2649595378231831,50.31845631014352,0.0403275394662809,0.0529335798050294,0.0213007351424012,0
2022-10-28 00:00:00+05:30,80.15565420504235,80.15565420504235,75.84776755058247,76.42860412597656,29330156,76.43102531433105,80.4358344230092,72.4262162056529,0.1592853145001811,-0.0142461195925325,0.1735314340927136,44.13406837353204,-0.0436098773404475,-0.0081658387232,0.0237995763903268,0
2022-10-31 00:00:00+05:30,76.81582714202125,77.00944424799215,75.41213820598483,76.18658447265625,11696554,76.65609970092774,79.9871529465565,73.32504645529897,0.1005214000187777,0.0087073843297295,0.0918140156890482,40.75142770717698,-0.0031666109317055,0.0109184228708529,0.0234265211438755,0
2022-11-01 00:00:00+05:30,76.18659054965683,77.68709185123443,75.89617594614174,77.44507598876953,15997988,76.81341018676758,79.96824280589436,73.6585775676408,0.1537282386760523,0.037711555198994,0.1160166834770582,52.02492288322935,0.0165185448963782,0.0191083806508294,0.0235983474707067,0
2022-11-02 00:00:00+05:30,77.44507357316093,78.84876257737936,77.15465159296646,77.88069915771484,14278917,77.028804397583,79.81925265216202,74.23835614300398,0.228413185703161,0.0758518812998274,0.1525613044033335,52.905203346399375,0.0056249304863291,0.0138625730689221,0.0224033689409378,0
2022-11-03 00:00:00+05:30,77.25147221797161,78.84877112498309,76.76744045566787,78.70356750488281,15209490,77.11109046936035,80.00045117216195,74.22172976655875,0.3499659532539994,0.1306746956906618,0.2192912575633375,59.93694145679058,0.0105657544945967,-0.0151420997344106,0.0222864045241988,0
2022-11-04 00:00:00+05:30,78.8971677800049,81.70455314134894,78.84876165529266,81.41413116455078,33445593,77.19095573425292,80.45874143263363,73.92317003587222,0.6574386875393685,0.2360274940604032,0.4214111934789653,66.84780304149774,0.0344401625695023,0.0652311669902621,0.0211628309893075,0
2022-11-07 00:00:00+05:30,82.14017856342753,84.56033707964954,80.88170056643467,84.31832122802734,38020780,77.48379478454589,82.03045048466926,72.93713908442253,1.1225172315726155,0.4133254415628457,0.7091917900097698,71.02135455022983,0.0356718179256465,0.1067344967838743,0.0211525515117855,0
2022-11-09 00:00:00+05:30,84.65713982115186,84.80235080563288,82.76941918011099,83.3018569946289,22539789,77.68466796875,82.87561277412969,72.49372316337032,1.393017323161473,0.6092638178825711,0.783753505278902,66.6666421722258,-0.0120550814887496,0.0756249629958227,0.0209482601803264,0
2022-11-10 00:00:00+05:30,82.28538657382364,83.88269261387475,81.0753073595027,81.51093292236328,16683921,77.91942291259765,83.36342098493287,72.47542484026243,1.4462070151012512,0.7766524573263072,0.669554557774944,62.71927914325673,-0.0214992094639751,0.0466127526320341,0.0215361387436495,0
2022-11-11 00:00:00+05:30,81.70454859628808,84.7055435180664,81.51093149394728,82.76941680908203,33191044,78.20984191894532,84.04428355910922,72.37540027878141,1.5717907360447183,0.9356801130699895,0.636110622974729,62.88208209338158,0.0154394489376954,0.0516602923234321,0.0203694058358049,0
2022-11-14 00:00:00+05:30,82.86621930456505,85.18957276624646,82.81782056966283,83.68907165527344,26520636,78.6115879058838,84.80081078548805,72.42236502627954,1.7256331748157407,1.0936707254191398,0.631962449396601,69.45700010092074,0.0111110465875663,0.0279428209597256,0.0204264223178776,0
2022-11-15 00:00:00+05:30,84.07630998661108,84.41513072031339,82.38219893236148,83.44706726074219,13610421,79.01333427429199,85.36898935112686,72.65767919745713,1.807194470872432,1.2363754745097983,0.5708189963626333,67.7419577435376,-0.0028917084362949,-0.0103329140641803,0.0199211466724775,0
2022-11-16 00:00:00+05:30,83.35025011276396,83.73747691669375,79.67161393977335,79.96202850341797,25739336,79.22388763427735,85.40098384200499,73.0467914265497,1.572492172658812,1.303598814139601,0.268893358519211,56.64619409340367,-0.0417634660117499,-0.0400930856970724,0.0223334728723501,0
2022-11-17 00:00:00+05:30,80.34926229587754,80.34926229587754,78.17111964327844,79.1391830444336,22502719,79.36183624267578,85.39304524081155,73.33062724454001,1.305048373368379,1.3038887259853569,0.0011596473830222,48.190059126019015,-0.0102904525358458,-0.0290973221983449,0.0225173599941327,0
2022-11-18 00:00:00+05:30,79.28438948478005,79.81681989343784,77.29985667193027,78.07431030273438,17752344,79.47074317932129,85.3141959510912,73.62729040755138,0.9956931737503538,1.2422496155383562,-0.2465564417880024,54.33672997539975,-0.0134556954056669,-0.0567251369811812,0.0227282450058229,0
2022-11-21 00:00:00+05:30,79.6232123450145,80.34925987399639,78.41313313004467,79.09077453613281,26933770,79.57238960266113,85.30886349126341,73.83591571405886,0.8230594015144561,1.1584115727335762,-0.3353521712191201,57.35294231272943,0.0130191894037499,-0.0549450128695611,0.0227957770694797,0
2022-11-22 00:00:00+05:30,79.09077689690533,79.81682444755894,78.26792448331209,79.62321472167969,14583252,79.78536376953124,85.16938495277918,74.4013425862833,0.7208992881936211,1.0709091158255852,-0.3500098276319641,55.72518287945858,0.0067320137989497,-0.0458236899700061,0.0226257047315748,0
2022-11-23 00:00:00+05:30,80.0588433399708,81.17211777042439,79.47800675452396,80.49447631835938,12436505,80.01043891906738,85.09496525662496,74.9259125815098,0.7021462864586425,0.9971565499521968,-0.2950102634935542,56.71643254081992,0.0109423062071174,0.006658758224457,0.0220276309613628,0
2022-11-24 00:00:00+05:30,80.63967725672936,81.65613930809096,79.72001267417897,79.96202850341797,12007082,80.16774864196778,85.0257502813344,75.30974700260116,0.6369776270816772,0.9251207653780928,-0.2881431382964157,53.28277229661714,-0.0066147124535048,0.0103974469703886,0.0221005256106995,0
2022-11-25 00:00:00+05:30,80.2040481524539,81.07530665635622,79.42960189344751,80.68807983398438,10734377,80.2064712524414,85.06828882257656,75.34465368230624,0.6365791809815988,0.8674124484987942,-0.2308332675171953,47.887315188642006,0.0090799513738619,0.0334779714494444,0.0220714964575074,0
2022-11-28 00:00:00+05:30,79.86522363001023,80.54286499742462,79.18758226259584,79.47799682617188,12858389,80.35894088745117,84.90277391064252,75.81510786425982,0.5324817062801657,0.8004263000550685,-0.2679445937749029,34.37499846072686,-0.0149970480187686,0.0048959223412605,0.0205925436110733,0
2022-11-29 00:00:00+05:30,79.91363667310257,81.89816221287207,79.62321469863015,80.10724639892578,19526525,80.55497398376465,84.6577766367409,76.4521713307884,0.4950522352519613,0.7393514870944472,-0.2442992518424859,39.42309538219666,0.0079172802270062,0.0060790270643806,0.0180573676547272,0
2022-11-30 00:00:00+05:30,80.10725072133071,82.28539349018865,80.05884459439423,82.14018249511719,23604166,80.78972930908203,84.67481333239394,76.90464528577013,0.6222570706354276,0.7159326038026432,-0.0936755331672156,52.05049655743712,0.0253776803919534,0.0204449578657914,0.0186812108320531,0
2022-12-01 00:00:00+05:30,82.9630196225816,83.49545737754465,82.04336246663084,83.10823059082031,24779245,81.05110588073731,84.81359546530958,77.28861629616505,0.7920509399448292,0.7311562710310805,0.0608946689137487,51.12537308440259,0.0117853170798674,0.0393462015194856,0.018547603415742,0
2022-12-02 00:00:00+05:30,83.20505370286371,84.65714893248254,82.76942808827337,83.97950744628906,20303404,81.31490287780761,85.12390549878248,77.50590025683275,0.9855576700115876,0.7820365508271819,0.2035211191844056,50.967795405386994,0.0104836410217712,0.0407919933040517,0.0186052515235851,0
2022-12-05 00:00:00+05:30,84.41512604006326,85.81882241005881,84.2215163131786,85.28638458251953,21457721,81.50851554870606,85.71198486627146,77.30504623114065,1.2301863876832613,0.8716665181983979,0.3585198694848633,55.72286739909976,0.015561857600395,0.0730817079983949,0.0187281424852027,0
2022-12-06 00:00:00+05:30,85.23798668854964,85.28638542788171,82.72101589967482,83.20504760742188,16724879,81.45285186767578,85.52715457471085,77.3785491606407,1.241795266618439,0.945692267882406,0.2961029987360329,61.05610543887695,-0.024404094337987,0.0386706739746036,0.0183441214577749,0
2022-12-07 00:00:00+05:30,83.68907259388115,83.68907259388115,81.75294591838835,82.5758056640625,12166267,81.41654930114746,85.43402624827203,77.39907235402288,1.1865430906259462,0.9938624324311142,0.192680658194832,61.87286861916834,-0.0075625453197054,0.0053034112624623,0.0166273814295034,0
2022-12-08 00:00:00+05:30,82.76942584575447,83.39866857202186,81.4141355243489,82.9630355834961,14100639,81.4891544342041,85.56586250489656,77.41244636351163,1.1606226261920511,1.0272144711833016,0.1334081550087495,67.71926370379137,0.0046893871191391,-0.0017470593019731,0.0164644306555352,0
2022-12-09 00:00:00+05:30,83.54386509533646,84.22150644577788,81.02689462629849,81.8497543334961,12784750,81.4431713104248,85.47962436204598,77.40671825880362,1.0382793406533324,1.0294274450773078,0.0088518955760246,59.93027321191924,-0.0134190033208171,-0.0253603906185696,0.0160270477438313,0
2022-12-12 00:00:00+05:30,81.80135108094919,82.52739857575051,80.39766221196145,82.23697662353516,10442886,81.3705665588379,85.28739012143085,77.45374299624494,0.961483623375088,1.0158386807368638,-0.0543550573617759,59.50697834982714,0.0047308912921268,-0.0357549211859706,0.0156887596443445,0
2022-12-13 00:00:00+05:30,82.72101770907864,83.01143969437453,81.31732868020362,81.46253967285156,11388040,81.27134017944336,85.06529225856346,77.47738810032325,0.8285805140754832,0.9783870474045876,-0.1498065333291045,53.54609255176916,-0.0094171379163027,-0.0209423344457636,0.0155886909738326,0
2022-12-14 00:00:00+05:30,81.8981651834114,82.8662286191154,81.80136031698858,82.43060302734375,10055122,81.39476890563965,85.16994388450996,77.61959392676934,0.7922360605486745,0.9411568500334052,-0.1489207894847306,58.76292456964143,0.0118835400710544,-0.0017584162279865,0.0158383665448247,0
2022-12-15 00:00:00+05:30,82.23698143608307,82.96302897337306,80.68808150034529,80.88169860839844,10984645,81.4818946838379,85.11566898970123,77.84812037797455,0.6311734033049845,0.8791601606877211,-0.2479867573827365,50.64937058800049,-0.0187904050444894,-0.0250875219362356,0.0134575382592614,0
2022-12-16 00:00:00+05:30,80.73648211127755,80.88169308596835,79.38119199039177,79.96202850341797,11710485,81.57628059387207,84.92420021483571,78.22836097290843,0.4244278554568694,0.7882136996415507,-0.3637858441846813,51.655627065195326,-0.0113705587395388,-0.0230633047765372,0.0135033524573966,0
2022-12-19 00:00:00+05:30,80.34926366912542,80.54287339837039,79.4780051160476,80.30085754394531,8474568,81.6367847442627,84.836009520229,78.4375599682964,0.2846400379489182,0.6874989673030243,-0.402858929354106,50.675669559058846,0.0042373742496146,-0.0235431694972568,0.0131306759655321,0
2022-12-20 00:00:00+05:30,79.86523515546767,80.10725101957516,78.12271797959862,79.23599243164062,14817945,81.61742362976074,84.87216198876254,78.36268527075893,0.0869294023049889,0.5673850543034172,-0.4804556519984283,39.13044223164906,-0.0132609432187188,-0.0273321608944751,0.0132221527956826,0
2022-12-21 00:00:00+05:30,79.67162016377185,80.97850426660968,78.21952507489925,78.80036163330078,14289387,81.53271789550782,84.99224645726936,78.07318933374627,-0.1037139161132927,0.4331652602200753,-0.536879176333368,33.20763268605431,-0.005497890352237,-0.0440399713300502,0.0131879988411518,0
2022-12-22 00:00:00+05:30,79.23598557362706,79.47800141678765,75.70255278633509,76.18658447265625,18920980,81.34394569396973,85.50519508650979,77.18269630142967,-0.4604028545708871,0.2544516372618828,-0.71485449183277,23.25579325065091,-0.0331696086980894,-0.0580491534738201,0.0147138978767359,0
2022-12-23 00:00:00+05:30,75.75095898531296,75.79936510828864,71.97551035107001,72.3143310546875,15647334,80.92525825500488,86.72632495336768,75.12419155664207,-1.0435109524645585,-0.0051408806834054,-1.0383700717811528,12.146926490002826,-0.050825922237773,-0.0956416137992743,0.0181028724383985,0
2022-12-26 00:00:00+05:30,72.60475088808042,74.68608855735283,71.39467170661241,74.20205688476562,14027435,80.66146125793458,87.17563809558224,74.14728442028691,-1.3378823481019282,-0.2716891741671099,-1.0661931739348185,23.4286028242186,0.0261044498724676,-0.0759493839258449,0.0191006510847997,0
2022-12-27 00:00:00+05:30,74.92811105488892,78.55834892202755,74.73449393719882,78.21952819824219,29894904,80.56707534790038,87.16917363238547,73.9649770634153,-1.232786643345591,-0.4639086680028061,-0.7688779753427848,39.2857491340196,0.0541423173715469,-0.0128283145349049,0.0226957607590704,0
2022-12-28 00:00:00+05:30,78.1711173045452,78.848758710785,77.39666365249624,78.12271118164062,13888353,80.36620178222657,87.01110215601454,73.72130140843859,-1.1441211478568931,-0.5999511639736236,-0.5441699838832695,37.92270834880041,-0.001237760171043,-0.0085995855553762,0.022613478555605,0
2022-12-29 00:00:00+05:30,77.63868043723384,78.70355606815154,77.20305486875841,78.46154022216797,13574850,80.13386726379395,86.69955569517798,73.56817883240991,-1.0345863644221822,-0.6868782040633353,-0.3477081603588469,41.20606597292078,0.0043371387833628,0.0298603194415181,0.0218415833961113,0
2022-12-30 00:00:00+05:30,79.9136321542811,81.75294660280792,79.4779992172059,80.01043701171875,29757458,79.93541374206544,86.24668798747615,73.62413949665472,-0.81341963789896,-0.7121864908304603,-0.1012331470684997,44.5497869307836,0.0197408409924786,0.1064257367078607,0.0221584667511471,0
2023-01-02 00:00:00+05:30,80.63969243835612,86.64168317915293,80.39767656355403,86.10924530029297,86864774,79.9765567779541,86.44351440544153,73.50959915046667,-0.1443565027833955,-0.5986204932210473,0.4542639904376517,59.02253957202219,0.0762251590711966,0.1604697890520605,0.0278580405794787,0
2023-01-03 00:00:00+05:30,86.15763926926721,86.8352806687755,84.89915394362343,85.52839660644531,37876426,80.09272422790528,86.87943251390325,73.3060159419073,0.3351478412057247,-0.4118668263356929,0.7470146675414177,56.10683601540358,-0.0067454858281713,0.0934404563228672,0.0277222905287869,0
2023-01-04 00:00:00+05:30,84.85075842047826,85.52839984565077,82.14017794831298,82.52740478515625,20223708,80.09030418395996,86.87331784924524,73.30729051867468,0.4676131752116959,-0.2359708260262152,0.7035840012379111,53.06858240273134,-0.0350876660894039,0.0563817299334941,0.0282941942328478,0
2023-01-05 00:00:00+05:30,82.96302956586767,85.044367331444,81.94656743784495,84.6087417602539,24321965,80.17258949279785,87.13976559245629,73.20541339313942,0.73210021069184,-0.0423566186826041,0.7744568293744442,58.30449968530236,0.0252199494279021,0.0783466845116704,0.0287574545715067,0
2023-01-06 00:00:00+05:30,85.044367385864,85.2379844954238,82.72101377130925,83.15664672851562,19627104,80.23793411254883,87.29527289253937,73.18059533255828,0.8151397349812868,0.129142652050174,0.6859970829311128,54.9084824531266,-0.0171624704673296,0.0393224913436738,0.0290321018486546,0
2023-01-09 00:00:00+05:30,84.2215080587273,85.33478234354752,84.0278983508181,84.94755554199219,16860710,80.37346305847169,87.6917263951439,73.05519972179947,1.0137743703574102,0.3060689957116213,0.707705374645789,59.57789142226364,0.0215365684396029,-0.0134908830550025,0.0291953904998738,0
2023-01-10 00:00:00+05:30,84.94756389334978,85.9156272995418,83.44706265945709,84.80235290527344,21375875,80.54045372009277,88.11140800243045,72.96949943775509,1.1462636963371295,0.4741079358367229,0.6721557605004066,60.16392133698292,-0.0017093209544678,-0.0084889198205448,0.029200981284449,0
2023-01-11 00:00:00+05:30,85.23799405959609,86.6900893084087,84.99597818479398,86.10924530029297,24955585,80.72438583374023,88.65870915714196,72.7900625103385,1.3412565650539818,0.6475376616801747,0.6937189033738071,67.58147591701047,0.0154110393196207,0.0434018314820552,0.0292239891502233,0
2023-01-12 00:00:00+05:30,85.91562271118164,85.91562271118164,84.41512155742384,85.1895751953125,11442821,80.93977966308594,89.12210130045611,72.75745802571578,1.40537978356528,0.7991060860571957,0.6062736975080845,75.478888677519,-0.0106802713433761,0.0068649340833413,0.0292975476791215,0
2023-01-13 00:00:00+05:30,85.47999028357462,86.7384681117936,85.14116222815348,86.01242065429688,18350692,81.24229927062989,89.71466508797728,72.76993345328249,1.5052431419923664,0.94033349724423,0.5649096447481365,74.39995031767057,0.0096589923954644,0.0343421005792188,0.0289451073238194,0
2023-01-16 00:00:00+05:30,86.39965753653539,86.83528310763467,84.80235146627545,85.0927734375,12333401,81.48189506530761,90.11172561761722,72.852064512998,1.4929677258361522,1.0508603429626144,0.4421073828735378,66.28438575967168,-0.0106920280792136,0.0017095005804614,0.0289282541991101,0
2023-01-17 00:00:00+05:30,85.04436349504662,85.04436349504662,83.3018539031543,84.3667221069336,12532647,81.73843154907226,90.39215982424663,73.08470327389789,1.4084177326676013,1.122371820903612,0.2860459117639893,64.36525987760265,-0.008532467579044,-0.0051370131065402,0.0290428603442744,0
2023-01-18 00:00:00+05:30,84.7055448960863,88.28737641168298,84.56033391340267,87.8033447265625,39056707,82.18858070373535,91.1306344396894,73.2465269677813,1.6002710497547523,1.21795166667384,0.3823193830809124,68.81090755463379,0.0407343385378069,0.019673838974684,0.029930966341592,0
2023-01-19 00:00:00+05:30,87.56132441458045,90.9011473028786,87.12569887450275,89.15863037109375,63481359,82.83718299865723,91.82788554947712,73.84648044783732,1.8404607251018208,1.3424534783594364,0.4980072467423841,68.56580851021661,0.01543546716531,0.0465908553562037,0.0299011575298609,0
2023-01-20 00:00:00+05:30,89.40064931020606,89.98148584575392,88.2873749753926,88.57779693603516,27855347,83.65035629272461,91.50367872629752,75.7970338591517,1.96133531666419,1.466229846020387,0.4951054706438029,56.45567670499074,-0.0065146069723263,0.0298256491588475,0.0286819560475666,0
2023-01-23 00:00:00+05:30,89.0134269642245,90.41712333021684,87.41612825763724,90.12670135498048,37644720,84.44658851623535,91.44956031405027,77.44361671842043,2.157245559238163,1.6044329886639423,0.5528125705742206,61.44580784319535,0.0174863732506671,0.0591581131290526,0.025413184736463,0
2023-01-24 00:00:00+05:30,89.98148584575392,90.17510294809472,87.8033432981465,88.09376525878906,15154378,84.9403003692627,91.47117049128296,78.40943024724245,2.12398095461576,1.708342581854306,0.4156383727614541,64.55696657137521,-0.0225564240744184,0.0441766973846808,0.0261594173019313,0
2023-01-25 00:00:00+05:30,87.99696353546477,88.48099522995496,86.30285260474909,87.02890014648438,17092770,85.38560981750489,91.1258642263206,79.64535540868917,1.9887675265982097,1.764427570803087,0.2243399557951226,56.68450099356658,-0.0120878601246805,-0.0088202172991234,0.0243118058694848,0
2023-01-27 00:00:00+05:30,87.12570896461199,88.287382129845,83.54387721702864,85.33479309082031,21874770,85.7292724609375,90.45796952303056,81.00057539884442,1.725024619561708,1.7565469805548113,-0.0315223609931032,55.9366949942732,-0.0194660285584741,-0.0428880217692663,0.0248783420317791,0
2023-01-30 00:00:00+05:30,85.33478690053231,86.73847582217508,83.25344919354619,84.07630157470703,13314265,85.93256568908691,89.91709912072456,81.94803225744927,1.3983375529963098,1.6849050950431113,-0.2865675420468014,47.55435492596269,-0.0147476951725176,-0.0508196807443608,0.0252307690051538,0
2023-01-31 00:00:00+05:30,84.60874302870872,88.23898079550912,84.22151618976915,87.70654296875,26331826,86.01243057250977,90.07513950501937,81.94972164000019,1.4160425829556544,1.63113259262562,-0.2150900096699655,56.81818181818182,0.0431779386824868,-0.026852845492461,0.0264687190375845,0
2023-02-01 00:00:00+05:30,88.38419504599054,89.44906335308025,84.0279095650198,86.15764617919922,25911790,86.04389305114746,90.10056057964846,81.98722552264647,1.2902180895071496,1.562949692001926,-0.2727316024947765,50.11235429716225,-0.0176599913429794,-0.0219779353726361,0.0211873403473216,0
2023-02-02 00:00:00+05:30,86.01243518601927,87.36772547946887,84.85076201205558,86.15764617919922,22866118,86.22540512084962,89.92908570117447,82.52172454052476,1.1769343058707875,1.4857466147756986,-0.308812308904911,52.347438772561496,0.0,-0.0100110878779197,0.0211272047061276,0
2023-02-03 00:00:00+05:30,86.59326956165118,86.83528541552471,82.67261716034275,83.20504760742188,21487839,86.15522041320801,90.03682013683802,82.27362068957801,0.839231919166366,1.356443675653832,-0.5172117564874661,43.82980864036059,-0.0342697218728125,-0.0249575279467987,0.0210588423761232,0
2023-02-06 00:00:00+05:30,83.64067286389043,83.93108743031883,81.41412425925407,81.75294494628906,15025899,86.08503532409668,90.23631779374227,81.93375285445109,0.4492491313256437,1.1750047667881944,-0.7257556354625507,42.82742552292069,-0.0174520981946206,-0.027633906165027,0.0206184982999434,0
2023-02-07 00:00:00+05:30,81.75295270286645,81.75295270286645,78.8487624486156,79.81682586669922,19123174,85.82849884033203,90.8240297772965,80.83296790336756,-0.0158608328054725,0.9368316468694612,-0.9526924796749336,40.71146614433421,-0.0236825606815981,-0.0899558554583767,0.0209141740078065,0
2023-02-08 00:00:00+05:30,79.81681551069823,82.09177015661615,79.67161192541563,81.8497543334961,17280945,85.68086891174316,90.96997101103814,80.39176681244818,-0.2179115442998522,0.7058830086355984,-0.9237945529354508,37.106916160729305,0.0254699237250055,-0.050000110689458,0.0211493787470645,0
2023-02-09 00:00:00+05:30,81.99496387996217,83.78588700984336,81.12371276197787,82.62420654296875,13368881,85.50661697387696,90.9632741070744,80.0499598406795,-0.3119503979138471,0.5023163273257093,-0.8142667252395565,35.4838819023084,0.0094618757964399,-0.04101132973017,0.0212853857423704,0
2023-02-10 00:00:00+05:30,82.23697374189874,82.38218471291813,81.0753007452172,81.8497543334961,8282686,85.33962593078613,91.03627623537857,79.64297562619369,-0.4438522355703469,0.313082614746498,-0.7569348503168449,35.181238106952904,-0.0093731878571191,-0.0162885944170158,0.0210139200372759,0
2023-02-13 00:00:00+05:30,81.80135417865195,82.52740170094768,80.3492591340605,80.68807983398438,11254227,85.0734088897705,91.12429773936174,79.02252004017927,-0.6348051768797092,0.1235050564212566,-0.7583102333009658,28.85032189373148,-0.0141927670885667,-0.0130254037087507,0.0210985669455477,0
2023-02-14 00:00:00+05:30,80.9785024995045,81.80135488809526,79.42960258232118,81.51093292236328,19252645,84.89431686401367,91.1513103633645,78.63732336466285,-0.7115372329422343,-0.0435034014514415,-0.6680338314907928,34.40366723726237,0.0101979510489271,0.0212249364375045,0.0211142548010428,0
2023-02-15 00:00:00+05:30,81.31732868020362,82.62421284255932,80.9301018283884,81.46253967285156,12266197,84.74910774230958,91.18975777526718,78.30845770935197,-0.7674066844287211,-0.1882840580468974,-0.5791226263818237,36.14458517731886,-0.000593702559604,-0.0047307980799408,0.0210294925421077,0
2023-02-16 00:00:00+05:30,82.28538371673855,83.20504093339548,81.65614106999254,83.0598373413086,10475328,84.51193237304688,90.8271537316617,78.19671101443205,-0.6750139143554179,-0.2856300293086016,-0.3893838850468163,44.309908232020895,0.0196077568275145,0.0052724354830964,0.0214752272928574,0
2023-02-17 00:00:00+05:30,82.72100997865775,84.85075377174427,82.57580638531722,83.3986587524414,21525591,84.22393379211425,90.16094191789168,78.28692566633681,-0.5679054615369097,-0.3420851157542632,-0.2258203457826464,48.22335269069455,0.0040792448188953,0.0189237515928797,0.0193372606313415,0
2023-02-20 00:00:00+05:30,83.25345087122274,83.83428742340936,82.18858262792436,83.3018569946289,12315939,83.96013679504395,89.54075429129693,78.37951929879097,-0.4852388029828063,-0.3707158531999719,-0.1145229497828344,35.82552956837581,-0.0011607112063977,0.0323935972453721,0.0189119116962658,0
2023-02-21 00:00:00+05:30,83.73747945469309,84.80234765847237,83.39865876063656,84.3667221069336,14079807,83.6721378326416,88.44950906276912,78.89476660251407,-0.3299951862909438,-0.3625717198181663,0.0325765335272225,44.0514141892296,0.012783209771342,0.0350356581894402,0.0192023141866748,0
2023-02-22 00:00:00+05:30,84.22150644577788,84.31831129787854,81.31731656833726,81.8497543334961,19537168,83.35993728637695,87.71838870825606,79.00148586449784,-0.405388697176491,-0.3711351152898313,-0.0342535818866597,37.74100317067727,-0.0298336560978068,0.0047532849110716,0.0195569938956691,0
2023-02-23 00:00:00+05:30,82.28538823597708,83.54387359858704,81.51093456887287,82.18858337402344,24771081,83.1179214477539,87.143388206736,79.0924546887718,-0.4328087757236574,-0.3834698473765965,-0.0493389283470608,46.60194471905022,0.0041396463958436,-0.0104894735551311,0.019181494763581,0
2023-02-24 00:00:00+05:30,82.6242112235736,82.96303194262116,80.10724781470034,80.30085754394531,19305545,82.86622467041016,86.93730680466388,78.79514253615645,-0.5999472650107123,-0.4267653309034197,-0.1731819341072925,45.28303570189404,-0.0229682244489781,-0.0371444967441446,0.0195785618117052,0
2023-02-27 00:00:00+05:30,80.058836462209,80.73648524179589,78.50993657216895,80.34925842285156,16861726,82.67987251281738,86.85754277083609,78.50220225479868,-0.7201981792116356,-0.4854519005650629,-0.2347462786465727,51.97132069758206,0.0006027442344531,-0.0354445708451339,0.0192546647741266,0
2023-02-28 00:00:00+05:30,80.44606711198519,80.93009881228082,79.18758912265913,80.10724639892578,14683471,82.29990768432617,85.89419952026516,78.70561584838718,-0.8255102742496092,-0.5534635753019722,-0.272046698947637,42.56199692832365,-0.0030120007163245,-0.0504876283163993,0.0190563830002727,0
2023-03-01 00:00:00+05:30,80.34926213686767,82.76942063496608,80.34926213686767,82.52740478515625,13629694,82.11839561462402,85.22613168572228,79.01065954352576,-0.7055511580786487,-0.5838810918573075,-0.1216700662213411,49.63769771288116,0.0302114789238707,0.0082791995795012,0.0176750307951226,0
2023-03-02 00:00:00+05:30,82.38218858158388,83.68907261065604,82.23697760374539,83.54386901855469,13107291,81.98770675659179,84.55267107626744,79.42274243691614,-0.5224401606014908,-0.5715929056061442,0.0491527450046533,56.22778355850108,0.0123166872391613,0.0164899501718338,0.0176206421473928,0
2023-03-03 00:00:00+05:30,84.07629944753863,85.28637862031765,83.30185320840235,84.99596405029297,14681544,82.07725257873535,84.93005446749709,79.22445068997362,-0.2571867536576349,-0.5087116752164423,0.2515249215588074,65.50526111716152,0.0173812279560068,0.0584689460355789,0.0180876507263315,0
2023-03-06 00:00:00+05:30,84.89915849277209,85.38319019999597,83.97950120334183,84.65714263916016,15255919,82.2224624633789,85.29309457728203,79.15183034947577,-0.0734647182944598,-0.4216622838320458,0.3481975655375859,61.732886908149005,-0.0039863235262832,0.0536144863171932,0.016387094282435,0
2023-03-08 00:00:00+05:30,83.49546738464447,84.99596859338817,83.01143568966103,84.6087417602539,10100796,82.46205825805664,85.48985339298812,79.43426312312516,0.0674532132972274,-0.3238391844061912,0.3912923977034186,61.73285178013269,-0.0005717282369492,0.0561933603223752,0.0158441975826503,0
2023-03-09 00:00:00+05:30,84.75394583408298,86.157634680767,84.70553971423722,84.94755554199219,12585135,82.61694831848145,85.82446557730508,79.40943105965782,0.2041181825940725,-0.2182477110061384,0.422365893600211,57.768913544630585,0.004004477252461,0.0293254193941554,0.014734655505742,0
2023-03-10 00:00:00+05:30,84.02790658629394,85.38318944596186,83.64067974678696,85.28638458251953,10662815,82.75005722045898,86.17259154698152,79.32752289393645,0.3358948406026911,-0.1074192006843725,0.4433140412870637,57.768940064731744,0.0039886849994152,0.0208574918116113,0.0138193840316645,0
2023-03-13 00:00:00+05:30,85.52838571529686,86.49644895460014,83.93107989329918,84.173095703125,14288810,82.86622428894043,86.31768830343603,79.41476027444483,0.3465014302520046,-0.0166350744970971,0.3631365047491017,53.30875130602885,-0.0130535358585561,-0.0096812637677839,0.0140865508515368,0
2023-03-14 00:00:00+05:30,84.31832292153224,85.09277661657299,83.01143877367156,84.02790832519531,10616254,83.03321571350098,86.36195317202147,79.70447825498049,0.3392808030455114,0.0545481010114246,0.2847327020340868,48.61663428045607,-0.0017248667964139,-0.0074327374436303,0.0139031827509649,0
2023-03-15 00:00:00+05:30,84.75395654738303,85.77041872099733,84.41512843710706,84.85076141357422,13398597,83.20020713806153,86.5424643907505,79.85794988537256,0.3953978707966428,0.1227180549684682,0.2726798158281745,64.22024849319189,0.0097926165815576,0.0028604568308803,0.0135435996587264,0
2023-03-16 00:00:00+05:30,84.07629940612713,84.51193233955529,81.3657264918795,82.5758056640625,20684933,83.25587043762206,86.51225421665623,79.9994866585879,0.2533803242497612,0.1488505088247268,0.1045298154250343,51.55037670421083,-0.0268112591049509,-0.0279201663049298,0.0148360985360662,0
2023-03-17 00:00:00+05:30,83.2534551948,86.20605161821304,83.0598454625956,85.8188247680664,26577314,83.39381980895996,86.84327050807552,79.9443691098444,0.3979278693059314,0.1986659809209677,0.1992618883849636,69.93010076226157,0.0392732360032581,0.0062429681848186,0.0170453302728696,0
2023-03-20 00:00:00+05:30,85.81882248899379,85.81882248899379,82.72101515582635,83.83428955078125,14909136,83.41560134887695,86.87067769246792,79.96052500528597,0.3483320782211336,0.2285992003810009,0.1197328778401327,61.04295338746626,-0.0231247074595644,-0.0040251121752573,0.0174617780845271,0
2023-03-21 00:00:00+05:30,84.26992797851562,84.75395971329002,83.49547424858136,84.26992797851562,9170696,83.4640048980713,86.93943603999473,79.98857375614786,0.3402571640198744,0.2509307931087756,0.0893263709110987,63.03031924116161,0.0051964229680803,0.0028802294159659,0.0174746466799178,0
2023-03-22 00:00:00+05:30,84.36671744856883,84.46352230070596,81.70454339324573,82.33378601074219,19851740,83.36235809326172,86.84552989709175,79.87918628943169,0.1756030182675232,0.2358652381405251,-0.0602622198730019,49.374981528731446,-0.022975479085102,-0.0296635570606602,0.0182195770791544,0
2023-03-23 00:00:00+05:30,82.14016731687776,83.93108289652415,81.51092471166778,83.10823059082031,17338653,83.42528190612794,86.83815938168895,80.01240443056692,0.1063783632453549,0.2099678631614911,-0.1035894999161361,48.57139854828073,0.0094061577585788,0.0064477109545117,0.0181119982792252,0
2023-03-24 00:00:00+05:30,83.30414146554459,83.30414146554459,80.31674726710635,80.65956115722656,20599895,83.34883079528808,86.9420883030095,79.75557328756666,-0.144405220015912,0.1390932465260105,-0.2834984665419225,36.65196392246232,-0.0294636213066509,-0.0601180874334186,0.0180822497046145,0
2023-03-27 00:00:00+05:30,80.41468401934638,81.19826494282101,79.23932010691595,79.53315734863281,11701170,83.31044578552246,87.05405444241737,79.56683712862755,-0.4290980153361801,0.0254549941535723,-0.4545530094897524,34.957046755582,-0.0139649136746242,-0.0513051667187218,0.0182784159786594,0
2023-03-28 00:00:00+05:30,79.58214761404858,80.16982967110346,78.9944655569937,79.14138793945312,11090113,83.25005226135254,87.2265315983301,79.27357292437497,-0.6785101808881819,-0.1153380408547785,-0.5631721400334034,34.266200094233696,-0.0049258626494905,-0.0608584837092777,0.0176265345887102,0
2023-03-29 00:00:00+05:30,79.14137670891327,81.24723649179644,78.9454777358388,80.85545349121094,13616947,83.2874626159668,87.15194941368094,79.42297581825267,-0.7294516890193279,-0.2381607704876884,-0.4912909185316395,39.0876124177746,0.0216582700453669,-0.0179553569823495,0.0182817425634473,0
2023-03-31 00:00:00+05:30,81.73698481511013,82.56954249655497,76.00707164633889,81.00238037109375,20583852,83.21121139526367,87.19711694469238,79.22530584583497,-0.749329624470235,-0.3403945412841977,-0.4089350831860372,38.45773408468353,0.001817154855223,-0.0253386482272089,0.0182662797334696,0
2023-04-03 00:00:00+05:30,82.1287726110973,82.61850889079709,81.59006718709709,82.07980346679688,7075382,83.13800811767578,87.15186839090701,79.12414784444455,-0.6704158554429824,-0.4063988041159547,-0.2640170513270277,44.34918359613135,0.0133011288158095,0.0176078606081415,0.0172437979038139,0
2023-04-05 00:00:00+05:30,81.49210816145536,81.73697628390298,80.41468991724224,80.80648040771484,8559285,82.92853393554688,86.9713061851968,78.88576168589697,-0.702524390343342,-0.4656239213614322,-0.2369004689819098,41.80305305159561,-0.015513232309299,0.0160099649194163,0.0173096982622279,0
2023-04-06 00:00:00+05:30,80.6105870875771,80.95340095674445,79.63111461979504,80.41468811035156,9141521,82.71641120910644,86.82200295973034,78.61081945848254,-0.7509287603216848,-0.5226848891534828,-0.228243871168202,38.45921161119089,-0.0048485257047017,0.0160889289921548,0.0167723613436623,0
2023-04-10 00:00:00+05:30,80.80648393996199,81.49211172367295,80.5616158068106,80.75750732421875,7342069,82.52384948730469,86.61698202568665,78.43071694892272,-0.7529474176278796,-0.5687373948483622,-0.1842100227795174,44.74084201959716,0.0042631417459051,-0.0012113736645213,0.0168323390114597,0
2023-04-11 00:00:00+05:30,81.29622020626479,81.34519682200802,80.02290292476455,80.75750732421875,18451727,82.31434707641601,86.31297907364024,78.31571507919179,-0.7459483893905343,-0.6041795937567966,-0.1417687956337376,31.98043861016781,0.0,-0.0030230351966592,0.0168354108343673,0
2023-04-12 00:00:00+05:30,81.29622513781344,81.68801566917874,80.7085430771569,81.00238037109375,13125615,82.10014686584472,85.88150390094634,78.3187898307431,-0.712429951683049,-0.6258296653420472,-0.0866002863410018,38.49218848822011,0.0030322016489674,-0.0131265311342877,0.0168191670392924,0
2023-04-13 00:00:00+05:30,80.95340243152647,81.29621630693909,79.48419370308781,79.87598419189453,12468154,81.8852912902832,85.65902779487861,78.1115547856878,-0.7679051734531015,-0.6542447669642582,-0.1136604064888433,33.09377691487107,-0.0139057170176838,-0.0115151187271791,0.0169466207095039,0
2023-04-17 00:00:00+05:30,80.16982097416727,80.80647958057058,79.97392946732715,80.61058807373047,6426817,81.71442527770996,85.38780951617004,78.04104103924989,-0.7440167307224499,-0.6721991597158965,-0.0718175710065534,42.69429595956525,0.0091968053886024,0.0024361216586461,0.0169808188291984,0
2023-04-18 00:00:00+05:30,80.95340194709165,81.29621582045282,80.31674334068833,80.61058807373047,6301411,81.50241661071777,84.89212920819669,78.11270401323885,-0.7168218911959059,-0.6811237060118984,-0.0356981851840074,38.66672298034122,0.0,-0.0018192643056507,0.016985980959396,0
2023-04-19 00:00:00+05:30,80.6595549334692,82.42260833630924,80.61058579453471,80.95339965820312,12688176,81.42129631042481,84.78036463633323,78.06222798451638,-0.6599996894870372,-0.6768989027069262,0.0168992132198889,51.64833189531205,0.0042526868078309,0.0024256857408677,0.0168386990263631,0
2023-04-20 00:00:00+05:30,80.80649099190386,81.9328859972567,80.7085452246521,81.49211883544922,6865529,81.20496101379395,83.85375836429071,78.55616366329718,-0.5649847573195643,-0.6545160736294539,0.0895313163098895,61.7647948257171,0.006654682564545,0.0060459762060305,0.015943050315646,0
2023-04-21 00:00:00+05:30,81.443142692119,81.68801082560536,79.09240711609348,79.92495727539062,16876304,81.00949440002441,83.40631256461087,78.61267623543795,-0.6091200231495009,-0.6454368635334633,0.0363168403839624,54.12365173483744,-0.0192308358458938,0.0006131139915401,0.0135805298953632,0
2023-04-24 00:00:00+05:30,79.53316098406752,80.61058667128928,79.19034711667052,80.31674194335938,7946999,80.8118350982666,82.66744378529154,78.95622641124166,-0.6055039186124844,-0.6374502745492675,0.031946355936783,46.70659241224265,0.0049019065048581,-0.0036452547660653,0.0128940452911248,0
2023-04-25 00:00:00+05:30,80.12085396222147,80.90442748317913,80.02290073341736,80.26776885986328,7788276,80.70853424072266,82.43277926210516,78.98428921934016,-0.5996771434437278,-0.6298956483281597,0.0302185048844318,45.45451970493348,-0.0006097493786616,-0.0042527814528983,0.0127948004897111,0
2023-04-26 00:00:00+05:30,80.12084677762954,80.12084677762954,79.19034349690573,79.53315734863281,9901624,80.52978057861328,81.91433903582391,79.14522212140265,-0.646879566717999,-0.6332924320061275,-0.0135871347118714,33.54426760321745,-0.009152011095674,-0.0175439489331736,0.012005709624262,0
2023-04-27 00:00:00+05:30,79.58214378897225,80.21880243384051,79.28829903817692,80.02290344238281,8977490,80.4979476928711,81.89911824540839,79.0967771403338,-0.6374216109019102,-0.6341182677852841,-0.003303343116626,44.366235039982975,0.0061577599843447,-0.0180289261595109,0.0118773553961367,0
2023-04-28 00:00:00+05:30,80.31674554366897,81.1982722941925,80.2187997875624,81.10032653808594,11438678,80.57630615234375,81.92458488024846,79.22802742443903,-0.5367991864782198,-0.6146544515238712,0.0778552650456514,54.48720765343826,0.0134639340658124,0.0147059104285216,0.0104775506251553,0
2023-05-02 00:00:00+05:30,81.29622576731555,83.45106249733605,81.29622576731555,82.8633804321289,20210134,80.76240577697754,82.29203392830699,79.2327776256481,-0.3112041081430732,-0.5539643828477117,0.2427602747046384,61.62161388357208,0.0217391713363201,0.0317074426470818,0.0109320209858618,0
2023-05-03 00:00:00+05:30,83.40209197998047,83.6959292713622,82.27569701439353,83.40209197998047,14993568,80.88973770141601,82.82276847307935,78.95670692975267,-0.0879352012639174,-0.4607585465309528,0.3728233452670354,63.77550087708631,0.0065012016772934,0.0390483398833383,0.0108535286191663,0
2023-05-04 00:00:00+05:30,83.40209047092677,84.82232270219818,83.25516809150288,83.9407958984375,13452219,81.0366584777832,83.40368820832157,78.66962874724484,0.1309662229914039,-0.3424135926264815,0.4733798156178854,64.85143322515763,0.0064591175792849,0.0554188805869211,0.0099883040363444,0
2023-05-05 00:00:00+05:30,83.9407981471593,83.98977476587352,80.80648884180252,81.00238037109375,16749470,80.98278732299805,83.29833762858468,78.66723701741142,0.0665741774433144,-0.2606160386125223,0.3271902160558367,54.81171793573165,-0.0350058097006731,0.0122399573943998,0.0128214881373695,0
2023-05-08 00:00:00+05:30,81.6390384914336,82.71645684072334,81.2472479627511,82.56954193115234,14678832,81.07094039916993,83.49014903643506,78.6517317619048,0.1403816260078372,-0.1804165056884504,0.3207981316962877,57.81251711509743,0.0193471050218401,0.0181160231503685,0.0131956552347058,0
2023-05-09 00:00:00+05:30,82.4715805053711,83.40208385269543,81.93287512060841,82.4715805053711,13523848,81.1737850189209,83.6497450079574,78.69782502988438,0.1887935973165042,-0.1065744850874595,0.2953680824039638,57.36429474568964,-0.0011864111570696,-0.0047282638569002,0.0126944235576121,0
2023-05-10 00:00:00+05:30,82.52055217642688,82.71644367319298,80.90442117337079,82.2267074584961,13487783,81.24724502563477,83.75813607999635,78.73635397127319,0.205037678251287,-0.0442520524197102,0.2492897306709972,55.07807817127724,-0.0029691809636054,-0.0140929860820099,0.0126573383348205,0
2023-05-11 00:00:00+05:30,82.17775044211284,82.56954096621674,81.68801415517866,82.37364196777344,8109668,81.3280517578125,83.87632500013964,78.77977851548536,0.227149181965899,0.0100281944574116,0.2171209875084874,53.62900667551543,0.0017869438509563,-0.0186697530550009,0.012638294470612,0
2023-05-12 00:00:00+05:30,81.78595157975772,82.03081969825999,80.75750249293542,81.3451919555664,12358464,81.34519233703614,83.88884964611076,78.80153502796152,0.15984281858087,0.0399911192821033,0.1198516992987666,56.11811267400105,-0.0124851832168521,0.0042321174131196,0.01297781352777,0
2023-05-15 00:00:00+05:30,81.34519716331636,82.71645273649182,80.51263952888245,82.52056121826172,7462528,81.4774211883545,83.97401442311616,78.98082795359284,0.1990499927981517,0.071802893985313,0.1272470988128387,58.89326140540248,0.0144491547003458,-0.0005932055785348,0.0133268894007103,0
2023-05-16 00:00:00+05:30,82.76542853231877,83.20618818036019,81.932878378917,82.32466888427734,7376841,81.56312522888183,84.05209753054865,79.07415292721501,0.211872749456262,0.0998168650795028,0.1120558843767591,58.203116917890334,-0.0023738609031784,-0.00178136056316,0.0129145003342233,0
2023-05-17 00:00:00+05:30,82.07979904471604,82.07979904471604,80.61059028477088,81.10032653808594,13496921,81.58761215209961,84.04658212134291,79.12864218285631,0.1218362291992605,0.1042207379034543,0.0176154912958061,56.01506313397522,-0.0148721198977727,-0.0136984801559602,0.0132623839243897,0
2023-05-18 00:00:00+05:30,81.49210816145536,81.9818444063506,80.56161228526722,80.80648040771484,8234890,81.5802661895752,84.04807558561666,79.11245679353374,0.0264656319403968,0.0886697167108428,-0.062204084770446,53.05341945519184,-0.0036232422594882,-0.0190250366819,0.0132910132812518,0
2023-05-19 00:00:00+05:30,80.80648270987916,81.24724235372922,79.28829731833821,80.46366882324219,13720610,81.52884368896484,84.04673877992924,79.01094859800044,-0.075903317174081,0.055755109933858,-0.1316584271079391,47.36842769167893,-0.0042423773779401,-0.0108368191300812,0.0132907842148644,0
2023-05-22 00:00:00+05:30,80.46366077427082,80.65955226910152,79.9249479543141,80.36571502685547,6918411,81.55088157653809,84.01684921240528,79.0849139406709,-0.1630558927769669,0.011992909391693,-0.17504880216866,38.02817004420494,-0.0012173667671293,-0.0261128397528321,0.0131983503182021,0
2023-05-23 00:00:00+05:30,80.56160509902188,81.4431317557559,80.12084550704556,80.9044189453125,9357512,81.58026542663575,83.99784481179695,79.16268604147454,-0.1865061064604134,-0.0277068937787282,-0.1587992126816852,38.028124718873485,0.0067031559201211,-0.0172518147745152,0.0125639318106831,0
2023-05-24 00:00:00+05:30,80.41468991724224,81.34519326621243,80.12085265397432,80.80648040771484,7904196,81.60720100402833,83.97469416671596,79.23970784134069,-0.2105661161180734,-0.0642787382465972,-0.1462873778714761,34.31376217549513,-0.0012105462084074,-0.0036232422594882,0.0125314056049738,0
2023-05-25 00:00:00+05:30,80.90442887861508,81.05135125157318,79.97393297118425,80.56161499023438,9575601,81.6586238861084,83.87637856760838,79.44086920460842,-0.2465503607928241,-0.1007330627558426,-0.1458172980369814,46.97986085989172,-0.0030302695556715,-0.0030302695556715,0.0125519321748569,0
2023-05-26 00:00:00+05:30,79.19034752562398,81.00237009646442,78.79855704395476,80.41468811035156,26673130,81.67821311950684,83.8413828338809,79.51504340513277,-0.2836541171435556,-0.1373172736333852,-0.1463368435101703,31.66665152091477,-0.0018237827022289,-0.0006087307925048,0.0123781522612644,0
2023-05-29 00:00:00+05:30,80.70854252449763,83.10824736940582,80.365728614194,82.56954193115234,20634118,81.75167388916016,83.93193339658008,79.57141438174024,-0.1375943152787613,-0.1373726819624604,-0.0002216333163008,50.61737061662053,0.0267967689913031,0.0274224761586507,0.0136006156961095,0
2023-05-30 00:00:00+05:30,82.66749046081947,82.81441284808862,81.2962273009457,81.49211883544922,11048903,81.68311080932617,83.80153794127062,79.56468367738171,-0.1075402523321855,-0.1314061960364055,0.0238659437042199,45.81016137258076,-0.0130486747353096,0.0072641259624393,0.0136727823473137,0
2023-05-31 00:00:00+05:30,81.00237191656012,81.39416240703272,80.41468991724224,80.80648040771484,12966397,81.55333023071289,83.54242993781206,79.56423052361372,-0.1374628952294188,-0.1326175358750081,-0.0048453593544106,41.57894175842287,-0.0084135550471921,0.0,0.0128705550660532,0
2023-06-01 00:00:00+05:30,80.80648666554423,81.2472463309705,80.12085885870721,80.51264190673828,22911903,81.38192253112793,83.07331788758546,79.6905271746704,-0.182780140936444,-0.1426500568872953,-0.0401300840491486,45.142877490341306,-0.0036363234668058,-0.0006078959998757,0.0127601686908011,0
2023-06-02 00:00:00+05:30,80.9534000294023,82.17774060010476,80.85545427830246,81.88389587402344,12665361,81.42599830627441,83.12168684538315,79.73030976716566,-0.106814360086588,-0.1354829175271539,0.0286685574405658,46.368672297576616,0.0170315361017907,0.0182703906238586,0.0132915323174518,0
2023-06-05 00:00:00+05:30,82.17774866461617,82.47158594675139,81.39416763335717,81.98184967041016,11749146,81.3966136932373,83.02801398360806,79.76521340286654,-0.0382657746937553,-0.1160394889604742,0.0777737142667188,48.02258096882706,0.0011962522708668,-0.0071175429461897,0.0107849305928971,0
2023-06-06 00:00:00+05:30,82.17775415177762,82.22672329901198,81.14930491367654,81.49211883544922,9032643,81.3476406097412,82.90006269946264,79.79521852001977,-0.0231903880758039,-0.0974696687835401,0.0742792807077361,52.4691530169989,-0.0059736494959529,0.0,0.0099722536956445,0
2023-06-07 00:00:00+05:30,81.6880057097631,83.25516017137375,81.443137591612,83.01029205322266,18300344,81.38681983947754,83.06695261582135,79.70668706313373,0.1099929252287381,-0.0559771499810845,0.1659700752098226,62.032080215534265,0.0186296937601901,0.0272727092479256,0.0108138619098558,0
2023-06-08 00:00:00+05:30,83.20618818036019,84.0387458065443,82.17774651066942,82.32466888427734,17361553,81.38437118530274,83.05858064173158,79.7101617288739,0.1583917592098487,-0.0131033681428978,0.1714951273527465,59.793832645814376,-0.0082594959249838,0.0225061174819976,0.0109561143640028,0
2023-06-09 00:00:00+05:30,82.47158248647126,82.47158248647126,80.70853644928488,81.19827270507812,15482610,81.37702522277831,83.05324657249828,79.70080387305835,0.1046510734274619,0.010447520171174,0.0942035532562878,53.95352072568708,-0.013682365133865,-0.008373113682819,0.011350899641044,0
2023-06-12 00:00:00+05:30,81.73697719162936,82.56953479542285,81.29621755544164,81.83493041992188,10006837,81.34274368286133,82.94699190358124,79.73849546214142,0.1121414527202375,0.0307863066809867,0.0813551460392507,54.37794072672293,0.007840779041645,-0.0017920948487858,0.0111537333487295,0
2023-06-13 00:00:00+05:30,82.03082806147604,83.206192161005,82.03082806147604,82.37364196777344,14147667,81.34519233703614,82.95588770400022,79.73449697007206,0.1597061588013559,0.0565702771050606,0.1031358816962953,57.07966645320812,0.0065829046971417,0.0108172807987017,0.0107822750364483,0
2023-06-14 00:00:00+05:30,82.96131544047967,83.98976452582706,82.52055581692045,83.01029205322266,20418160,81.44069061279296,83.20902687079044,79.67235435479549,0.2459388423616957,0.0944439901563876,0.151494852205308,60.68373963009541,0.0077288082721691,0.0,0.0108972267203543,0
2023-06-15 00:00:00+05:30,83.10824190849166,83.45105579626953,82.17774600269715,83.05927276611328,12731420,81.55333023071289,83.43493896339064,79.67172149803514,0.3146046331610819,0.1384761187573265,0.1761285144037553,61.63796605617015,0.0005900559036609,0.0089232534037708,0.0103170249426741,0
2023-06-16 00:00:00+05:30,83.50003774377439,83.84285165344447,82.9613248337337,83.40209197998047,11501358,81.7002513885498,83.67993694300397,79.72056583409564,0.3921647810968949,0.1892138512252402,0.2029509298716547,54.3589690329611,0.0041274044721355,0.0271412088149569,0.0102748690478083,0
2023-06-19 00:00:00+05:30,83.84284349684387,84.67539361727215,83.45105300700054,84.13668823242188,16961035,81.88880004882813,84.04385340005832,79.73374669759794,0.5070624353029274,0.2527835680407776,0.2542788672621497,64.36169551609527,0.0088078876081159,0.0281268377780603,0.0103012166790648,0
2023-06-20 00:00:00+05:30,83.98976627615995,85.26308350619416,83.59797578439695,84.23463439941406,18507799,82.0553108215332,84.39668364831543,79.71393799475096,0.5991168451070195,0.322050223454026,0.2770666216529934,69.88642650207612,0.0011641314752206,0.0225920863419961,0.010275043469463,0
2023-06-21 00:00:00+05:30,84.28360649129364,84.67538948925508,83.25515743969068,84.08770751953125,12679704,82.21937217712403,84.65041541253427,79.78832894171379,0.6526910407736182,0.3881783869179445,0.2645126538556737,71.09825600609457,-0.0017442573465225,0.0129792997911366,0.0102590358396485,0
2023-06-22 00:00:00+05:30,83.8918282717328,84.3325879451968,82.76543330614587,83.40209197998047,10984829,82.36139602661133,84.71532286999367,80.00746918322899,0.6325340736448339,0.4370495242633224,0.1954845493815115,59.74854721941077,-0.0081535763047355,0.0041274044721355,0.0104735615162144,0
2023-06-23 00:00:00+05:30,82.81440283826056,83.59797635434667,82.07979846348988,82.66748046875,10873933,82.47403564453126,84.6441618755417,80.30390941352081,0.5509317244441263,0.4598259642994832,0.0911057601446431,54.069779553418826,-0.0088080705626281,-0.0088080705626281,0.0106741044249705,0
2023-06-26 00:00:00+05:30,82.37363205779647,83.0102906487741,81.68800432768627,82.71644592285156,9941493,82.48138084411622,84.65386133672224,80.30890035151019,0.484625911871106,0.4647859538138078,0.0198399580572982,57.668653021824426,0.0005923182105456,-0.0168801784264076,0.0106519361861755,1
2023-06-27 00:00:00+05:30,82.81439786144149,83.84283944064588,82.52055314007927,83.25515747070312,10320705,82.56953277587891,84.71591849025504,80.42314706150279,0.4701282515713387,0.4658544133653139,0.0042738382060247,51.748236511697584,0.0065127501773227,-0.0116279596355409,0.0090298562266617,1
2023-06-28 00:00:00+05:30,83.89182456083175,84.28361507145958,83.35311167462069,83.45105743408203,11545483,82.70176162719727,84.71237336722388,80.69114988717067,0.469039446402931,0.4664914199728374,0.0025480264300936,58.64658395569591,0.0023530069407151,-0.0075712622478302,0.008489445009541,1
2023-06-30 00:00:00+05:30,83.64695018290729,83.98976405182776,83.15721394936894,83.7448959350586,10543357,82.86337432861328,84.63897911405725,81.0877695431693,0.4862813233841763,0.4704494006551052,0.015831922729071,72.41378384149576,0.003521087808967,0.0041102560731978,0.0082109962089082,1
2023-07-03 00:00:00+05:30,84.1366876866602,86.43844652448382,83.84284295298825,85.70384216308594,21458900,83.0543716430664,85.17469677578272,80.93404651035009,0.6505174637291162,0.5064630132699074,0.1440544504592088,77.62237914603138,0.0233918283156795,0.0367298202040129,0.0093643630543934,1
2023-07-04 00:00:00+05:30,86.04665875875519,86.68331738666,85.11616286066665,85.45897674560547,14758818,83.22822799682618,85.53985765016861,80.91659834348374,0.752245774414277,0.5556195654987813,0.1966262089154956,72.9927189903242,-0.0028571113184694,0.0331558106995049,0.0088692222894222,1
2023-07-05 00:00:00+05:30,85.89973236925216,86.87920483628027,85.80178661710572,86.2425537109375,12358194,83.46574974060059,85.992491069195,80.93900841200617,0.8858824050982008,0.6216721334186652,0.2642102716795356,73.57147069722,0.0091690422138399,0.0358824165492164,0.0089994430213641,1
2023-07-06 00:00:00+05:30,86.09563404867777,86.43844792834139,85.21410730612692,85.99768829345703,9906211,83.6151195526123,86.37128193375666,80.85895717146794,0.9609545194236516,0.6895286106196625,0.2714259088039892,70.83336939494387,-0.0028392644575576,0.0305164600387068,0.0088778524607335,1
2023-07-07 00:00:00+05:30,85.60590102035623,86.29152880547736,84.43052949514262,85.01821899414062,10250502,83.74979705810547,86.50369236988173,80.99590174632921,0.9306863512781832,0.7377601587513667,0.1929261925268164,60.50956994059284,-0.0113894840518745,0.0152047840631319,0.0085800963280715,1
2023-07-10 00:00:00+05:30,85.21411325257556,88.74021299605664,85.11616749051994,88.20150756835938,35951620,84.09995880126954,87.24149369630872,80.95842390623035,1.1503034123408895,0.8202688094692713,0.3300346028716182,70.04837643913885,0.0374424283627741,0.0291429805506342,0.0114002923023908,1
2023-07-11 00:00:00+05:30,88.74020887328209,88.74020887328209,87.66279059516059,88.15252685546875,17114253,84.41583862304688,87.854817974052,80.97685927204176,1.3053518971897518,0.9172854270133676,0.3880664701763843,69.41749702040644,-0.0005553273888506,0.0315186328275547,0.0107616851810402,1
2023-07-12 00:00:00+05:30,88.15252505289699,88.8871294283378,87.41792067745618,87.76073455810547,10421729,84.68519325256348,88.29053938377523,81.07984712135173,1.380698738837907,1.0099680893782754,0.3707306494596316,67.77254963921906,-0.0044444817561003,0.0176036165656285,0.0108743654856308,1
2023-07-13 00:00:00+05:30,89.13200253820662,89.52379305490909,87.51587132729802,88.00560760498047,17704740,84.93495903015136,88.73842481860927,81.13149324169345,1.44353073829771,1.0966806191621623,0.3468501191355477,73.26727099133616,0.0027902347001536,0.0233485265868036,0.0108501551952897,1
2023-07-14 00:00:00+05:30,88.74020298157805,89.86659780005886,88.15252100278254,89.37686157226562,13245628,85.25083847045899,89.429276225239,81.07240071567898,1.5856953764237431,1.1944835706144783,0.3912118058092646,81.86044489529743,0.0155814385537809,0.0512671593182325,0.0111450028406729,1
2023-07-17 00:00:00+05:30,89.71967315673828,90.5522232282693,89.27891355203998,89.71967315673828,16244703,85.56671752929688,90.09705742838892,81.03637763020485,1.7063541181451145,1.2968576801206058,0.4094964380245085,82.35292873683134,0.0038355742016682,0.0172124675669775,0.011123900981815,1
2023-07-18 00:00:00+05:30,89.76865941482247,90.06249669193949,87.90766010195169,88.44637298583984,8317264,85.78220176696777,90.4344828312694,81.12992070266615,1.679867886565745,1.3734597214096338,0.3064081651561112,72.45770180058209,-0.0141919840554257,0.0033333829539892,0.0117901959978063,1
2023-07-19 00:00:00+05:30,88.93610382080078,89.27891769288637,88.39739096982206,88.93610382080078,6640273,86.01727523803712,90.81320790959435,81.22134256647988,1.6790396191820207,1.4345757009641114,0.2444639182179093,73.14054481361029,0.0055370369459846,0.013392883145447,0.0117292176933866,1
2023-07-20 00:00:00+05:30,89.08302234667168,89.37686709060301,87.9076583165109,88.05458068847656,9799742,86.21561889648437,91.00365631849412,81.42758147447464,1.5889354034773788,1.4654476414667648,0.123487762010614,67.32288994204634,-0.009911870370445,0.0005564768522015,0.0120469253940761,1
2023-07-21 00:00:00+05:30,87.8586790035953,89.37686434598233,87.27099700656169,88.29944610595703,14106972,86.4604866027832,91.14242017639124,81.77855302917519,1.5197668301348273,1.4763114792003773,0.0434553509344499,62.10049559921836,0.0027808367897039,-0.0120547471387485,0.0120136011490665,1
2023-07-24 00:00:00+05:30,88.39739457454161,88.54431694650727,87.36894544356423,88.05458068847656,8631435,86.72984161376954,91.10261821989998,82.3570650076391,1.4287222242112136,1.4667936282025449,-0.038071403991331,62.10049559921836,-0.0027731251811776,-0.0185588334160874,0.01183334124798,1
2023-07-25 00:00:00+05:30,88.15253281011815,90.84608242376063,87.90766466342336,90.3563461303711,25710455,87.11183662414551,91.34084344301804,82.88282980527298,1.5247258619525326,1.4783800749525424,0.0463457869999901,66.80006106813147,0.0261402123989189,0.021594702869693,0.0125749986276261,1
2023-07-26 00:00:00+05:30,90.94402406457804,91.28683795985134,90.11147389811929,90.30736541748048,9021181,87.46444702148438,91.5115933073723,83.41730073559646,1.578659300613822,1.4984359200847983,0.0802233805290235,67.8861876143855,-0.0005420838157836,0.0154185031474132,0.0125942268764771,1
2023-07-27 00:00:00+05:30,90.8950563041468,91.48273834395474,90.2094210303854,90.60121154785156,8458483,87.82195472717285,91.63268411040558,84.01122534394013,1.6263651412969864,1.524021764327236,0.1023433769697503,74.56897014821142,0.0032538445675243,0.0289210491886229,0.012585211372796,1
2023-07-28 00:00:00+05:30,90.503251386288,91.28682482375972,89.86659283080505,90.79708862304688,9734958,88.17456436157227,91.6905495052958,84.65857921784874,1.6608329581863188,1.5513840030990529,0.1094489550872661,65.49699451012975,0.0021619697115402,0.0282860496553143,0.0125866131963118,1
2023-07-31 00:00:00+05:30,91.28682581267486,93.1478248901002,91.13991092909455,92.65808868408205,21053644,88.52227668762207,92.36934432569062,84.67520904955352,1.817366632034748,1.6045805288861918,0.212786103148556,72.11538965654381,0.0204962525699616,0.0522801648660615,0.0130828811286435,1
2023-08-01 00:00:00+05:30,93.34373596413076,94.17628612779848,92.85399969458712,93.6375732421875,13110258,88.93120651245117,93.12989415152914,84.7325188733732,1.997431764248816,1.6831507759587168,0.3142809882900992,77.27279486585756,0.0105709557796407,0.0363142961434281,0.0124616112306378,2
2023-08-02 00:00:00+05:30,93.3926970556206,93.3926970556206,90.30735732893989,91.04196166992188,18295129,89.17117691040039,93.27027469534248,85.07207912545832,1.908688346238648,1.7282582900147032,0.1804300562239449,61.56713706665489,-0.0277197655000331,0.0081344002124903,0.0142308364294401,2
2023-08-03 00:00:00+05:30,90.74812809224318,91.28683348044362,90.1114694763862,90.99299621582033,9432214,89.42094230651855,93.30918918810318,85.53269542493393,1.8135025170289936,1.7453071354175616,0.068195381611432,56.846503606348826,-0.0005378339087099,0.0043242762571868,0.0141818866722359,2
2023-08-04 00:00:00+05:30,91.87452017830095,92.3152797983048,91.18888496933938,92.0704116821289,7594563,89.77355194091797,93.23649098560352,86.31061289623241,1.804207702088448,1.757087248751739,0.0471204533367086,59.37503042695098,0.0118406417099745,0.0140238313627913,0.0142592819821031,2
2023-08-07 00:00:00+05:30,92.56014436874447,92.56014436874447,91.28682722429464,92.119384765625,7753436,89.96944580078124,93.5005368048336,86.4383547967289,1.7802713528602112,1.7617240695734335,0.0185472832867776,66.23372594508382,0.0005319090313744,-0.0058138898190933,0.0138752415013014,2
2023-08-08 00:00:00+05:30,92.1193896640537,92.26630455771796,90.25839045889244,90.69915008544922,10695875,90.09677696228027,93.53442845161896,86.65912547294158,1.6279347360678145,1.7349662028723098,-0.1070314668044953,57.1999815549662,-0.0154173270239398,-0.0313808127976388,0.0121807302508808,2
2023-08-09 00:00:00+05:30,90.89504677995092,91.4337521463353,89.08301676063657,91.04196166992188,13978237,90.26083831787108,93.53854079689393,86.98313583884827,1.5173775161335072,1.6914484655245494,-0.1740709493910421,62.76146263944131,0.0037796559741705,0.0,0.0121826458406866,2
2023-08-10 00:00:00+05:30,90.60120572354047,92.02143785117502,90.4053142137916,90.99299621582033,10588532,90.41020774841309,93.52332429155987,87.29709120526628,1.4095604840499902,1.6350708692296378,-0.2255103851796476,61.70213612236415,-0.0005378339087099,0.0,0.0121152480426962,2
2023-08-11 00:00:00+05:30,89.42584894954122,90.50326728583322,88.49534552104788,89.22994995117188,19474269,90.4028621673584,93.52691905747444,87.27880527724234,1.168383215761338,1.541733338535978,-0.3733501227746398,54.51128920415679,-0.0193756260148504,-0.0308509724140656,0.0129602039571796,2
2023-08-14 00:00:00+05:30,89.13200192950983,89.18097854605662,84.87129783732603,85.31205749511719,23189557,90.18248138427734,94.04422125929392,86.32074150926076,0.6535733285477647,1.3641013365383354,-0.7105280079905707,32.775890806079914,-0.0439078185990088,-0.0738967947715605,0.015753990541134,2
2023-08-16 00:00:00+05:30,85.31205550070405,85.65486939016986,83.0102965596823,83.15721893310547,28322838,89.91802368164062,94.85506729312218,84.98098007015906,0.0708881660570313,1.1054587024420748,-1.0345705363850437,28.654956908332267,-0.0252583119582486,-0.0831532726077186,0.016469438689277,2
2023-08-17 00:00:00+05:30,83.30414130652862,84.23463721690476,82.86337418625914,83.15721893310547,12271217,89.62907943725585,95.41204784111908,83.84611103339263,-0.3864393904933507,0.8070790838549897,-1.1935184743483405,27.380917607294123,0.0,-0.0866055892490873,0.0162981920825111,2
2023-08-18 00:00:00+05:30,83.30414264800895,83.74490230259383,82.17774773066903,82.6185073852539,9315437,89.35727577209472,95.91141414252245,82.803137401667,-0.783314729038139,0.4890003212763639,-1.272315050314503,25.65601494453708,-0.006478229488229,-0.0920344331854234,0.0162013407906387,3
2023-08-21 00:00:00+05:30,82.66748392567072,84.47950663132231,82.27569341485302,84.28361511230469,11090878,89.1564842224121,96.08257753011904,82.23039091470515,-0.9525011758365453,0.2007000218537821,-1.1532011976903274,24.778809456519,0.0201541734382382,-0.0554335718172419,0.0169079802056142,3
2023-08-22 00:00:00+05:30,84.92026846421989,84.92026846421989,83.6959277569919,83.9407958984375,8750174,88.95079498291015,96.24901686351927,81.65257310230102,-1.1015473472168935,-0.0597494519603529,-1.0417978952565403,19.631886595534013,-0.0040674479068131,-0.0160734793760913,0.0168782978228681,3
2023-08-23 00:00:00+05:30,84.57745239083111,85.36103341246651,84.03874697714143,84.28361511230469,11386589,88.64715843200683,96.20002185909163,81.09429500492202,-1.178420765315039,-0.2834837146312902,-0.8949370506837487,25.357167099343584,0.004084059606511,0.0135453805893308,0.0169343303716443,3
2023-08-24 00:00:00+05:30,85.11616748020462,86.63434547383947,84.52848543515944,84.77335357666016,21699641,88.37045783996582,96.07125897018196,80.66965670974969,-1.1861524744710863,-0.4640174665992494,-0.7221350078718369,28.02770292451504,0.0058106010723781,0.0194346884646872,0.0157910611075165,3
2023-08-25 00:00:00+05:30,84.38155907483858,84.72437296221014,83.54900892756984,83.8918228149414,7514441,88.03498840332031,95.909226484391,80.16075032224963,-1.2490142164886322,-0.6210168165771259,-0.6279973999115063,20.7017900598873,-0.0103986774679332,0.0154119878219292,0.0158634074435083,3
2023-08-28 00:00:00+05:30,84.23462718626692,85.36102195133724,84.03873569355096,85.16512298583984,7685360,87.75339012145996,95.61452969990836,79.89225054301154,-1.1824572860148803,-0.7333049104646769,-0.4491523755502036,27.09673950241995,0.0151778818027024,0.0104588284728956,0.0163196352957017,3
2023-08-29 00:00:00+05:30,85.89974157926675,86.78126838866413,85.45898191095941,86.63434600830078,11995479,87.4522029876709,94.97648111618108,79.92792485916073,-0.999633269908756,-0.7865705823534929,-0.2130626875552631,36.65597706193158,0.0172514636385274,0.0320886891890124,0.0168725002953317,3
2023-08-30 00:00:00+05:30,87.17306037463665,89.71968761012566,86.97716884605396,89.52379608154297,24500533,87.24651412963867,94.2668852560084,80.22614300326893,-0.614505806776009,-0.7521576272379962,0.1376518204619872,45.73007885843034,0.0333522466132005,0.0621731870691111,0.0179330773938148,3
2023-08-31 00:00:00+05:30,89.96454485927426,90.2094129767316,88.59328190695672,88.83815002441406,11300175,87.13632354736328,93.97263056171712,80.30001653300944,-0.3604602626477771,-0.6738181543199524,0.3133578916721753,44.14893088098325,-0.0076588134902633,0.047948987226017,0.0177607983760798,3
2023-09-01 00:00:00+05:30,89.37686396856013,95.49856698010534,88.98507348126483,94.95985412597656,52388079,87.3346664428711,94.83959258834444,79.82974029739775,0.3310271462684682,-0.4728490942022683,0.8038762404707365,62.580598041994406,0.0689085049596391,0.1319321828952309,0.0226921562767059,3
2023-09-04 00:00:00+05:30,95.74343066435952,101.52231953405364,95.69445405342366,100.64079284667967,65068908,87.76318550109863,97.14953335171305,78.37683765048422,1.3221986934097174,-0.1138395366798711,1.4360382300895886,81.23745320215426,0.0598246361369365,0.1817137029604587,0.0259154599156261,4
2023-09-05 00:00:00+05:30,101.03259423050312,101.13053999017438,97.80033185187366,99.6613311767578,30394405,88.14028282165528,98.7851441870872,77.49542145622335,2.0055561120205283,0.3100395930602087,1.6955165189603196,85.32490109902312,-0.0097322531174215,0.1503674439604918,0.02606307620844,4
2023-09-06 00:00:00+05:30,99.66133195548367,100.2490139908858,96.38010040777118,97.26162719726562,25576766,88.4684066772461,99.82608356467722,77.11072978981497,2.3266653833712496,0.7133647511224169,1.6133006322488326,77.37640440286872,-0.0240785864603404,0.0864332328878751,0.02677499250124,4
2023-09-07 00:00:00+05:30,97.0657330908098,98.48597284338751,95.44960180749584,97.50650024414062,20324016,88.79163360595703,100.8066185690538,76.77664864286027,2.5712660483298464,1.084945010563903,1.4863210377659437,79.23075471228947,0.0025176737623189,0.0975746367674739,0.0264446588294311,4
2023-09-08 00:00:00+05:30,97.94724547618954,98.33903595265063,95.98830056666574,96.8698272705078,21381211,89.08547515869141,101.60403998967628,76.56691032770655,2.682813841516676,1.4045187767544576,1.2782950647622189,75.75143875256703,-0.0065295438974702,0.0201134801870843,0.0265401704057482,4
2023-09-11 00:00:00+05:30,97.45751762928332,98.5349359276134,96.77188984110484,97.89827728271484,16085094,89.51889152526856,102.64404876066678,76.39373428987034,2.8216770554827946,1.6879504325001249,1.1337266229826697,77.77772716519854,0.0106168250856388,-0.0272505361532962,0.0265713678416368,4
2023-09-12 00:00:00+05:30,98.92672184244792,99.95517094972482,91.1888876493238,91.82554626464844,28381920,89.84456596374511,102.85292967724698,76.83620225024325,2.4138827737531443,1.8331369007507288,0.5807458730024155,62.22219474681135,-0.0620310304391701,-0.0786241245183846,0.0298600078945889,4
2023-09-13 00:00:00+05:30,92.51117257978574,94.91088463512035,91.77656822111264,94.02935791015624,20853496,90.38817291259764,103.12572579595708,77.65062002923824,2.2426798321678234,1.915045487034148,0.3276343451336756,64.2104937654131,0.0239999840475357,-0.0332327288803599,0.0283001868741878,4
2023-09-14 00:00:00+05:30,94.71498602927686,97.40853535503253,94.32320301466528,96.62496185302734,24393971,91.06156005859376,103.61214645532704,78.51097366186048,2.2900455932383466,1.990045508274988,0.3000000849633588,68.57140568047832,0.0276041866131975,-0.0090408166522852,0.027819044522891,4
2023-09-15 00:00:00+05:30,97.16367235041096,98.24109811566788,93.58860358076124,94.37217712402344,31058038,91.64924354553224,103.62267377185182,79.67581331921264,2.1213488112136503,2.0163061688627204,0.1050426423509298,63.05555681770728,-0.0233147282627705,-0.0257835717979523,0.0285895395285971,4
2023-09-18 00:00:00+05:30,94.37217579682272,95.93933033408987,94.3232066544976,94.910888671875,20929184,92.18060722351076,103.71283482249254,80.64837962452896,2.00797819308886,2.014640573707948,-0.0066623806190881,62.05419695615757,0.0057083725762052,-0.0305152316645239,0.0284377227662322,4
2023-09-20 00:00:00+05:30,94.96011226445457,95.94466504070206,93.08946799881755,93.87710571289062,15206482,92.6774227142334,103.55240997317452,81.80243545529227,1.8138051001879063,1.97447347900394,-0.1606683788160336,56.70258075383639,-0.0108921428663296,0.0223419247877865,0.0285270654234859,4
2023-09-21 00:00:00+05:30,94.0247924598454,94.61552263791305,92.64641703665974,92.8925552368164,12585171,93.10786972045898,103.24010058491824,82.97563885599972,1.5624654013885078,1.892071863480853,-0.3296064620923458,56.18544017598892,-0.0104876526454205,-0.0120898695748411,0.0286691252094474,4
2023-09-22 00:00:00+05:30,93.0402365439824,93.6309667022708,91.4649536180328,91.76031494140624,11754217,93.45721778869628,102.83306412474296,84.08137145264962,1.2574197972663512,1.7651414502379532,-0.507721652971602,44.2421849299759,-0.0121887086917101,-0.0503456541490855,0.0289203328597556,4
2023-09-25 00:00:00+05:30,92.05568019904936,92.49872592266358,90.92344305792928,91.66185760498048,11187855,93.84571952819825,102.13348748509422,85.55795157130227,0.9962402367461748,1.6113612075395978,-0.6151209707934229,29.77884488833311,-0.0010729838546069,-0.0287194764562979,0.0289431473008549,5
2023-09-26 00:00:00+05:30,92.0556869506836,93.33560859739536,91.4157261273277,92.0556869506836,10817622,94.19024772644045,101.47023009801536,86.91026535486552,0.81167579683067,1.4514241253978122,-0.6397483285671421,32.407539109279384,0.0042965455424255,-0.0300829732093478,0.0287515148151402,5
2023-09-27 00:00:00+05:30,92.05568070007126,92.15413447123902,90.92344355278888,91.46495056152344,8375033,94.43177795410156,100.93538080442568,87.92817510377745,0.6106998906751926,1.2832792784532885,-0.6725793877780957,35.36727507478311,-0.0064171634445205,-0.0256948180607997,0.0287488086299082,5
2023-09-28 00:00:00+05:30,91.56340300903976,92.49872508892425,89.84043574811696,90.38194274902344,12288222,94.47468528747558,100.85204814794275,88.0973224270084,0.359886806614071,1.098600784085445,-0.738713977471374,32.74538715387486,-0.0118406865783141,-0.0270270581037685,0.0287688419666974,5
2023-09-29 00:00:00+05:30,91.61263847311552,93.04023698842714,91.56340782988067,92.40027618408205,11588721,94.65279159545898,100.54809395767836,88.7574892332396,0.3202862107119983,0.9429378694107556,-0.6226516586987574,39.85439504393123,0.0223311579024494,0.0069742703377209,0.028272375806627,5
2023-10-03 00:00:00+05:30,92.5479597733712,92.5479597733712,89.98812409045858,90.28348541259766,15548573,94.41897315979004,100.62571703245698,88.21222928712311,0.116749315220602,0.7777001585727251,-0.6609508433521231,33.528727187272466,-0.0229089225584916,-0.0150375764619886,0.0287220239887729,5
2023-10-04 00:00:00+05:30,88.95433675093741,89.49584375156145,87.52673831153388,87.87133026123047,17453762,93.78050003051756,99.91916195747572,87.64183810355944,-0.2364700231249799,0.5748661222331841,-0.811336145358164,39.83742611213661,-0.026717567895652,-0.0454546245653979,0.0247492660849192,5
2023-10-05 00:00:00+05:30,88.26515423693192,88.7081999632756,87.13291708883654,87.28060150146484,9372979,93.16146354675293,99.30013203355928,87.02279505994657,-0.5576376676434194,0.3483653642578634,-0.9060030319012828,31.08713993164136,-0.0067226563887159,-0.0457481148174241,0.0200672368587715,5
2023-10-06 00:00:00+05:30,88.21593078610559,88.90512226403395,87.3298317496502,87.4775161743164,12869247,92.67225799560546,98.99190015074775,86.35261584046316,-0.7872016013532601,0.1212519711356387,-0.9084535724888988,20.38324272731046,0.0022561104009837,-0.0321350314716311,0.0201430021408028,5
2023-10-09 00:00:00+05:30,86.64064208137307,86.88678026910425,84.67153657952369,85.01612854003906,12795052,92.0477394104004,98.80909814119032,85.28638067961046,-1.154438436465952,-0.1338861103846794,-1.0205523260812728,20.11157743883713,-0.0281373745154416,-0.0799147789269817,0.0203436771098448,5
2023-10-10 00:00:00+05:30,85.55763950542094,87.72365265278178,85.16381688457122,87.42829132080078,12762654,91.57566261291504,98.2371071492864,84.91421807654368,-1.236580368228914,-0.3544249619535263,-0.8821554062753877,28.651742868125908,0.0283730019489854,-0.0316247659109367,0.0216380466534189,5
2023-10-11 00:00:00+05:30,87.82209914505592,88.26515237358767,87.03446148023464,87.23136901855469,15503178,91.04231719970704,97.2660204415738,84.81861395784027,-1.3025534002083816,-0.5440506496044974,-0.7585027506038842,30.088536032967625,-0.0022523864903584,-0.0072829356375196,0.0216426236652689,5
2023-10-12 00:00:00+05:30,87.8713338239713,89.05279413127366,87.52674186030323,87.96978759765625,12154040,90.84952926635742,97.2084837707231,84.49057476199174,-1.2804925739367974,-0.6913390344709576,-0.5891535394658398,35.02997776898209,0.0084650577815017,0.0078962115789249,0.0215711976259358,5
2023-10-13 00:00:00+05:30,87.37905661293851,88.4620631362554,86.83754959550939,87.52674102783203,11546230,90.5243984222412,96.86371345254904,84.18508339193338,-1.2839586891352042,-0.809862965403807,-0.4740957237313972,36.56254979385043,-0.0050363492049174,0.0005627143484221,0.0171501472000408,5
2023-10-16 00:00:00+05:30,87.62519024306465,88.11746659274479,87.03446012575668,87.82209777832031,10487993,90.08425521850586,95.83520718190456,84.33330325510715,-1.2484810763413492,-0.8975865875913154,-0.3508944887500338,37.96297757885286,0.0033744744408381,0.0330051401594904,0.0161390437496264,5
2023-10-17 00:00:00+05:30,88.31438497643573,89.20048401701555,87.87133921191679,88.11747741699219,10121691,89.77152023315429,95.21258741827472,84.33045304803387,-1.182894473188952,-0.9546481647108428,-0.2282463084781093,37.57767726974534,0.0033633862791284,0.0078828727609758,0.0146275632020154,5
2023-10-18 00:00:00+05:30,88.21592954291957,89.00357478901152,86.09913951664647,86.3945083618164,15854654,89.34570121765137,94.41344071346286,84.27796172183987,-1.2554735039161784,-1.01481323255191,-0.2406602713642684,35.07251116428901,-0.0195530910062518,-0.0095935747215004,0.0144041030069719,0
2023-10-19 00:00:00+05:30,86.000689664801,87.32983450565914,85.45919010599175,87.13292694091797,8686749,89.00849227905273,93.68942713895484,84.32755741915064,-1.2391248407238038,-1.0596755541862888,-0.179449286537515,40.23673658412448,0.0085470545883437,-0.0095130462354393,0.0145136364125524,0
2023-10-20 00:00:00+05:30,86.59141601182003,87.47751503675252,85.21304809697145,85.5576400756836,11025391,88.6417465209961,93.1888185661038,84.0946744758884,-1.3378588876918087,-1.115312220887393,-0.2225466668044158,28.87545611197108,-0.0180791225606655,-0.0224971354928238,0.0147677122831931,0
2023-10-23 00:00:00+05:30,85.36072759939785,85.50841202662669,81.71788512264378,82.0624771118164,16394075,88.1568546295166,93.32903260725156,82.98467665178165,-1.678784786135438,-1.228006733937002,-0.4507780521984359,26.610722813110485,-0.0408515587944617,-0.0655828181312895,0.0167559254999655,0
2023-10-25 00:00:00+05:30,82.70243612048151,84.03158091296659,81.81633708831085,82.8501205444336,14344290,87.71626777648926,93.12704287806211,82.30549267491641,-1.863928566232801,-1.355191100396162,-0.5087374658366388,34.25933189576824,0.0095980947728882,-0.0597765281867097,0.0170099528854035,0
2023-10-26 00:00:00+05:30,82.21015797291432,82.4070655263166,80.53642123436985,81.96401977539062,11702863,87.21168441772461,92.79792739163624,81.62544144381299,-2.0584289844523056,-1.4958386772073906,-0.562590307244915,33.63642383577225,-0.0106952260687145,-0.051282062603691,0.0170365597254269,0
2023-10-27 00:00:00+05:30,82.70243651698269,83.19471292482187,82.11170632988404,82.65320587158203,7823423,86.77109718322754,92.33481681592718,81.2073775505279,-2.132379663595316,-1.6231468744849755,-0.5092327891103401,35.58826881088153,0.0084083979541267,-0.0514124938368418,0.0171738962052178,0
2023-10-30 00:00:00+05:30,83.14547869680118,83.34239375837718,82.11170279180794,82.55474853515625,10725366,86.37973747253417,91.97507911541426,80.78439582965409,-2.173871753424009,-1.7332918502727823,-0.4405799031512269,41.43838742824144,-0.0011912101338059,-0.0350978771489139,0.0171898241433432,0
2023-10-31 00:00:00+05:30,83.14547869680118,83.63775508342887,82.40706411685963,82.55474853515625,9635615,85.8874610900879,90.96059386532517,80.81432831485063,-2.181606333735104,-1.822954746965247,-0.358651586769857,29.62965797558435,0.0,0.0059987395051344,0.0171389432572314,0
2023-11-01 00:00:00+05:30,82.70243714515608,82.85012157093796,81.32406169042844,81.61943054199219,6612710,85.45425834655762,90.42548025104745,80.4830364420678,-2.237416841026288,-1.9058471657774556,-0.3315696752488328,27.90704938752168,-0.0113296692166139,-0.0148544141439284,0.0160784250993029,0
2023-11-02 00:00:00+05:30,82.60397652884743,84.08080564136004,82.0624695163096,83.73621368408203,11759902,85.2475025177002,90.13877198328798,80.35623305211242,-2.0867852004634813,-1.9420347727146607,-0.1447504277488205,34.965050501875766,0.0259347943012269,0.021621608036646,0.0169820302212712,0
2023-11-03 00:00:00+05:30,84.47463048752842,84.52385361899682,83.2931626591642,83.58853149414062,7685817,85.06289901733399,89.90957080019014,80.21622723447784,-1.9567688453687,-1.9449815872454683,-0.0117872581232312,35.71429757514268,-0.0017636597529783,0.0113162655059237,0.0161231410920299,0
2023-11-06 00:00:00+05:30,84.67153923059334,86.14836840321996,83.93312464428003,85.50840759277344,11705948,84.96444358825684,89.68289142529835,80.24599575121533,-1.6794523103423271,-1.8918757318648405,0.2124234215225131,42.49204789878351,0.0229681759484838,0.0357781849018576,0.0169900051916386,0
2023-11-07 00:00:00+05:30,84.62231418105435,84.67154482801307,83.0962617753817,83.98236083984375,17638494,84.91275520324707,89.65142465594724,80.17408575054691,-1.5647783864346536,-1.826456262778803,0.2616778763441494,37.573971822616194,-0.017846745084967,0.0172929156713443,0.0173690521424682,0
2023-11-08 00:00:00+05:30,84.3761762406243,85.21305217236039,83.63776160312219,84.622314453125,18334392,84.77245635986328,89.3613205107077,80.18359220901887,-1.40605148104369,-1.7423753064317804,0.3363238253880904,44.303794364242286,0.007620095540082,0.0367912872117854,0.016382227741346,0
2023-11-09 00:00:00+05:30,84.76999613840098,86.14837158608675,84.67154235889669,85.80377960205078,14898986,84.70107688903809,89.17178690012834,80.23036687794784,-1.1714214836744503,-1.6281845418803145,0.4567630582058641,45.846145189164034,0.0139616265114119,0.0246914187661888,0.0154027368096925,0
2023-11-10 00:00:00+05:30,85.80377546767882,87.2806046237093,85.26226843918437,86.73909759521484,14776717,84.63954238891601,88.95189323939097,80.32719153844106,-0.8996327685182308,-1.482474187207898,0.5828414186896671,53.846142382971024,0.0109006619230758,0.0376913679993895,0.0156059123550677,0
2023-11-13 00:00:00+05:30,87.92056903304963,88.2651610146153,86.19760161367945,86.83755493164062,20080996,84.60508308410644,88.83042893995302,80.37973722825986,-0.6685865201935712,-1.3196966538050328,0.6511101336114615,69.95888185693029,0.0011350975414252,0.0155440543951788,0.0154850339180535,0
2023-11-15 00:00:00+05:30,88.0682455444822,88.36361439107465,86.88678518119596,87.03446960449219,16145878,84.56570167541504,88.67797006013522,80.45343329069486,-0.4642398671739016,-1.1486052964788065,0.6843654293049048,68.3983084791408,0.0022676211117018,0.0363422596617506,0.0154600947268176,0
2023-11-16 00:00:00+05:30,87.28060103573608,87.3790548064492,86.44373271736285,86.64064025878906,9828235,84.49185981750489,88.38266612900328,80.6010535060065,-0.3302653162638904,-0.9849373004358232,0.6546719841719328,71.49322917031915,-0.0045249812803225,0.0238509879894868,0.0154660544994767,0
2023-11-17 00:00:00+05:30,87.03446377525262,88.16670092930167,86.73909494844285,87.92056274414062,15173874,84.56816253662109,88.67019708975222,80.46612798348995,-0.1194337141124748,-0.8118365831711536,0.6924028690586788,72.96140279460077,0.0147727727026085,0.0246700454444694,0.0158063195343016,0
2023-11-20 00:00:00+05:30,88.31438486840344,90.08658294739516,88.16670795477236,88.954345703125,30213668,84.65923347473145,89.07025969527054,80.24820725419237,0.1295758252027923,-0.6235541014963645,0.7531299266991568,75.79369911574089,0.0117581476587316,0.0255392109132615,0.0153382000755639,0
2023-11-21 00:00:00+05:30,89.44661763234753,90.08657843501383,89.10202566523228,89.24971008300781,13384773,84.84383697509766,89.69976651450222,79.9879074356931,0.3467539524039438,-0.4294924907163028,0.7762464431202466,76.35663431664892,0.0033204041640479,0.0277777875398042,0.0152604139128166,0
2023-11-22 00:00:00+05:30,89.5942975212546,89.5942975212546,87.37905390122357,87.87133026123047,11701214,85.13427963256837,89.98462654795983,80.2839327171769,0.4029999186744248,-0.2629940088381572,0.6659939275125821,73.78273849084707,-0.0154440817846395,0.0096152784125782,0.0151035142689191,0
2023-11-23 00:00:00+05:30,88.11746707663589,88.9051122450658,86.7883224275088,88.4620590209961,13092010,85.41487655639648,90.35727955053486,80.4724735622581,0.4895983412474152,-0.1124755388210427,0.602073880068458,70.33895077221726,0.0067226563887159,0.0210226835439648,0.0116178759255297,0
2023-11-24 00:00:00+05:30,88.21592036037262,89.24970369931731,87.62519024306465,87.82209777832031,9598262,85.70778045654296,90.48051767266112,80.9350432404248,0.5008156006424542,0.0101826890716566,0.4906329115707976,67.47962869861814,-0.0072343019115561,-0.0011199310234951,0.0117664218262759,0
2023-11-28 00:00:00+05:30,88.16670654739056,89.98812773133717,88.01902212457505,89.54507446289062,19252753,86.0523738861084,90.89124835939644,81.21349941282037,0.641342184970199,0.1364145882513651,0.5049275967188339,66.94213288213572,0.0196189424775463,0.0066408083280957,0.0118811918165907,0
2023-11-29 00:00:00+05:30,90.08657518475768,90.77575909412292,89.49584504651014,89.79120635986328,22993584,86.41419677734375,91.2340465976264,81.5943469570611,0.7637670711966535,0.2618850848404228,0.5018819863562307,77.3146982197913,0.0027486927499809,0.0060672048833754,0.0118472031657755,0
2023-11-30 00:00:00+05:30,90.08657659738272,91.0711293470809,89.24970826244756,90.8742218017578,26327767,86.83017044067383,91.68344549530308,81.97689538604457,0.9373745008278008,0.3969829680378984,0.5403915327899023,78.22213466723056,0.0120614867067723,0.0341737348416157,0.011908612924282,0
2023-12-01 00:00:00+05:30,91.56340567320622,92.74486596759878,90.77576046925026,91.71109008789062,28208739,87.33475341796876,92.00182306732702,82.66768376861049,1.129468110961625,0.5434799966226438,0.5859881143389811,77.52284022894614,0.0092090833851479,0.0367279611491224,0.0118983770386338,0
2023-12-04 00:00:00+05:30,93.4832881871336,94.02479524815335,92.35105844207004,92.54796600341795,30750546,87.77534103393555,92.67019459509484,82.88048747277625,1.3338567034907527,0.7015553379962656,0.6323013654944871,77.31474705033163,0.0091251332278934,0.0538118348872358,0.0113098301576132,0
2023-12-05 00:00:00+05:30,92.64641386153136,95.35393397046396,91.95722992932872,94.27092742919922,34837108,88.30946083068848,93.59629947276277,83.0226221886142,1.6162337862640328,0.8844910276498191,0.7317427586142137,80.32120390155124,0.0186169561599831,0.0527762469868411,0.0107666169362967,0
2023-12-06 00:00:00+05:30,95.10779515539484,99.53828257733753,94.02478862122824,97.81531524658205,74817529,88.9248062133789,95.53752153375136,82.31209089300643,2.101793961490003,1.127951614417856,0.9738423470721472,84.54250824898565,0.0375978884905399,0.0893640837674003,0.0126595633291832,0
2023-12-07 00:00:00+05:30,98.25836939352035,98.79986890978078,96.63385582165604,97.42149353027344,22413672,89.5967628479004,96.79973640465224,82.39378929114854,2.426850554893249,1.3877314025129346,1.039119152380315,84.54254958194036,-0.0040261764256017,0.0720476236132012,0.0123873912551552,0
2023-12-08 00:00:00+05:30,97.61840865735836,98.79986897685734,94.81243476489216,96.58462524414062,25014086,90.19487838745115,97.64115860815586,82.74859816674648,2.58710938382373,1.6276069987750938,0.9595023850486362,78.57139981784606,-0.0085901812403723,0.0531400853656791,0.0116264085023524,0
2023-12-11 00:00:00+05:30,96.58463042255904,99.39060446546851,96.2400384368582,99.24292755126952,29721883,90.86683578491213,99.03517754270707,82.69849402711715,2.895243871060771,1.8811343732322292,1.0141094978285414,80.64514223098281,0.0275230379618849,0.072340450438471,0.0124812207129949,0
2023-12-12 00:00:00+05:30,99.63673680251232,100.91665840148926,97.47072372436524,98.4552764892578,40788275,91.45264472961426,100.0440890780034,82.86120038122513,3.040832984364528,2.113074095458689,0.9277588889058386,76.63812531349568,-0.0079365964048653,0.044386420863433,0.0128407619356294,0
2023-12-13 00:00:00+05:30,99.1444624663324,102.04889768963572,98.99678555778374,101.6550750732422,42797594,92.19352073669434,101.62386299621238,82.7631784771763,3.3754997495287427,2.3655592262727,1.0099405232560428,86.08244148940632,0.0325000213100157,0.0392552006501285,0.0140101749590956,0
2023-12-14 00:00:00+05:30,103.47649017673486,110.5160436819466,103.47649017673486,109.23612213134766,177834487,93.30360336303713,105.1055900097312,81.50161671634304,4.203991712631279,2.733245723544416,1.470745989086863,89.81129063009173,0.0745761788345868,0.1212733265827306,0.020126516861233,0
2023-12-15 00:00:00+05:30,109.53150125404112,111.59906067428092,107.71008003886656,109.72840881347656,69403738,94.45799179077147,107.91622836686518,80.99975521467779,4.8444570975380685,3.1554879983431463,1.6889690991949222,92.2200917539113,0.0045066290575288,0.1360856713593068,0.0200828574807711,0
2023-12-18 00:00:00+05:30,110.26990677269532,115.34035488106947,109.03921584889292,113.66661071777344,78649010,95.74529418945312,111.3282115501638,80.16237682874242,5.605197284944111,3.6454298556633393,1.959767429280772,92.83214215848577,0.0358904494003124,0.1453371391029607,0.0204260069745652,0
2023-12-19 00:00:00+05:30,113.66661323568113,114.74962728185083,108.49771124121108,109.33458709716795,35413677,96.76430625915528,113.12352337727675,80.40508914103378,5.791767373319999,4.074697359194672,1.7170700141253272,80.30534983318742,-0.0381116635153447,0.1105000259594737,0.023283319353099,0
2023-12-20 00:00:00+05:30,110.61450480595776,111.20523497952802,101.06434571720388,102.0981216430664,41617472,97.4067268371582,113.53085243099709,81.28260124331933,5.294669573021565,4.318691801960051,0.9759777710615144,64.61538155854194,-0.0661864250483734,0.0043583320311848,0.0286891747871598,0
2023-12-21 00:00:00+05:30,102.24580531246283,108.20235267171952,100.57206858106495,107.31625366210938,52112170,98.37897300720216,114.42699276383372,82.33095325057057,5.261128613360725,4.507179164240186,0.7539494491205394,68.23935556060471,0.0511089913807178,-0.0175753993439073,0.0302382360527053,0
2023-12-22 00:00:00+05:30,108.79308743698898,111.74674591944115,107.80853460950492,111.00833129882812,56223938,99.50628662109376,115.78703886148011,83.22553438070739,5.46941891383922,4.699627114159993,0.7697917996792274,70.22653608060932,0.0344037134239092,0.0116644586319232,0.0301591439048371,0
2023-12-26 00:00:00+05:30,111.89442087415682,113.12511180433552,109.5807234277291,111.79596710205078,37093574,100.70498008728028,116.8935231515254,84.51643702303514,5.633111106051373,4.88632391253827,0.7467871935131036,69.60352280043449,0.0070952854980081,-0.0164572833122238,0.0301562248691545,0
2023-12-27 00:00:00+05:30,113.37124940298564,116.37413075013872,113.22356498982109,113.66661071777344,87756029,101.91105690002442,118.19275699598384,85.62935680406501,5.846390107972638,5.078337151625144,0.7680529563474945,68.4210479651351,0.0167326573955488,0.0396217129055007,0.0298581398562798,0
2023-12-28 00:00:00+05:30,114.60194616885845,121.93686144401669,114.30657732747233,120.95230865478516,112886813,103.4691120147705,120.79765935893931,86.14056467060169,6.528058789832443,5.368281479266604,1.1597773105658389,73.57002056796438,0.0640970808490244,0.1846673250036148,0.0318765436543114,0
2023-12-29 00:00:00+05:30,121.39536011858424,123.80751141185262,118.9832013137743,121.73995208740234,65438649,105.01239852905272,123.09921140013444,86.92558565797103,7.050567816799386,5.704738746773161,1.345829070026225,75.22211140429668,0.0065120165243413,0.1344036707683322,0.0318153226885621,0
2024-01-01 00:00:00+05:30,121.73995151539512,124.93974801796313,120.7553987453742,122.7737274169922,37525817,106.5655303955078,125.17043311628716,87.96062767472846,7.462059042945341,6.056202806007597,1.405856236937744,74.38774617815302,0.008491668608902,0.1059866046134165,0.0318417899133645,0
2024-01-02 00:00:00+05:30,122.72450441934215,122.72450441934215,118.39247072421438,121.09999084472656,38718627,107.99313163757324,126.4503307629037,89.53593251224278,7.5658972964921105,6.358141704104501,1.2077555923876098,73.04610108490498,-0.0136326933088941,0.0832232502106518,0.0324309940636812,0
2024-01-03 00:00:00+05:30,120.5092580975548,120.80461941561832,116.86640841577366,117.2602310180664,30459539,109.1425968170166,126.84973951195028,91.43545412208292,7.254725374534573,6.537458438190515,0.7172669363440578,65.67754642216202,-0.0317073502638284,0.0316154434235369,0.03391679391361,0
2024-01-04 00:00:00+05:30,117.40791459167822,118.83551306427708,116.42336184877108,116.8171844482422,21439561,110.0926902770996,127.27203664273436,92.91334391146486,6.892912029829347,6.608549156518282,0.284362873311065,58.89146376884995,-0.0037783190940153,-0.0341880552139371,0.0340461832139132,0
2024-01-05 00:00:00+05:30,117.65406054066608,118.88475155050568,113.91275686613696,115.14344787597656,22784093,110.97878799438476,127.20816204204029,94.74941394672923,6.397370884710568,6.566313502156739,-0.168942617446171,56.179777041835735,-0.0143278283941794,-0.0541852045965146,0.0338888292647563,0
2024-01-08 00:00:00+05:30,115.29112895632974,115.78340534599089,112.23901684273902,112.53438568115234,21830246,111.77627601623536,126.52771116055835,97.02484087191236,5.728091568751637,6.39866911547572,-0.6705775467240827,48.66745121434584,-0.0226592328348069,-0.0834001048209821,0.0344677770403183,0
2024-01-09 00:00:00+05:30,113.42047346244192,114.79884881070402,111.99287498374912,112.43592071533205,16993314,112.43592567443848,125.9560513226788,98.91580002619816,5.130595280413502,6.145054348463277,-1.0144590680497751,54.05404381141433,-0.0008749767035588,-0.071544762877014,0.0343290650940508,0
2024-01-10 00:00:00+05:30,112.2390208008921,113.86353444637128,110.46682273099812,113.2728042602539,20963866,113.17680206298829,124.9870063573224,101.36659776865416,4.670763026405439,5.850196084051709,-1.1794330576462704,67.54250982470043,0.0074432044456744,-0.0340049369099243,0.0340311853641618,0
2024-01-11 00:00:00+05:30,114.15888579793292,114.74962344391903,111.25445825517966,111.74673461914062,16565652,113.6813850402832,124.21191425624686,103.15085582431956,4.135529773103428,5.507262821862054,-1.3717330487586257,57.86711448819701,-0.0134725157647461,-0.0434049994703314,0.034172714104959,0
2024-01-12 00:00:00+05:30,112.23901544822893,114.55271294858149,111.8944234820558,113.12511444091795,19498240,113.87583465576172,124.20239803214022,103.54927127938322,3.77901516130656,5.161613289750956,-1.3825981284443951,54.09522375678783,0.0123348554790005,-0.0175288604978425,0.0336884364177628,0
2024-01-15 00:00:00+05:30,114.20811963209884,114.50348846335012,112.0421065747273,112.87897491455078,16054366,114.03336296081542,124.18823073759847,103.87849518403236,3.436993834732064,4.816689398747178,-1.3796955640151136,52.14007453595937,-0.0021758168164837,0.003062079481864,0.0297712951165833,0
2024-01-16 00:00:00+05:30,113.27280514873505,118.09710796615236,112.23902168126452,117.70329284667967,63560474,114.23519706726074,124.51901676472866,103.95137736979282,3.5147062619477225,4.556292771387287,-1.0415865094395649,57.14287257159396,0.0427388531458663,0.0468477698037774,0.03107369954225,0
2024-01-17 00:00:00+05:30,116.0295463471164,116.0295463471164,110.76219035265407,111.35292053222656,59898451,114.33611373901368,124.45574923702934,104.216478240998,3.028956027280572,4.250825422565944,-1.2218693952853723,32.43246639481116,-0.0539523760199734,-0.0169492027725935,0.0325835167720022,0
2024-01-18 00:00:00+05:30,111.35291881118182,112.28824846662862,105.83942470115112,111.30369567871094,39166751,114.7963924407959,123.27699987306237,106.31578500852945,2.6099376952548567,3.922647877103727,-1.3127101818488702,30.370409062639283,-0.0004420616296397,-0.0039646701260638,0.0314240579654961,0
2024-01-19 00:00:00+05:30,112.53438607177372,113.07588559535564,111.74674084096524,112.33747100830078,14431734,115.04745330810547,122.86721940740593,107.22768720880504,2.334370507620733,3.604992403207128,-1.2706218955863957,30.370409062639283,0.0092878796457391,-0.0069625868359103,0.0273718247465561,0
2024-01-23 00:00:00+05:30,113.12511713882212,113.12511713882212,106.33170138157952,107.11934661865234,29014770,114.85300407409667,123.26653556566669,106.43947258252666,1.6756071414098272,3.219115350847668,-1.543508209437841,26.79742699968827,-0.0464504349511558,-0.0510248104242483,0.0274187007105404,0
2024-01-24 00:00:00+05:30,108.15312512030565,113.71585002195648,107.31625673067754,113.2728042602539,37267385,114.92684593200684,123.25287596800854,106.60081589600514,1.6312608727238285,2.9015444552229006,-1.270283582499072,43.85435103574363,0.0574448765404445,-0.0376411609163469,0.0292526002165305,0
2024-01-25 00:00:00+05:30,114.10966522280722,118.09709935322512,112.23901349557272,117.2602310180664,62850007,115.10652694702148,123.4730514041212,106.74000248992176,1.8960121030349344,2.7004379847853075,-0.8044258817503733,50.615591507845664,0.0352019779491912,0.0530503417207652,0.0301568171737947,0
2024-01-29 00:00:00+05:30,118.63860900013948,119.77084619000098,116.177227070676,118.5893783569336,45734036,114.9883804321289,123.06918149680334,106.90757936745447,2.1878601526409227,2.597922418356431,-0.4100622657155082,54.83424335178486,0.0113350223458319,0.0654576888376958,0.0300541099707019,0
2024-01-30 00:00:00+05:30,119.8200733384306,122.92141617583016,118.78629740032524,119.32779693603516,54176726,114.86777267456054,122.58825512371897,107.14729022540212,2.450488338526739,2.5684356023904926,-0.1179472638637535,60.0582921103,0.0062266839520741,0.0622261286905581,0.0265699233747448,0
2024-01-31 00:00:00+05:30,119.62316660978357,122.37991748688914,118.8355213558843,120.60771942138672,28514173,114.75947227478028,122.06247919207917,107.4564653574814,2.7304274477983483,2.600833971472064,0.1295934763262844,61.69014385800701,0.0107261050502562,0.1259191101188597,0.0266398246787768,0
2024-02-01 00:00:00+05:30,121.59226422261716,121.59226422261716,116.8664080336398,117.45714569091795,23393545,114.57733001708984,121.37899889504868,107.77566113913102,2.667309159494579,2.614129009076567,0.0531801504180116,55.61425210320765,-0.0261224882253272,0.0369403888072743,0.0271472229983753,0
2024-02-02 00:00:00+05:30,118.6386154510518,127.64726779349564,117.94943147794464,126.31813049316406,115557246,115.03022499084472,123.56860871116768,106.49184127052176,3.2943200100398258,2.750167209269219,0.5441528007706067,66.33554835348039,0.0754401509599362,0.0772461336333381,0.031764486275432,0
2024-02-05 00:00:00+05:30,127.99185882158169,136.26209599774302,127.99185882158169,133.20999145507812,130644925,115.84986534118651,127.63896344652385,104.06076723584924,4.297803801473933,3.059694527710162,1.2381092737637704,70.03928897714839,0.05455955479239,0.1232877117724573,0.0326861269124412,0
2024-02-06 00:00:00+05:30,135.12986590198634,144.43388645127703,131.733161894859,143.25242614746094,121450085,117.25531425476076,134.2448716808299,100.2657568286916,5.836137131460248,3.61498304846018,2.2211540830000684,75.34921552024832,0.0753879989232593,0.2004950214931933,0.0358428342080331,0
2024-02-07 00:00:00+05:30,146.10761805631913,147.68290842205397,140.4464399001404,141.2340850830078,100793018,118.69029922485352,138.59837581297916,98.78222263672788,6.813868092758568,4.254760057319857,2.559108035438711,70.60343012399622,-0.0140894023140347,0.1710202776453755,0.0358346584651175,0
2024-02-08 00:00:00+05:30,142.02174061902727,143.64624672086077,135.86828565286493,136.90206909179688,34821242,119.91360664367676,141.16496637310723,98.66224691424628,7.156671780029512,4.835142401861789,2.321529378167724,73.19036025901798,-0.0306725957028353,0.1655490884483703,0.0362443454378474,0
2024-02-09 00:00:00+05:30,137.0989815942347,137.44358109401034,127.45036085444016,131.58547973632812,53110476,120.82924041748046,142.45067734427317,99.20780349068774,6.919577264149936,5.252029374319418,1.6675478898305176,66.8026108772055,-0.0388349817554899,0.0416990753631294,0.0377296772326875,0
2024-02-12 00:00:00+05:30,132.17620806101627,133.89917539142056,119.13088398795506,120.85385131835938,54452795,121.2845962524414,142.48004142149134,100.08915108339146,5.798879552963001,5.361399410048136,0.4374801429148656,56.0787064290277,-0.0815563270314693,-0.0927568570626743,0.0425126980180235,0
2024-02-13 00:00:00+05:30,118.195561589919,119.77084450024282,114.5034887478125,116.029541015625,65167883,121.42981758117676,142.4287620810444,100.43087308130912,4.469910671866671,5.183101662411842,-0.7131909905451712,56.39575351718607,-0.0399185483135818,-0.1900343740343587,0.0434362191390464,0
2024-02-14 00:00:00+05:30,115.29112624075232,121.78917292891543,114.20811971131538,121.0507583618164,44986596,121.83840675354004,142.45126582825824,101.22554767882184,3.7783095342723527,4.902143236783945,-1.1238337025115923,55.675278110182354,0.0432753357657014,-0.1429069102499515,0.0442960069612751,0
2024-02-15 00:00:00+05:30,122.08455055798024,124.93975525882205,121.34613593766989,123.8075180053711,41215523,122.14361801147462,142.67929920670363,101.6079368162456,3.413311582830758,4.604376905993307,-1.1910653231625492,54.86467372289602,0.0227735842456668,-0.095649037105827,0.0444518214750539,0
2024-02-16 00:00:00+05:30,125.13665498265328,129.37022736703707,125.0382012084195,125.4812469482422,52165364,122.85003433227538,142.7860509047077,102.91401775984303,3.2219632279094697,4.32789417037654,-1.1059309424670705,55.09461284470644,0.0135187989375449,-0.046389866118341,0.0436734807414721,0
2024-02-19 00:00:00+05:30,126.6134993453768,128.38568241248558,123.85674842986424,126.31813049316406,29556961,123.60075607299804,142.82410090887765,104.37741123711848,3.102088836863388,4.08273310367391,-0.980644266810522,55.159888705886615,0.0066693913654449,0.0452139432479516,0.0416089405286049,0
2024-02-20 00:00:00+05:30,128.00501111017724,130.3864936325326,125.32583948725332,129.3446044921875,35081976,124.45111274719238,143.07180729850418,105.83041819588058,3.21424683996176,3.90903585093148,-0.6947890109697203,56.28699403264232,0.0239591417891291,0.1147558058061217,0.0417357651654356,0
2024-02-21 00:00:00+05:30,129.64228109428936,133.16490271711328,128.00501371943304,129.1957550048828,78653013,125.5549331665039,142.38048944341236,108.72937688959544,3.253616292519254,3.7779519392490353,-0.5243356467297811,58.82840125458762,-0.0011507978078334,0.0672857960849886,0.0417818933680395,0
2024-02-22 00:00:00+05:30,130.4857320884774,131.1803299154818,124.6808550267879,128.30270385742188,59343469,126.30642814636232,142.13529280848005,110.47756348424456,3.1761425094831424,3.657590053295857,-0.4814475438127146,51.69580651630093,-0.0069123876974687,0.0363078585571496,0.0400851088622664,0
2024-02-23 00:00:00+05:30,129.39420838295337,130.2872756961042,126.11966608747572,127.01272583007812,23535334,126.79405288696287,142.03966422797993,111.54844154594583,2.976344090285167,3.5213408606937198,-0.5449967704085523,44.14382848596949,-0.010054176479221,0.0122048427082306,0.0387224887607742,0
2024-02-26 00:00:00+05:30,127.01272831209408,127.01272831209408,122.7955088173566,123.24203491210938,23550719,127.02668571472168,141.88215747938133,112.17121395006204,2.485092559391404,3.314091200433257,-0.8289986410418524,28.548275177294755,-0.0296875048805211,-0.0243519720331925,0.038879433848534,0
2024-02-27 00:00:00+05:30,123.53972108734852,125.3258405650235,123.24203198421988,124.38316345214844,17548565,127.27945404052734,141.75041539084157,112.8084926902131,2.162918935139956,3.083856747374597,-0.9209378122346408,31.58904674133686,0.0092592477952255,-0.0383583146704719,0.0388600554049372,0
2024-02-28 00:00:00+05:30,124.53201203081888,125.72275334074271,120.21556531915918,120.8109359741211,22958071,127.28961486816408,141.74112398411302,112.83810575221511,1.600891038289603,2.787263605557598,-1.1863725672679948,32.12236049937096,-0.0287195419290137,-0.0649001124723085,0.0394581838155023,0
2024-02-29 00:00:00+05:30,120.41401942178032,122.84512698259265,119.52095965598292,120.26517486572266,48476583,127.4300163269043,141.52958784367678,113.3304448101318,1.098775520277755,2.4495659885016297,-1.3507904682238747,35.93145874779718,-0.0045174810044956,-0.0626450476104621,0.0394168055661852,0
2024-03-01 00:00:00+05:30,122.05129718063468,134.70295603472488,122.05129718063468,131.9741668701172,140528760,127.71281814575195,141.94475837092304,113.48087792058088,1.6269091572825405,2.285034622257812,-0.6581254649752717,63.49223657794784,0.0973597886293164,0.0390625506823358,0.0441564748241211,0
2024-03-04 00:00:00+05:30,137.1340472868992,143.88160127128933,131.97415840745848,140.55743408203125,122158785,128.0801902770996,143.25752504569752,112.90285550850167,2.7068538737519816,2.369398472556646,0.3374554011953354,77.27199619692517,0.0650374797998256,0.1404991339381116,0.0433959776006172,0
2024-03-05 00:00:00+05:30,140.2101477239706,141.54972600901695,137.6798129974202,139.16824340820312,46101452,127.87598114013672,142.28419322996388,113.46776905030956,3.4112984397545745,2.577778465996232,0.8335199737583423,71.91437769662213,-0.0098834379191737,0.1188672127778986,0.0420468726283571,0
2024-03-06 00:00:00+05:30,138.7217084439425,140.9047365452983,132.1726089987789,137.9774932861328,60977883,127.71315155029296,141.5479290209811,113.87837407960484,3.829349888397658,2.828092750476517,1.001257137921141,67.81446886843904,-0.0085561913616861,0.1420943987694041,0.0386669868671113,0
2024-03-07 00:00:00+05:30,138.42402621854254,142.14510219215927,137.28290230973883,137.87826538085938,69331029,127.7619613647461,141.7393924745972,113.784530254895,4.105328143313898,3.083539829043993,1.0217883142699042,66.22796259573576,-0.0007191600811855,0.1464521257695914,0.0385519888081936,0
2024-03-11 00:00:00+05:30,138.67209005071302,139.51553994645812,132.47029711463463,133.26412963867188,36011903,127.84589385986328,141.93967320244482,113.75211451728174,3.906686851996113,3.248169233634417,0.6585176183616959,58.27422304138084,-0.0334652871461788,0.0097743581122524,0.0386661228651761,0
2024-03-12 00:00:00+05:30,133.51220182148714,134.2564169764106,127.50886321021872,128.7492218017578,33809481,128.2406623840332,141.94678798701543,114.534536781051,3.3463719746343656,3.267809781834407,0.0785621927999584,49.31505622932126,-0.0338793931206817,-0.0840098736675998,0.038435394367676,0
2024-03-13 00:00:00+05:30,128.99729956705917,129.4438256527258,116.44486851815488,117.78445434570312,54001247,128.32840805053712,141.72433626842624,114.932479832648,1.9945612397553132,3.0131600734185886,-1.0185988336632752,39.48811245350234,-0.0851637571288604,-0.1536542284275146,0.0388226349385884,0
2024-03-14 00:00:00+05:30,118.18136850285964,122.54743238535438,117.68522505190678,120.56285858154295,34792279,128.30401306152345,141.75739778252336,114.85062834052354,1.1343593068571778,2.6373999201063065,-1.5030406132491287,43.109532859885135,0.0235888874408254,-0.1262135895488113,0.0380657313122423,0
2024-03-15 00:00:00+05:30,120.16594375786602,123.44049360191954,117.6356166697777,120.76131439208984,38312218,128.15170288085938,141.88548205752377,114.417923704195,0.4633159846944892,2.202583133023943,-1.739267148329454,44.324319082454046,0.0016460775141013,-0.1241453897138,0.0369029115053866,0
2024-03-18 00:00:00+05:30,121.05900069285444,125.62351887699998,120.5132398746264,124.97853088378906,31290052,128.1265670776367,141.88274715643402,114.3703869988394,0.2687059682673265,1.81580770007262,-1.547101731805293,51.56389138689598,0.0349219161196499,-0.0621742608258359,0.0373614290455718,0
2024-03-19 00:00:00+05:30,125.77236894219553,126.51658414303692,121.10862337847551,121.60476684570312,26647871,127.89089889526367,141.9359914995785,113.8458062909488,-0.1559606170800975,1.4214540366420765,-1.577414653722174,47.59450630341468,-0.0269947487318683,-0.0554912476834648,0.0377326394033666,0
2024-03-20 00:00:00+05:30,122.64666405797178,124.63123793454268,119.12404996938756,122.69628143310548,23242684,127.55848274230956,141.77239553664555,113.34456994797358,-0.3998268850429411,1.0571978523050731,-1.4570247373480143,51.70556662004672,0.0089759194126599,0.0417018282649244,0.0377588840248605,0
2024-03-21 00:00:00+05:30,126.36774511405272,131.08111582935044,126.02044618591782,128.00502014160156,82318813,127.4989459991455,141.69394584605334,113.30394615223769,-0.1628446409167736,0.8131893536607038,-0.9760339945774774,56.446289845741774,0.0432673154107807,0.0617284763120067,0.038615045656717,0
2024-03-22 00:00:00+05:30,126.91349818299864,131.0811077762216,125.22660588197446,128.99729919433594,35650313,127.5336757659912,141.7403495911143,113.3270019408681,0.1038371516043668,0.6713189132494364,-0.5674817616450696,46.98188188541263,0.0077518760720221,0.0682005230210178,0.0386482454326073,0
2024-03-26 00:00:00+05:30,128.00501670638704,131.4780210356301,127.36003624453797,129.59268188476562,27547560,127.66267356872558,141.89625742243723,113.42908971501392,0.3590874640514556,0.6088726234098403,-0.2497851593583846,36.73471120759677,0.0046154663248625,0.0369195490485243,0.0386175981491096,0
2024-03-27 00:00:00+05:30,129.98958634693955,133.85949927334866,129.98958634693955,132.619140625,34505131,128.13152885437012,142.36975637004124,113.893301338699,0.7964046457987877,0.6463790278876298,0.1500256179111578,42.37873869778608,0.0233536238020408,0.0905751810969084,0.0388192499957436,0
2024-03-28 00:00:00+05:30,133.76028416728778,135.64562331978232,132.1230016117135,133.2145233154297,32144564,128.57309684753417,142.86951360061138,114.27668009445696,1.1774511464521993,0.7525934516005437,0.4248576948516556,44.37939759478709,0.0044894174975331,0.0857258407465169,0.0381001702843138,0
2024-04-01 00:00:00+05:30,134.55411139162683,140.1109090169766,134.55411139162683,139.6643829345703,44340181,129.51576919555663,144.1397123560698,114.89182603504348,1.9770923214659035,0.9974932255736156,0.9795990958922878,51.8329957716841,0.048417090408892,0.0910851994716375,0.0392896008606144,0
2024-04-02 00:00:00+05:30,139.66438214859016,149.48801647063138,138.47364088850887,146.70962524414062,109998430,130.83799171447754,146.67215452778822,115.00382890116684,3.1430744824655505,1.4266094769520028,1.7164650055135475,63.14259191092026,0.0504440871862861,0.1373077278394865,0.0395621034025476,0
2024-04-03 00:00:00+05:30,145.86617403359713,152.11758452039916,145.12195885995632,147.05691528320312,84535270,131.59212913513184,149.01148621283068,114.172772057433,4.048478805653019,1.9509833426922063,2.097495462960813,69.48258845743024,0.0023671932804993,0.1347624969592555,0.0394639036507037,0
2024-04-04 00:00:00+05:30,148.54535591088532,148.84304502916316,142.64125148628136,144.82427978515625,39242074,131.8054714202881,149.78273380875572,113.82820903182044,4.533602679466782,2.4675072100471214,2.0660954694196603,85.3437519446142,-0.0151821183910137,0.0920315054270186,0.0343718304472536,0
2024-04-05 00:00:00+05:30,143.7823659192396,146.36231791865103,141.89702686350574,145.0723419189453,27927587,132.1006763458252,150.76767986424326,113.43367282740716,4.881808931110669,2.950367554259831,1.931441376850838,84.30559539326781,0.0017128490758391,0.0890129567587634,0.031499208465698,0
2024-04-08 00:00:00+05:30,146.16387204168717,147.25537861157602,144.17929812432848,145.1715850830078,17159687,132.46038093566895,151.8668083935515,113.0539534777864,5.106903780316884,3.381674799471241,1.7252289808456425,84.2618854203098,0.0006840943128769,0.0394316863950738,0.0313843071420148,0
2024-04-09 00:00:00+05:30,145.81656088316814,152.26642590816996,143.68315004672166,150.18263244628906,73641695,133.07559928894042,153.93124162038268,112.21995695749816,5.624803479981608,3.830300535573315,1.7945029444082934,84.60495144174727,0.0345181004975316,0.0236726608521355,0.0320273198502489,0
2024-04-10 00:00:00+05:30,151.81990471855983,154.30062211592193,151.37337861525415,151.86952209472656,60992105,134.00586891174316,156.4929065361911,111.51883128729524,6.101031723981947,4.284446773255041,1.8165849507269056,93.57145461886668,0.0112322551613335,0.0327261509753233,0.032035370580319,0
2024-04-12 00:00:00+05:30,151.96873583656256,155.39213782558008,150.33146847397776,154.1517791748047,73596074,135.2759967803955,159.32803884610092,111.22395471469008,6.586677987361867,4.744893016076407,1.84178497128546,93.78455535196306,0.0150277491401771,0.0644056328364661,0.0308412635778465,0
2024-04-15 00:00:00+05:30,151.72067052663888,156.18596185838416,145.3700400223735,149.88494873046875,89754583,136.8810214996338,160.29412529404448,113.46791770522312,6.5517342780702,5.106261268475166,1.445473009595034,81.36560124349194,-0.02767941094924,0.0331738410496766,0.0304533943127635,0
2024-04-16 00:00:00+05:30,148.34689185218497,151.2741351849285,147.25537020352292,148.1484375,30401301,138.26030044555665,160.8618737639082,115.6587271272051,6.311167977156771,5.347242610211487,0.9639253669452836,76.88022976147897,-0.0115856278110448,0.0205057512824569,0.022401546808757,0
2024-04-18 00:00:00+05:30,148.84304027993556,150.43070543269368,142.88931866873813,143.6831512451172,31187482,139.406392288208,160.54936459763616,118.26341997877984,5.694562792551267,5.416706646679444,0.2778561458718229,67.83920025129308,-0.030140623352054,-0.043277182556354,0.0239338491276145,0
2024-04-19 00:00:00+05:30,141.79779480785334,146.3623206961727,139.71400136056593,144.9235076904297,34742999,140.40364112854004,160.538739280418,120.26854297666212,5.245518073269267,5.382468931997409,-0.1369508587281425,66.31580566042088,0.0086325810268212,-0.045736723922555,0.0238799870424324,0
2024-04-22 00:00:00+05:30,147.10653411398562,149.93455785828166,145.9654102262011,147.25537109375,27095176,141.6861713409424,159.96129793900397,123.41104474288082,5.019942019700466,5.309963549538021,-0.2900215298375554,67.79874048389898,0.0160903047440819,-0.0447377780390995,0.0232015177406632,0
2024-04-23 00:00:00+05:30,148.54534891913286,151.77028140963984,147.2553728947107,151.07568359375,39973475,143.10514144897462,159.4802425486459,126.73004034930337,5.090755601437735,5.266121959917964,-0.1753663584802289,65.49866100535058,0.0259434509697293,0.0079443257869906,0.0220454338045103,0
2024-04-24 00:00:00+05:30,151.9191335817383,164.6700114252324,150.38108582677685,163.38003540039062,176471110,144.87389221191407,162.00602129047934,127.7417631333488,6.069765752884848,5.426850718511341,0.642915034373507,69.81132212330068,0.0814449520528242,0.1028130850208299,0.0269109574133442,0
2024-04-25 00:00:00+05:30,163.52888213947782,165.95998198639558,161.04816491995024,163.67771911621094,59808767,146.6079132080078,163.99243685305674,129.22338956295886,6.791372227754891,5.699755020360051,1.0916172073948402,69.77568598288842,0.0018220323865814,0.1391573590767361,0.0261719967102826,0
2024-04-26 00:00:00+05:30,164.12425648598216,169.18492601863844,162.38775431277034,167.24996948242188,91168616,148.49077758789062,166.26850298278328,130.71305219299796,7.564304711892021,6.072664958666445,1.4916397532255754,75.85812542182266,0.0218249031419763,0.1540568686736703,0.0262353705511507,0
2024-04-29 00:00:00+05:30,168.58953901592164,168.8872281154871,163.08235880889544,163.5288848876953,30478737,150.0362648010254,167.37311886996355,132.69941073208724,7.786837035646442,6.4154993740624455,1.371337661583997,69.70338582713079,-0.0222486413973166,0.110512191664539,0.0272864291672517,0
2024-04-30 00:00:00+05:30,164.5211672571193,167.39879314437087,161.7923783449994,162.93350219726562,40651688,151.5222137451172,167.85363504752283,135.19079244271157,7.824951923275677,6.697389883905092,1.1275620393705852,68.76307440754337,-0.0036408411323698,0.0784892599619266,0.0273351130317009,0
2024-05-02 00:00:00+05:30,164.12425652532977,166.9522804073917,162.33815211676156,164.1738739013672,44264557,152.74768829345703,169.01077775297455,136.48459883393951,7.864587803958784,6.93082946791583,0.9337583360429544,66.05920747978348,0.0076127480682262,0.0048588464253367,0.0273109817383141,0
2024-05-03 00:00:00+05:30,165.81115198652128,169.63144758068307,163.3304346626122,166.6545867919922,71734933,153.74493637084962,170.8721502964498,136.61772244524943,8.003908250994442,7.145445224531553,0.8584630264628892,66.66664373245963,0.015110278095255,0.0181873726726828,0.0259213789564962,0
2024-05-06 00:00:00+05:30,167.20035245087635,167.5476589426732,157.07902850580834,161.64353942871094,44387249,154.474267578125,171.6445708525933,137.3039643036567,7.622108147743631,7.240777809173969,0.3813303385696622,57.95573127653369,-0.0300684635193133,-0.0335212620430414,0.0253968473355019,0
2024-05-07 00:00:00+05:30,161.7427741349297,161.7427741349297,154.05255021133644,154.9456024169922,33767901,154.9803337097168,171.53880794394613,138.42185947548748,6.701807015797527,7.132983650498681,-0.4311766347011536,55.11020716327301,-0.0414364659137689,-0.0524878676730277,0.0273419922584174,0
2024-05-08 00:00:00+05:30,154.79676587908415,160.651252891149,153.9037136708361,159.11322021484375,26121298,155.68237762451173,171.65224869118316,139.7125065578403,6.2368590357162645,6.953758727542198,-0.7168996918259332,60.55396771777285,0.0268972964242999,-0.0234468782104531,0.0274965388101562,0
2024-05-09 00:00:00+05:30,159.75820039011853,160.00627212985472,150.92685251194845,151.86952209472656,20993230,156.01727447509765,171.32632032792495,140.70822862227035,5.223663371817452,6.607739656397249,-1.3840762845797974,57.47959813028868,-0.0455254322069299,-0.0749470760130376,0.0296161624496227,0
2024-05-10 00:00:00+05:30,153.7548627751504,156.7317236813144,150.52993012680608,155.6898193359375,18485806,156.2926338195801,171.3559418177785,141.22932582138168,4.675073234194798,6.221206371956759,-1.5461331377619612,59.39393132499803,0.0251551278262933,-0.0657933733905579,0.0300159011332319,0
2024-05-13 00:00:00+05:30,156.13635793702997,156.6325014129772,149.83532973606134,155.8386688232422,20953744,156.4910911560059,171.41295704667314,141.5692252653386,4.203862991635049,5.817737695892418,-1.613874704257369,57.78578465744429,0.0009560643588615,-0.0359115534464576,0.0291781880184529,0
2024-05-14 00:00:00+05:30,156.78133343564554,165.36460924134818,156.78133343564554,163.38003540039062,39072871,156.95250396728517,172.13817605430697,141.76683188026337,4.388364403286602,5.531863037371254,-1.1434986340846525,60.45530029727885,0.0483921393457367,0.054434800677334,0.030835414366594,0
2024-05-15 00:00:00+05:30,163.7273357914901,167.39879423253458,163.7273357914901,165.1165313720703,24990811,157.71408309936524,172.93507259234988,142.4930936063806,4.621430835759696,5.349776597048942,-0.7283457612892459,51.79855341957944,0.0106285689522842,0.0377298074234218,0.030771145158365,0
2024-05-16 00:00:00+05:30,167.15073261606798,167.44842172735827,160.35357613727498,162.33815002441406,20715081,158.42356872558594,173.0795249249556,143.76761252621628,4.529729604570747,5.185767198553303,-0.656037593982556,48.68037033206747,-0.0168267909007578,0.0689317236618274,0.0303049826203883,0
2024-05-17 00:00:00+05:30,162.735060054171,167.6964948119201,162.735060054171,165.61268615722656,24968544,159.5200454711914,172.74398130089912,146.29610964148367,4.66747961802804,5.08210968244825,-0.4146300644202103,48.37757095150268,0.0201710819811611,0.0637348470414636,0.0302681122789293,0
2024-05-21 00:00:00+05:30,168.83761651053484,173.74944896844056,165.16615786671312,173.00523376464844,66484390,160.92413177490235,173.57329647038188,148.27496707942282,5.3119316642857655,5.128074078815754,0.1838575854700117,58.75344687707722,0.0446375684070703,0.1101560034555813,0.0302330019379914,0
2024-05-22 00:00:00+05:30,173.65021323040338,173.99751971330298,165.81115251815538,167.74610900878906,53954827,161.94866867065429,173.17567870894462,150.72165863236395,5.336778082803306,5.169814879613265,0.1669632031900416,54.09284108696031,-0.0303986454133159,0.0267234218532186,0.0314521011508612,0
2024-05-23 00:00:00+05:30,167.44841033253434,168.6391515555687,165.21576486143388,167.99417114257812,24560357,162.7945930480957,173.0823667626392,152.5068193335522,5.315215098493354,5.1988949233892825,0.1163201751040716,53.30471683793006,0.0014787951580805,0.0174279325431285,0.0314130977721399,0
2024-05-24 00:00:00+05:30,166.10881843886017,171.1694876071626,166.10881843886017,168.192626953125,29513626,163.03522262573242,173.60200118603925,152.4684440654256,5.253580003382552,5.209831939387937,0.0437480639946157,51.38516210864227,0.0011813255733643,0.0360634695407733,0.0311203321202171,0
2024-05-27 00:00:00+05:30,169.18491945391753,169.9787520162315,164.71962832463527,165.36460876464844,22933660,163.11956710815429,173.73475782847538,152.5043763878332,4.919823648834552,5.15183028127726,-0.2320066324427081,53.48836810105201,-0.0168141626640073,-0.001497937134735,0.026130095708872,0
2024-05-28 00:00:00+05:30,166.20805383158168,167.8949385138919,160.30394987294775,161.1473846435547,26336009,162.81443786621094,173.27949757083402,152.34937816158785,4.265850522091938,4.974634329440196,-0.708783807348258,56.09755365739201,-0.0255025797393916,-0.0685404069175436,0.0267547679609396,0
2024-05-29 00:00:00+05:30,160.9489302940646,164.42193440397824,159.36128035704758,161.1473846435547,22527881,162.69536285400392,173.18037028749092,152.21035542051692,3.704864733081706,4.720680410168498,-1.015815677086792,52.17850999597018,0.0,-0.0393375703569293,0.0262677084324533,0
2024-05-30 00:00:00+05:30,160.2543401703026,160.99855537233188,155.49135984909586,156.53326416015625,19706386,162.37535095214844,173.21445808959191,151.53624381470496,2.855047284519628,4.347553785038724,-1.492506500519096,55.29279259778253,-0.0286329219279884,-0.0682220514228133,0.0265559447581759,0
2024-05-31 00:00:00+05:30,158.76591149940853,160.00627018299764,155.5409789220768,157.27748107910156,23260857,162.03053131103516,173.06574039303456,150.99532222903576,2.2160674732313623,3.921256522677252,-1.70518904944589,51.93705163944467,0.0047543691300264,-0.0648966965541567,0.0265891328483429,0
2024-06-03 00:00:00+05:30,166.70420771985545,166.70420771985545,161.8916099524564,165.0669403076172,33154820,161.9511489868164,172.86851416906222,151.0337838045706,2.3115692977363267,3.599319077689067,-1.2877497799527404,59.48980885563184,0.0495268564518653,-0.0018000735420654,0.028778140987437,0
2024-06-04 00:00:00+05:30,163.6281014236938,163.6281014236938,123.8374063849234,132.02377319335938,114541715,160.47016067504882,177.7470620031693,143.19325934692833,-0.2758721685067087,2.824280828449912,-3.100152996956621,28.84872466382778,-0.2001804059170109,-0.1807265536118656,0.0521923993488738,0
2024-06-05 00:00:00+05:30,137.63019652067393,146.31270730692353,127.06234659156334,144.4273681640625,61202268,159.94424896240236,178.52070578079469,141.36779214401002,-1.3104654886295748,1.9973315650340149,-3.307797053663589,37.7998929970665,0.0939497082282072,-0.1037560523645825,0.0565916022104311,0
2024-06-06 00:00:00+05:30,143.8815982320163,150.62915207387493,143.18700044118444,145.76693725585938,57006811,159.2769348144531,178.90801622634055,139.64585340256568,-1.9992500085981249,1.198015250307587,-3.197265258905712,40.059510526468976,0.0092750363648197,-0.0687798019293928,0.0559792377574847,0
2024-06-07 00:00:00+05:30,145.81655610435826,152.66334476039947,144.47697788157154,151.5718231201172,41207266,159.26204986572264,178.91721658669385,139.60688314475144,-2.0530447059136065,0.5478032590633481,-2.6008479649769547,41.82553382920024,0.0398230625787843,-0.0362776534812047,0.056374215405842,0
2024-06-10 00:00:00+05:30,151.42298935829865,151.81989806805095,148.89265469561178,149.43841552734375,23373558,158.94947967529296,179.03789192879148,138.86106742179444,-2.241981388351689,-0.0101536704196593,-2.2318277179320303,35.38461189057955,-0.0140752255192099,-0.0946799204683158,0.0555343484041896,0
2024-06-11 00:00:00+05:30,149.954397530374,151.81990182275896,148.34689753269586,149.84524536132812,20500708,158.64980850219726,179.10900712653282,138.1906098778617,-2.332005396230585,-0.4745240155818445,-1.8574813806487405,38.1875249333985,0.0027223912442375,0.1349868416642492,0.0552581806106115,0
2024-06-12 00:00:00+05:30,150.13301705294774,151.47259533731383,149.38880184793422,149.84524536132812,19275571,157.97306900024415,178.66751319840185,137.27862480208643,-2.3759614662641297,-0.8548115057183016,-1.521149960545828,37.98449612403101,0.0,0.0375128153765924,0.0552575441295054,0
2024-06-13 00:00:00+05:30,150.6291518319498,151.34359959882832,147.85074553198848,148.47589111328125,17125245,157.1410369873047,177.9638831749518,136.31819079965757,-2.49255973503756,-1.1823611515821533,-1.3101985834554064,37.14581648829495,-0.0091384564438123,0.0185841447204653,0.0541385984511678,0
2024-06-14 00:00:00+05:30,148.54534253969018,152.71294439714376,146.62030357468495,152.44503784179688,30233323,156.64638137817383,177.41936801975982,135.87339473658784,-2.2388793264168214,-1.393664786549087,-0.8452145398677344,41.70066494896191,0.026732600819936,0.0057610623380024,0.0544547251397578,0
2024-06-18 00:00:00+05:30,153.19918258317142,153.9433978004239,151.32376084133904,152.22674560546875,18708072,155.97708435058593,176.39320293269714,135.56096576847472,-2.03202620089209,-1.5213370694176878,-0.5106891314744029,43.959156993535125,-0.0014319405827736,0.0186587235168778,0.0543522491488078,0
2024-06-19 00:00:00+05:30,152.8618091031002,152.8618091031002,148.3469004102218,148.79342651367188,18855153,154.7664939880371,173.752480522358,135.78050745371618,-2.120687797038613,-1.6412072149418728,-0.4794805820967402,42.00591438459298,-0.0225539807616667,-0.0070193675155988,0.0542993248112744,0
2024-06-20 00:00:00+05:30,149.33917792938934,153.10987116446364,149.33917792938934,152.84194946289062,28456396,154.0212860107422,172.0057721274548,136.03679989402957,-1.843025532577144,-1.6815708784689272,-0.1614546541082169,47.59378522329455,0.0272090175223349,0.0199986599130084,0.0536552812235671,0
2024-06-21 00:00:00+05:30,153.40757144718145,158.0713171727555,152.72289101607015,154.2410888671875,69503068,153.33363189697266,170.0775087037662,136.58975509017912,-1.492868472242293,-1.6438303972236006,0.1509619249813076,48.03745883203193,0.0091541583263865,0.038829184392688,0.0533900035809874,0
2024-06-24 00:00:00+05:30,151.73059411180895,151.73059411180895,147.35460523167188,148.69419860839844,40874886,152.35871047973632,167.66899509835494,137.0484258611177,-1.6440031211455448,-1.6438649420079896,-0.0001381791375552,39.10171223346016,-0.0359624682341638,-0.0246045347654474,0.0538734263048449,0
2024-06-25 00:00:00+05:30,149.63687464108938,150.25208770309993,144.97312901824458,145.8760986328125,25039730,151.38428497314453,165.65463433295338,137.11393561333568,-1.9684840763598568,-1.7087887688783634,-0.2596953074814938,65.42882684450609,-0.0189523196060102,-0.0417183389646615,0.0539503979402709,0
2024-06-26 00:00:00+05:30,146.31269693801366,146.4516164951048,142.49240154745942,142.8595428466797,31444537,150.4698928833008,164.44682494491553,136.49296082168604,-2.44091110881061,-1.8552132368648129,-0.5856978719457973,47.79204492367385,-0.0206788899237416,-0.0398800122157745,0.0539984141060666,0
2024-06-27 00:00:00+05:30,143.58390834778004,145.81655382529212,136.1417567560731,141.7779541015625,57711655,149.50142135620118,163.0405787530601,135.96226395934227,-2.869510181038521,-2.0580726256995545,-0.8114375553389666,44.34123098822278,-0.0075709940236752,-0.0723884731921351,0.0538065155236165,0
2024-06-28 00:00:00+05:30,142.88932024324552,150.0834006027145,142.7007833009046,147.50344848632812,72583869,149.04993057250977,162.19835391720991,135.90150722780962,-2.7158716094290867,-2.1896324224454613,-0.5262391869836254,44.21557690630504,0.0403835308602646,-0.0436825260398735,0.0546924725406358,0
2024-07-01 00:00:00+05:30,148.74381100146658,149.28957186412137,146.5806326708863,147.91029357910156,25711956,148.58157119750976,161.15057147764455,136.01257091737497,-2.5320945261585166,-2.2581248431880723,-0.2739696829704443,47.715134045682255,0.0027582073297163,-0.0052719274634336,0.0543748720555985,0
2024-07-02 00:00:00+05:30,148.446136286694,148.72397542610454,144.27851891334092,145.54864501953125,24720763,147.60565643310548,157.54004065799327,137.6712722082177,-2.547647471069979,-2.316029368764454,-0.231618102305525,43.93048059181597,-0.0159667627074738,-0.0022447379409665,0.0544502316160154,0
2024-07-03 00:00:00+05:30,146.51115090439552,150.82760486316803,145.2311074988891,150.45053100585938,34424841,148.52699432373046,155.287684229668,141.76630441779292,-2.139766167221495,-2.280776728455862,0.141010561234367,50.75103468906317,0.0336786782568145,0.053136024432939,0.0538042991939952,0
2024-07-04 00:00:00+05:30,151.81990527933888,152.4252009321749,149.49795742069472,149.88494873046875,29926272,148.79987335205078,155.29935923066532,142.30038747343625,-1.8409339178873552,-2.192808166342161,0.3518742484548056,51.78393285872034,-0.0037592574224187,0.0571809254850639,0.0292750975658845,0
2024-07-05 00:00:00+05:30,150.23224000768874,157.52555523566892,148.6942073292893,154.40977478027344,62621310,149.23201522827148,156.02509398004594,142.43893647649702,-1.2248719987051402,-1.9992209328147568,0.7743489341096166,52.45293528880821,0.0301886619579225,0.0468214564799509,0.022198249019003,0
2024-07-08 00:00:00+05:30,155.29290600856766,156.78133641759547,153.0205755795346,155.27305603027344,33290711,149.4170768737793,156.6649822939686,142.16917145359002,-0.6593780079076055,-1.7312523478333266,1.0718743399257211,53.74297733586661,0.0055908458595219,0.0497785669476364,0.0221642000149933,0
2024-07-09 00:00:00+05:30,156.08672809740418,156.99963020331847,153.99300219045085,154.78683471679688,21076732,149.68449783325195,157.32002692212328,142.04896874438063,-0.2475997665298166,-1.4345218315726247,1.186922065042808,57.9390078261432,-0.0031313952717061,0.0634714922699963,0.0205425190271638,0
2024-07-10 00:00:00+05:30,154.99522067835863,155.09445543115268,145.22120317204534,149.70632934570312,39898433,149.67755203247071,157.31271815526185,142.04238590967958,-0.3274423162324069,-1.213105928504581,0.8856636122721742,45.95701883062511,-0.0328225936035788,-0.0049464874279989,0.0216186994566065,0
2024-07-11 00:00:00+05:30,150.67877197265625,151.96873283107362,149.42848078709972,150.67877197265625,30388365,149.7192283630371,157.3673371787121,142.07111954736212,-0.3086917132369251,-1.03222308545105,0.7235313722141248,45.35574522126753,0.0064956680936818,0.0052962171913271,0.0216554266977147,0
2024-07-12 00:00:00+05:30,151.37337211958493,152.1473547030613,148.01943749712282,149.25979614257812,16353263,149.75842361450196,157.3877150248182,142.12913220418574,-0.4036778686941602,-0.906514042099672,0.5028361734055118,50.82631823696186,-0.0094172245466377,-0.0333526724264948,0.0217632480857817,0
2024-07-15 00:00:00+05:30,149.83532180357824,152.01834995395413,147.65229365320235,150.8573760986328,43598260,149.67904052734374,157.22319382052427,142.13488723416322,-0.3460546279717391,-0.7944221592740854,0.4483675313023463,57.54660497209088,0.0107033507839486,-0.0284381594884027,0.0217756295178864,0
2024-07-16 00:00:00+05:30,151.32375674829242,152.7625697678437,149.43841763868693,149.82540893554688,17044483,149.55897369384766,157.00824047490502,142.1097069127903,-0.3792867386721639,-0.7113950751537012,0.3321083364815372,61.22844222227797,-0.0068406808455373,-0.0320532801793356,0.0210096011032662,0
2024-07-18 00:00:00+05:30,149.63687195234218,149.63687195234218,145.56848948616266,146.7493133544922,24504144,149.45676803588867,157.00568490193925,141.9078511698381,-0.6463874787219481,-0.6983935558673505,0.0520060771454023,57.52931622513419,-0.0205312009685753,-0.0197521107099124,0.0214553759750156,0
2024-07-19 00:00:00+05:30,146.3127001981397,146.3127001981397,139.74376577331094,140.72613525390625,34312977,148.85097732543946,157.1621497751617,140.5398048757172,-1.3287696451470197,-0.8244687737232843,-0.5043008714237354,39.82722512129696,-0.0410439951159169,-0.0660520164084965,0.0227045314143648,0
2024-07-22 00:00:00+05:30,140.309361506792,142.49240479816356,137.1538964346946,142.17486572265625,23158599,148.2476661682129,156.6625216690457,139.8328106673801,-1.7326886310766838,-1.0061127451939642,-0.7265758858827196,41.652197589627214,0.0102946795642195,-0.0474671050277605,0.0218867151732636,0
2024-07-23 00:00:00+05:30,142.790088573091,143.47476900327172,134.2564297368742,140.29945373535156,25864567,147.82792892456055,156.95622639432116,138.69963145479994,-2.17900915030998,-1.2406920262171677,-0.9383171240928128,42.25021367550249,-0.0131908827750405,-0.0699861195807776,0.021798500906289,0
2024-07-24 00:00:00+05:30,140.40860147634152,146.46155784377456,140.29944930771248,145.85626220703125,31951790,147.8269371032715,156.95613177912924,138.69774242741374,-2.060580287007639,-1.404669678375262,-0.6559106086323769,43.345806768717225,0.0396067719704851,-0.0264918130824065,0.0225311660079894,0
2024-07-25 00:00:00+05:30,143.7823689662745,143.7823689662745,140.3192972981964,141.4901885986328,31653400,147.75846939086915,157.06337525762802,138.45356352411028,-2.292602516292476,-1.5822562459587046,-0.7103462703337713,39.04710256156039,-0.0299340840244565,-0.0358374743679738,0.0230968909027815,0
2024-07-26 00:00:00+05:30,143.8816086091084,146.83861949825732,142.7305521063722,146.253173828125,25911057,147.98223037719723,156.88827822978115,139.07618252461336,-2.0683065520827317,-1.67946630718351,-0.3888402448992212,39.423565095752615,0.0336630071432262,0.0392751393637476,0.0238376216479495,0
2024-07-29 00:00:00+05:30,147.989674796526,148.84304217731986,145.66772697242314,146.60047912597656,15136406,147.93708190917968,156.86248334685516,139.0116804715042,-1.8413003848295943,-1.711833122712727,-0.1294672621168673,38.60199657477931,0.0023746855453523,0.0311279590863371,0.0237493555525464,0
2024-07-30 00:00:00+05:30,146.33255701610798,148.4560504731366,145.17158310718597,146.95770263671875,12316097,147.88945236206055,156.82561604008262,138.95328868403848,-1.6139666075227126,-1.692259819674724,0.0782932121520114,39.675493074738725,0.0024367144832808,0.0474574114445713,0.0220550254854012,0
2024-07-31 00:00:00+05:30,148.34689947155573,152.82210817873204,146.52109511192302,151.85958862304688,35735761,148.20499954223632,157.2383011306517,139.1716979538209,-1.0264296764495668,-1.5590937910296927,0.5326641145801259,52.85300694267542,0.0333557608643737,0.0411591955338495,0.0232223385440955,0
2024-08-01 00:00:00+05:30,152.86180032095638,155.14406322436747,147.88051583211768,148.872802734375,37281190,148.1261131286621,157.10423439226616,139.14799186505803,-0.7926736369393268,-1.4058097602116195,0.6131361232722929,47.72839813260185,-0.0196680757254374,0.0521775694050741,0.0233751746538409,0
2024-08-02 00:00:00+05:30,146.59054219378348,147.03706827877727,143.9808378947279,145.10211181640625,29660329,147.886971282959,156.92244460908535,138.85149795683265,-0.9012939796459988,-1.3049066040984956,0.4036126244524967,45.06245188899568,-0.0253282725166165,-0.0078703386845571,0.0228331694388026,0
2024-08-05 00:00:00+05:30,139.91246009394283,140.90474704496373,133.95873838781762,135.5662384033203,49706240,146.94479446411134,156.98983510112302,136.89975382709966,-1.7368206858915016,-1.3912894204570967,-0.3455312654344049,34.72139553491277,-0.0657183640797138,-0.0752674260578256,0.0268014565490571,0
2024-08-06 00:00:00+05:30,138.21563719604114,140.4085979318293,133.64119392986208,134.41519165039062,23211408,145.9019012451172,156.61507048751258,135.1887320027218,-2.463464191748983,-1.605724374715474,-0.8577398170335091,34.63896727154143,-0.0084906593742406,-0.0853477617116359,0.0256062237911687,0
2024-08-07 00:00:00+05:30,138.7217108231191,141.74818887833726,136.15169140126844,140.53759765625,22300426,145.18943939208984,155.29257751462083,135.08630126955885,-2.5163010555089613,-1.7878397108741717,-0.7284613446347898,44.162624195747846,0.0455484676299353,-0.0745556541371968,0.0279121272226723,0
2024-08-08 00:00:00+05:30,140.21014216906232,140.21014216906232,135.44716201503942,136.38983154296875,25849915,144.52361450195312,155.11669066560793,133.9305383382983,-2.8598975924999195,-2.002251287199321,-0.857646305300598,45.77613503811502,-0.029513569197522,-0.0838499105419469,0.0284425639984544,0
2024-08-09 00:00:00+05:30,134.9510277239267,136.10208424131773,127.8958667718334,128.35232543945312,76287884,143.40729217529298,155.81878187006663,130.99580248051933,-3.737674311021152,-2.349335891963688,-1.3883384190574644,38.06751092646404,-0.058930391016602,-0.1154344769161331,0.0302069085113241,0
2024-08-12 00:00:00+05:30,128.25308883314983,131.92454753555052,126.11967036746351,130.68418884277344,33401039,142.4785118103027,155.79322080766866,129.1638028129368,-4.196778940811129,-2.718824501733176,-1.4779544390779529,41.764399290700055,0.0181676755394688,-0.0360122816569004,0.0305702024927471,0
2024-08-13 00:00:00+05:30,131.18032420814774,131.47801330422564,126.73488316763262,127.15164184570312,16376718,141.29322509765626,155.64736621168964,126.93908398362288,-4.79044838054611,-3.133149277495763,-1.6572991030503466,33.40375328790425,-0.0270311736129023,-0.0540381612785237,0.0308996553693231,0
2024-08-14 00:00:00+05:30,128.0546271369226,128.50115321253062,124.03586217425736,124.26409149169922,22221242,140.01515922546386,155.66407495504814,124.3662434958796,-5.431327902816889,-3.592785002559989,-1.8385429002569005,34.30379217089886,-0.0227095011286437,-0.1157946801136817,0.0307946594477419,0
2024-08-16 00:00:00+05:30,126.78449703936616,127.68747420416857,125.62352315438515,127.29056549072266,15743875,139.0422218322754,155.33464814597397,122.74979551857685,-5.63011788868738,-4.000251579785467,-1.6298663089019128,32.15684438939272,0.0243551774506443,-0.0667151352069778,0.0316317825129821,0
2024-08-19 00:00:00+05:30,128.99730287091103,130.63457027398755,128.25308766204037,130.30712890625,14677989,138.5212715148926,155.2475098782406,121.79503315154456,-5.481066603573026,-4.29641458454298,-1.184652019030047,35.40184135133052,0.0236982482079333,0.0152299809146738,0.0321712600038261,0
2024-08-20 00:00:00+05:30,131.4681032200436,132.42069021131732,129.80105327366874,132.1230010986328,16842938,138.0186782836914,154.88615306461622,121.1512035027666,-5.15697033232675,-4.468525734099734,-0.688444598227016,37.04728439919124,0.013935325009649,0.0110098418837065,0.0313298962327708,0
2024-08-21 00:00:00+05:30,132.27184361183177,134.29610217698556,131.42839371071162,133.9984130859375,14879021,137.7036262512207,154.6270204671418,120.78023203529962,-4.694674344957576,-4.513755456271303,-0.1809188886862731,33.53455345450146,0.0141944398152495,0.0538472892748238,0.0314211227531969,0
2024-08-22 00:00:00+05:30,134.12742509406405,134.34572943415571,132.2420859471968,132.84738159179688,17039181,137.05318222045898,153.6541468811528,120.45221755976516,-4.3707962478908655,-4.485163614595216,0.1143673667043501,34.70932722856793,-0.0085898889966885,0.0690729719025147,0.0313576684881829,0
2024-08-23 00:00:00+05:30,132.86720923120393,133.98849826810263,130.48572673879752,130.7734832763672,14050547,136.5173469543457,153.20687935605682,119.82781455263458,-4.232675140047917,-4.434665919685756,0.201990779637839,35.870821918138006,-0.0156111342999758,0.0273619476213136,0.0299678660441536,0
2024-08-26 00:00:00+05:30,132.36115871007112,137.7095848883818,131.37878915610065,136.68753051757812,32800586,136.03906478881837,152.08987160194607,119.98825797569066,-3.604449134432798,-4.268622562635165,0.6641734282023668,51.19073622288132,0.0452235965047487,0.0489643326875732,0.0312697329977081,0
2024-08-27 00:00:00+05:30,136.68752830847953,137.1836717869132,134.55411740765362,134.85179138183594,12380923,135.45163040161134,150.71561938897344,120.18764141424924,-3.217613657848432,-4.058420781677818,0.8408071238293866,50.45699374682166,-0.0134301872950006,0.0206534082673919,0.0303207726786336,0
2024-08-28 00:00:00+05:30,134.8517883369463,135.3479318041773,132.32146876694586,133.00613403320312,11414976,134.75405197143556,149.04838577681704,120.45971816605407,-3.0251013930895283,-3.851756903960161,0.8266555108706322,41.34153858892104,-0.0136865615926954,-0.0074051552543237,0.0303699366021095,0
2024-08-29 00:00:00+05:30,132.86721682576618,133.95873852948236,130.83304068690003,133.2145233154297,12348963,133.8217987060547,145.63567762063934,122.00791979147004,-2.8231749592336826,-3.646040515014865,0.8228655557811826,45.98596281956517,0.0015667644484316,0.0027636353779327,0.0303610509629675,0
2024-08-30 00:00:00+05:30,133.55189618749162,135.0006417881224,132.3214700669722,132.65884399414062,13016284,133.01110076904297,142.4659448050543,123.55625673303165,-2.6771252494012003,-3.4522574618921325,0.7751322124909321,56.71409614770669,-0.0041713118619454,0.0144169954836261,0.0291176240484955,0
2024-09-02 00:00:00+05:30,132.8275332088882,133.10537234668834,130.6941222991164,132.14285278320312,12601742,132.3631378173828,139.91347481192736,124.81280082283826,-2.5733519807536998,-3.276476365664446,0.7031243849107467,52.41062809728957,-0.0038896103373272,-0.0332486637015551,0.0289506368030172,0
2024-09-03 00:00:00+05:30,131.48793025317417,132.5695344697676,130.2475716415225,130.76356506347656,10986546,132.1230041503906,139.54886993431512,124.69713836646612,-2.572750839304291,-3.1357312603924155,0.5629804210881244,56.42654531277659,-0.0104378533585123,-0.030316440563874,0.0286148860990649,0
2024-09-04 00:00:00+05:30,128.00502021853777,130.823111603439,127.70733109678672,129.45376586914062,18956457,131.87493286132812,139.30986413870676,124.44000158394948,-2.6474461674684164,-3.038074241807616,0.3906280743391996,59.783036720779,-0.0100165454627986,-0.0267083032664922,0.0250166392461961,0
2024-09-05 00:00:00+05:30,129.543055348818,131.27955739064907,129.45375316338692,130.2078857421875,8679395,131.358447265625,137.59878467314866,125.11810985810132,-2.61564011085855,-2.953587415617803,0.3379473047592531,56.0147243000342,0.0058253992688723,-0.0225698932699925,0.0250230088397203,0
2024-09-06 00:00:00+05:30,130.3864886538168,130.93224946050358,127.31040844165712,128.382080078125,17177552,130.95805969238282,136.85741437200937,125.05870501275626,-2.70656128630759,-2.9041821897557605,0.1976209034481706,45.82613206573379,-0.0140222357014352,-0.0322388148972904,0.0227280759650348,0
2024-09-09 00:00:00+05:30,127.90577812910507,128.35231935667218,125.1373042801119,126.92342376708984,19613019,130.88661460876466,136.951139232378,124.82208998515132,-2.863311869818233,-2.896008125768255,0.0326962559500221,38.54895918569659,-0.0113618373385717,-0.0394983830466897,0.0220462342765436,0
2024-09-10 00:00:00+05:30,127.0127296395185,130.0392078661796,126.92342744785404,128.14393615722656,12603493,130.7596019744873,136.9471334869971,124.57207046197752,-2.856129009596941,-2.8880323025339925,0.0319032929370513,36.72370790420339,0.0096161319472156,-0.0200333243054237,0.0181018564794261,0
2024-09-11 00:00:00+05:30,128.08439522088534,128.98737993622976,125.31591385381223,125.99066925048828,13139629,130.70155334472656,137.0512619116605,124.3518447777926,-2.9897235132705475,-2.908370544681304,-0.0813529685892437,35.1269858449334,-0.0168035021500847,-0.0267516096994276,0.0179624776156145,0
2024-09-12 00:00:00+05:30,128.5011524944833,130.05905018241293,125.92120808978476,129.68197631835938,19264974,130.97244758605956,136.58531331640086,125.35958185571826,-2.765857406594648,-2.879867917063973,0.1140105104693249,47.78762868359995,0.0292982574807363,-0.0040389982590565,0.0181776140630274,0
2024-09-13 00:00:00+05:30,130.48573055032404,133.3534391560143,130.40634577944545,131.18032836914062,20166379,131.16693572998048,136.50548844142193,125.82838301853904,-2.439417331426199,-2.7917777999364186,0.3523604685102195,36.40369118010476,0.0115540500948483,0.0217962529452147,0.0174576412874262,0
2024-09-16 00:00:00+05:30,131.97415490860152,133.04582655486607,130.73379630983646,132.0138397216797,13553090,131.25227127075195,136.58751702561318,125.91702551589071,-2.089368875961469,-2.651296015141429,0.5619271391799598,42.628825529688726,0.0063539355549833,0.0401061979223864,0.0167709509608973,0
2024-09-17 00:00:00+05:30,131.73599920976935,131.9741535090012,129.4934363377794,130.9123992919922,10754987,131.1917411804199,136.5128429499826,125.87063941085722,-1.879168110362059,-2.496870434185555,0.617702323823496,44.3431284356997,-0.0083433709072444,0.021604324151311,0.0161309838457934,0
2024-09-18 00:00:00+05:30,130.63456774843846,130.8727220614678,127.65770697050732,128.64999389648438,10725965,130.9243202209473,136.18879664072884,125.6598438011657,-1.8735426633333527,-2.372204880015115,0.4986622166817618,38.89956353915494,-0.0172818266851992,0.0211073142306195,0.0162536969759189,0
2024-09-19 00:00:00+05:30,130.5,130.99000549316406,123.8000030517578,126.54000091552734,25229973,130.60895118713378,136.13743856119774,125.08046381306984,-2.0161028766683278,-2.300984479345757,0.2848816026774301,36.165508342863845,-0.0164010344427594,-0.0242283121527907,0.0161811904590862,0
2024-09-20 00:00:00+05:30,127.25,128.2899932861328,125.41000366210938,126.27999877929688,13885160,130.38427696228027,136.240142363007,124.52841156155353,-2.125560731297668,-2.26589972973614,0.1403389984384717,36.58905031427223,-0.0020547031322059,-0.0373556740615426,0.0161229786049432,0
2024-09-23 00:00:00+05:30,126.5,130.0,126.5,129.67999267578125,13387033,130.03390007019044,135.08506439043248,124.9827357499484,-1.9158708110592213,-2.195893946000756,0.2800231349415343,47.73113432101447,0.026924247144052,-0.0176788058798896,0.0170129461056516,0
2024-09-24 00:00:00+05:30,131.5,135.07000732421875,131.2899932861328,133.8800048828125,41641928,129.98531074523925,134.85683848122497,125.11378300925354,-1.3947068420943085,-2.0356565252194665,0.6409496831251582,58.26735478163522,0.0323875111369869,0.022668636484167,0.0154563378329844,0
2024-09-25 00:00:00+05:30,135.0,137.14999389648438,134.0,134.22999572753906,35498522,130.04650382995607,135.10496317896082,124.98804448095132,-0.9425739005385764,-1.8170400002832887,0.8744660997447122,57.62767286716095,0.0026142129665509,0.0433735102665027,0.0151990955986524,0
2024-09-26 00:00:00+05:30,135.0,139.58999633789062,132.3000030517578,139.1999969482422,49823297,130.34577751159668,136.72834993899204,123.96320508420132,-0.1811297731605918,-1.4898579548587494,1.3087281816981575,68.32958363043977,0.0370260104216293,0.100047383761014,0.0168710423767024,0
2024-09-27 00:00:00+05:30,140.0,144.1999969482422,139.66000366210938,140.5399932861328,37975068,130.73983497619628,138.53953779447556,122.940132157917,0.5244017128295013,-1.0870060213210997,1.6114077341506008,73.16469161741698,0.0096264106843972,0.1129236192958675,0.016944945223471,0
2024-09-30 00:00:00+05:30,141.39999389648438,143.94000244140625,140.35000610351562,141.36000061035156,38187620,131.2006923675537,140.32601454131242,122.07537019379495,1.1366061483682015,-0.6422835873832393,1.778889735751441,72.79395780951384,0.0058346902190984,0.0900679256188117,0.0168829983238589,0
2024-10-01 00:00:00+05:30,141.38999938964844,142.1199951171875,137.88999938964844,141.02999877929688,24528692,131.71401405334473,141.83635878769243,121.591669318997,1.576975789137833,-0.1984317120790247,1.7754075012168582,77.67939261437276,-0.0023344781382982,0.0534059877182024,0.0168538967083062,0
2024-10-03 00:00:00+05:30,138.5500030517578,141.64999389648438,136.14999389648438,137.02999877929688,35238490,132.09282569885255,142.42392188944504,121.76172950826007,1.5849351853061933,0.1582416673980188,1.4266935179081743,63.37185279965879,-0.0283627599420159,0.0208597417930436,0.0179963398749245,0
2024-10-04 00:00:00+05:30,136.5500030517578,140.60000610351562,134.13999938964844,139.00999450683594,31936926,132.53293113708497,143.26797189266887,121.79789038150108,1.731057617147144,0.4728048573478438,1.2582527597993,64.0028752115611,0.0144493595940848,-0.0013649600974984,0.0179452313795686,0
2024-10-07 00:00:00+05:30,139.97000122070312,140.52000427246094,130.72000122070312,132.19000244140625,28331416,132.72332725524902,143.2820178344991,122.16463667599892,1.2817689004965305,0.6345976659775812,0.6471712345189491,50.25949150005193,-0.0490611634769492,-0.0594136277474154,0.0212836800298248,0
2024-10-08 00:00:00+05:30,130.60000610351562,133.6199951171875,127.83999633789062,131.3699951171875,40037615,132.9456558227539,143.17216703132107,122.71914461418676,0.8497413285334687,0.6776263984887587,0.17211493004471,50.67968391264399,-0.0062032476667985,-0.070670666737621,0.0210762995683907,0
2024-10-09 00:00:00+05:30,131.39999389648438,133.32000732421875,129.86000061035156,130.3300018310547,14125865,133.05495910644532,143.11068242593885,122.9992357869518,0.4186120988591426,0.6258235385628355,-0.2072114397036928,52.58940906035644,-0.0079165207032633,-0.0758703612058241,0.0209859559085026,0
2024-10-10 00:00:00+05:30,131.0,132.9499969482422,129.6199951171875,129.97000122070312,12920873,133.25392570495606,142.8689302550039,123.6389211549082,0.0473442822046763,0.5101276872912037,-0.4627834050865274,55.58814090094489,-0.0027622236268992,-0.0515215472632727,0.0209195176125836,0
2024-10-11 00:00:00+05:30,130.1999969482422,135.1199951171875,129.97000122070312,134.02999877929688,22981754,133.47132682800293,142.94180935217534,124.0008443038305,0.0797998518110034,0.4240621201951637,-0.3442622683841602,61.2351438016295,0.031237958917146,-0.0358247314893186,0.0215072402950973,0
2024-10-14 00:00:00+05:30,135.8000030517578,137.3300018310547,133.66000366210938,134.3300018310547,16794560,133.62881050109863,143.04347222540295,124.2141487767943,0.1282504719925157,0.3648997905546341,-0.2366493185621184,57.40683218491378,0.0022383276467219,0.0161888142077688,0.020657420924085,0
2024-10-15 00:00:00+05:30,134.3300018310547,134.89999389648438,130.5,130.94000244140625,11128839,133.57511863708496,143.04067075107787,124.10956652309204,-0.1056784859795811,0.270784135247791,-0.3764626212273722,45.192930457215,-0.0252363533346184,-0.0032731422072268,0.021344782960171,0
2024-10-16 00:00:00+05:30,130.1999969482422,131.64999389648438,129.0800018310547,129.9199981689453,13606967,133.5254985809326,143.0599767714327,123.99102039043252,-0.3691197085645115,0.1428033664853305,-0.511923075049842,43.10400390625,-0.0077898598857699,-0.0031458885624882,0.0213617212147618,0
2024-10-17 00:00:00+05:30,130.89999389648438,130.99000549316406,127.5500030517578,127.83000183105467,15490412,133.48449897766113,143.11383268347086,123.85516527185142,-0.7380363890133594,-0.0333645846144074,-0.7046718043989519,29.96123180454977,-0.0160867946994028,-0.0164653333042175,0.0215689207868737,0
2024-10-18 00:00:00+05:30,126.5,130.58999633789062,125.41999816894533,129.02999877929688,26363209,133.6089988708496,142.91938735727672,124.2986103844225,-0.922936750883963,-0.2112790178683185,-0.7116577330156444,29.613892580919423,0.0093874437225476,-0.0373050812917886,0.0213408127171981,0
2024-10-21 00:00:00+05:30,130.2100067138672,131.19000244140625,126.02999877929688,126.45999908447266,15437195,133.6179988861084,142.89885831769428,124.33713945452254,-1.2622981297043625,-0.4214828402355273,-0.840815289468835,25.15008765663741,-0.0199178463856312,-0.058587081361616,0.0214921627405096,0
2024-10-22 00:00:00+05:30,126.5999984741211,127.37999725341795,120.6500015258789,121.8000030517578,22167864,133.22399940490723,143.78899216203712,122.65900664777732,-1.8855319632451424,-0.7142926648374504,-1.1712392984076925,21.976092031314565,-0.0368495656053425,-0.0698029572264476,0.0229646840167248,0
2024-10-23 00:00:00+05:30,120.5,122.63999938964844,116.3000030517578,118.12999725341795,37778891,132.4364990234375,144.9617242030274,119.9112738438476,-2.645097030835572,-1.1004535380370748,-1.544643492798497,22.189511262790973,-0.030131409740444,-0.0907481610351923,0.0228124640248468,0
2024-10-24 00:00:00+05:30,118.6999969482422,118.88999938964844,116.6999969482422,117.12999725341795,16209896,131.58149909973145,145.80999446098338,117.35300373847952,-3.289826391131953,-1.5383281086560507,-1.7514982824759024,16.848481345548066,-0.0084652503449632,-0.0837049552090148,0.0212245183298121,0
2024-10-25 00:00:00+05:30,117.12999725341795,118.01000213623048,110.4000015258789,111.4800033569336,30812614,130.19549942016602,146.5420528992356,113.8489459410964,-4.208177096597893,-2.07229790624442,-2.135879190353474,17.467793187042915,-0.0482369506443363,-0.1360148460698832,0.0230034049580231,0
2024-10-28 00:00:00+05:30,112.36000061035156,115.87000274658205,111.1999969482422,114.66999816894533,19503346,128.90199966430663,145.88382526792032,111.92017406069294,-4.625253680302777,-2.5828890610560906,-2.042364619246686,25.584786711461504,0.0286149508069002,-0.0932310691197448,0.0222304086775606,0
2024-10-29 00:00:00+05:30,114.87999725341795,116.1999969482422,112.7300033569336,115.70999908447266,14707069,127.6194995880127,144.51389209753563,110.72510707848976,-4.816350603843688,-3.0295813696136102,-1.7867692342300776,28.625720303185982,0.0090695119223347,-0.0500000313193528,0.0222074600038823,0
2024-10-30 00:00:00+05:30,115.0500030517578,117.58999633789062,113.5999984741211,116.02999877929688,16236280,126.3694995880127,142.77856259855312,109.96043657747228,-4.885656188183589,-3.400796333327606,-1.4848598548559826,29.596008235103355,0.0027655319104324,-0.0177770128074757,0.0221150134657241,0
2024-10-31 00:00:00+05:30,116.1999969482422,117.6999969482422,114.36000061035156,115.75,15887511,125.30549964904785,141.56301948506962,109.04797981302607,-4.906614526534156,-3.701959971968917,-1.2046545545652396,19.91440911348816,-0.002413158512821,-0.0117817577544397,0.0221138124237055,0
2024-11-01 00:00:00+05:30,116.5199966430664,118.8000030517578,116.36000061035156,117.75,4260519,124.24249992370603,139.47495174699324,109.01004810041886,-4.707574882489325,-3.9030829540729983,-0.804491928416327,24.158340444274486,0.0172786177105832,0.0562432405297952,0.022370150189784,0
2024-11-04 00:00:00+05:30,118.0,118.2300033569336,112.5999984741211,113.9000015258789,21792990,123.32799987792968,138.74643939056207,107.90956036529728,-4.805106949820114,-4.083487753222421,-0.7216191965976932,23.81682786329263,-0.0326963776995421,-0.0067148919103666,0.0224802344499827,0
2024-11-05 00:00:00+05:30,113.75,118.79000091552734,113.75,118.52999877929688,25938942,122.68600006103516,137.75994528965802,107.6120548324123,-4.45741739888274,-4.158273682354485,-0.2991437165282544,34.246187938584924,0.0406496680543591,0.0243712705655239,0.0230432607199723,0
2024-11-06 00:00:00+05:30,120.0,124.25,117.45999908447266,123.88999938964844,30950696,122.36399993896484,137.01975747358657,107.70824240434312,-3.7066358798139447,-4.0679461218463775,0.3613102420324328,45.00253152013526,0.0452206248675652,0.0677411074122498,0.0255020110487052,0
2024-11-07 00:00:00+05:30,124.0,126.8499984741211,122.58000183105467,123.36000061035156,28078071,122.03349990844728,136.25886268266416,107.80813713423038,-3.1184549811163293,-3.878047893700368,0.7595929125840386,42.68387044948276,-0.0042779787061744,0.0657451456617845,0.0254755607584263,0
2024-11-08 00:00:00+05:30,120.5,121.01000213623048,114.87999725341795,118.20999908447266,47743659,121.24249992370603,134.37665826350872,108.10834158390338,-3.032917874729719,-3.7090218899062384,0.6761040151765192,40.019353157089895,-0.0417477423832531,0.0039065739657975,0.0268916756208443,0
2024-11-11 00:00:00+05:30,117.8000030517578,119.1999969482422,115.5,115.88999938964844,18118474,120.32049980163576,132.10602990329735,108.53496969997413,-3.1164096573503457,-3.59049944339506,0.4740897860447144,42.42112702954861,-0.0196260867337149,0.0174714472090449,0.0258128862340284,0
2024-11-12 00:00:00+05:30,116.0,117.4000015258789,113.66000366210938,114.16999816894533,14476729,119.4819995880127,130.44377144626998,108.52022772975543,-3.283516881769046,-3.5291029310698576,0.2455860493008117,44.65442681164719,-0.0148416708064695,-0.0367839420843147,0.0257901022523219,0
2024-11-13 00:00:00+05:30,113.0999984741211,114.48999786376952,111.0,111.69000244140624,24360081,118.57049980163576,128.8907289784072,108.2502706248643,-3.574856766552969,-3.5382536981664803,-0.0366030683864888,42.93873644727129,-0.0217219564448905,-0.0984744289962564,0.0256797187304249,0
2024-11-14 00:00:00+05:30,111.69000244140624,114.37999725341795,111.43000030517578,111.83999633789062,15061567,117.77099952697752,127.5332916866278,108.00870736732726,-3.750410077515369,-3.580684974036258,-0.1697251034791107,50.54511384601877,0.0013429482783211,-0.0933852481798241,0.0257469972479748,0
2024-11-18 00:00:00+05:30,112.1999969482422,115.11000061035156,111.26000213623048,112.7699966430664,17936991,116.95799942016602,125.38991543151872,108.52608340881332,-3.771024070847787,-3.618752793398565,-0.1522712774492225,46.91156967418553,0.0083154536447414,-0.0460198162891349,0.025857071817033,0
2024-11-19 00:00:00+05:30,113.1500015258789,114.4499969482422,111.08000183105467,111.4499969482422,11670566,116.20749931335448,123.69779930890182,108.71719931780716,-3.849499123093082,-3.664902059337469,-0.1845970637556138,43.13787998593085,-0.0117052383977824,-0.038312213864787,0.0256533228382517,0
2024-11-21 00:00:00+05:30,111.5,112.1999969482422,108.6500015258789,110.58999633789062,19630086,115.64699897766111,123.05245714536564,108.24154080995662,-3.9357175275515743,-3.71906515298029,-0.2166523745712845,41.38694624052848,-0.0077164704701692,-0.0313567652489326,0.0254750378192184,0
2024-11-22 00:00:00+05:30,110.6999969482422,113.63999938964844,110.4000015258789,112.83000183105467,12858702,115.38199920654296,122.79265363623406,107.97134477685188,-3.7797261808486695,-3.731197358553966,-0.0485288222947035,45.64699052853926,0.020255046273083,0.0102068167672078,0.0250681840631022,0
2024-11-25 00:00:00+05:30,115.0,115.8499984741211,113.8499984741211,114.08999633789062,13170183,115.2299991607666,122.6143530265936,107.8456452949396,-3.5139245533327284,-3.6877427975097183,0.17381824417699,44.42072404841876,0.0111671938880457,0.0201180264098213,0.0244739195935648,0
2024-11-26 00:00:00+05:30,114.1999969482422,116.44000244140624,113.87999725341795,115.83000183105467,12229850,115.44749908447264,122.61999993166567,108.27499823727965,-3.126826833706488,-3.5755596047490728,0.4487327710425846,53.14434772146068,0.015251166175962,0.0271349231096782,0.0246764965889968,0
2024-11-27 00:00:00+05:30,115.55999755859376,117.06999969482422,114.51000213623048,116.26000213623048,13214253,115.52699928283693,122.6984617016899,108.35553686398391,-2.753609771663861,-3.4111696381320304,0.6575598664681697,45.71537027911374,0.003712339621672,0.0431584147124028,0.0220930491456198,0
2024-11-28 00:00:00+05:30,116.26000213623048,117.31999969482422,115.20999908447266,116.27999877929688,13714391,115.55549926757811,122.73455025530056,108.3764482798557,-2.4282278994295723,-3.214581290391539,0.7863533909619669,32.00944963010953,0.0001719993351021,0.0514513304080537,0.0212506259471744,0
2024-11-29 00:00:00+05:30,116.5,118.0999984741211,115.8000030517578,117.11000061035156,11464692,115.60949935913088,122.81975779074754,108.3992409275142,-2.07941599706011,-2.987548231725253,0.9081322346651436,35.431233358491966,0.0071379587183351,0.0379331623667391,0.0212175557659474,0
2024-12-02 00:00:00+05:30,116.5,119.41999816894533,115.86000061035156,119.08000183105467,13161154,115.7759994506836,123.15181166941764,108.40018723194956,-1.62528217563694,-2.715095020507591,1.089812844870651,52.380960335075386,0.016821801813986,0.0437374498495519,0.0215028975877713,0
2024-12-03 00:00:00+05:30,119.1999969482422,123.18000030517578,119.1999969482422,122.79000091552734,24051522,116.02799949645996,124.00747099824868,108.04852799467122,-0.9550032469783788,-2.363076665801749,1.40807341882337,67.54832888673296,0.0311555175296036,0.0600880512341202,0.0224286829765938,0
2024-12-04 00:00:00+05:30,123.0,123.54000091552734,121.08999633789062,122.16999816894533,19645095,116.44149932861328,124.80455047144292,108.07844818578364,-0.4684316188737654,-1.984147656416152,1.5157160375423868,71.5517269728729,-0.0050492934437598,0.0508343017729318,0.0222491881591015,0
2024-12-05 00:00:00+05:30,122.51000213623048,123.6500015258789,121.12000274658205,122.47000122070312,20205297,116.6384994506836,125.3855024276922,107.891496473675,-0.0579444118837813,-1.598907007509678,1.5409625956258968,82.90596937064501,0.002455619679579,0.0532335956861771,0.0207829998135736,0
2024-12-06 00:00:00+05:30,122.47000122070312,125.12000274658205,122.06999969482422,123.88999938964844,17105118,116.6384994506836,125.3855024276922,107.891496473675,0.3775989166069422,-1.203605822686354,1.5812047392932962,84.13596827556754,0.0115946611806292,0.0578942766967893,0.0190964553268464,0
2024-12-09 00:00:00+05:30,124.0,126.5199966430664,122.61000061035156,126.12999725341795,22928606,116.77699928283693,126.04436248880474,107.50963607686909,0.8932227338549978,-0.7842401113780836,1.6774628452330815,85.23205664421039,0.018080538177456,0.0592038571880901,0.016828947081328,0
2024-12-10 00:00:00+05:30,127.0,128.5,126.25,126.80999755859376,19581439,117.20699920654296,127.49607022021576,106.9179281928702,1.3412673701875375,-0.3591386150649593,1.700405985252497,91.921382285819,0.0053912655195698,0.0327387947967516,0.016809892470225,0
2024-12-11 00:00:00+05:30,126.6500015258789,128.7100067138672,126.04000091552734,126.9499969482422,10668920,117.75999908447264,128.90435338059527,106.61564478835002,1.688182436913607,0.0503255953307538,1.637856841582853,96.4772583433469,0.0011040090871679,0.0391257988944777,0.0135979834978556,0
2024-12-12 00:00:00+05:30,126.91999816894533,130.08999633789062,125.52999877929688,129.25999450683594,31966205,118.5144989013672,130.63590574941188,106.39309205332248,2.125016753844207,0.4652638270334445,1.6597529268107625,96.49121216281917,0.018196121418857,0.055442093724622,0.0128683238395416,0
2024-12-13 00:00:00+05:30,128.61000061035156,128.75,121.83999633789062,124.76000213623048,39292810,119.1679988861084,131.14870010456977,107.187297667647,2.0840753970453108,0.7890261410358178,1.2950492560094928,75.51412678808268,-0.0348134965328927,0.0070223807479874,0.0149932361795394,0
2024-12-16 00:00:00+05:30,124.55999755859376,124.8499984741211,123.0500030517578,123.61000061035156,8419719,119.75649909973144,131.3723396085639,108.140658590899,1.9365106750154268,1.0185230478317395,0.9179876271836872,69.1437052589527,-0.0092177100528033,-0.0199793601676155,0.0141298875827656,0
2024-12-17 00:00:00+05:30,122.8000030517578,124.4499969482422,120.25,121.11000061035156,9982096,120.1734992980957,131.32272426436273,109.02427433182868,1.599398591658499,1.1346981565970915,0.4647004350614074,60.8307285818896,-0.0202249007981206,-0.0449491133032192,0.0151510312076616,0
2024-12-18 00:00:00+05:30,122.0,122.4000015258789,117.9000015258789,119.80999755859376,15624814,120.59149932861328,130.9634041139509,110.21959454327568,1.2133487263052132,1.150428270538716,0.0629204557664973,57.45669423821119,-0.0107340685757266,-0.0562426117470442,0.0154414823174537,0
2024-12-19 00:00:00+05:30,117.12999725341795,119.80999755859376,116.5,118.91000366210938,12028931,121.00749969482422,130.3018010804306,111.71319830921784,0.825266284769782,1.0853958733849292,-0.2601295886151471,53.7910779111262,-0.0075118430416812,-0.0800711069516501,0.0152679261331517,0
2024-12-20 00:00:00+05:30,118.1500015258789,120.86000061035156,115.1999969482422,116.0999984741211,17911163,121.17099952697754,129.9609655132331,112.38103354072196,0.287648387832462,0.9258463762744358,-0.6381979884419737,43.93815284803378,-0.0236313607051353,-0.0694133016497801,0.0162032781286169,0
2024-12-23 00:00:00+05:30,117.0,121.61000061035156,116.98999786376952,121.19000244140624,24706531,121.52599983215332,129.6609262906074,113.39107337369924,0.2691999430316087,0.7945170896258704,-0.5253171465942617,46.91833873161017,0.043841550682016,-0.019577689159421,0.0181947552623408,0
2024-12-24 00:00:00+05:30,120.4499969482422,121.19000244140624,118.1500015258789,119.05999755859376,17000879,121.68749961853028,129.46677053100356,113.908228706057,0.0817633082421025,0.6519663333491169,-0.5702030251070144,44.33927835429496,-0.0175757475031187,-0.016926785908897,0.0186693233715784,0
2024-12-26 00:00:00+05:30,118.51000213623048,119.4000015258789,116.26000213623048,117.58999633789062,15502315,121.75399932861328,129.358698369705,114.14930028752156,-0.1832855862871554,0.4849159494218625,-0.6682015357090179,41.48043822134942,-0.01234672644756,-0.0185293486849243,0.0186758707389718,0
2024-12-27 00:00:00+05:30,117.47000122070312,118.48999786376952,115.2699966430664,115.52999877929688,7502006,121.71649932861328,129.44130219069314,113.99169646653344,-0.5531865415322414,0.2772954512310417,-0.8304819927632832,35.72404207840559,-0.0175184762543441,-0.0284248993248457,0.0190852544656352,0
2024-12-30 00:00:00+05:30,115.5,115.51000213623048,111.0,111.7300033569336,14270907,121.4474994659424,130.15935230294042,112.73564662894437,-1.139824400086198,-0.0061285190324061,-1.1336958810537916,26.653703621241576,-0.0328918502771095,-0.0376399239846809,0.0203792899710667,0
2024-12-31 00:00:00+05:30,111.7300033569336,113.6500015258789,111.30999755859376,113.12999725341795,8967876,121.14999923706054,130.57910841622237,111.72089005789871,-1.4747710792897235,-0.2998570310838697,-1.174914048205854,28.326988798372383,0.0125301517445761,-0.0665071790215136,0.0205296505666798,0
2025-01-01 00:00:00+05:30,112.5199966430664,113.33000183105467,112.1500015258789,112.93000030517578,7512039,120.65699920654296,130.7338749850938,110.58012342799212,-1.7363413556845586,-0.5871538960040075,-1.1491874596805511,27.830483569168265,-0.0017678507301134,-0.0514866233757578,0.0200988863149833,0
2025-01-02 00:00:00+05:30,112.93000030517578,114.3499984741211,112.02999877929688,114.06999969482422,7663473,120.25199928283692,130.7164772300413,109.78752133563252,-1.8305478447890664,-0.8358326857610193,-0.9947151590280472,25.05747103397249,0.0100947435275637,-0.0299344906258166,0.0188298559002338,0
2025-01-03 00:00:00+05:30,113.9000015258789,115.9000015258789,113.5,114.16999816894533,9466354,119.83699913024904,130.58557917140888,109.0884190890892,-1.8755183172939096,-1.0437698120675971,-0.8317485052263125,29.673693227995926,0.0008766413113756,-0.01177183956307,0.0188472459474421,0
2025-01-06 00:00:00+05:30,114.0999984741211,114.5500030517578,110.0,110.41999816894533,17656887,119.16349906921388,130.5139724712495,107.81302566717824,-2.188523464500875,-1.272720542554253,-0.9158029219466222,26.980793627630064,-0.0328457568550615,-0.0117247395384328,0.019877680525492,0
2025-01-07 00:00:00+05:30,110.41999816894533,112.25,110.41999816894533,111.47000122070312,7161545,118.43049926757811,129.78015688958382,107.08084164557243,-2.325054051893176,-1.4831872444220375,-0.8418668074711382,32.279410898479114,0.0095091746890927,-0.0146733498896526,0.0197970807465592,0
2025-01-08 00:00:00+05:30,111.1999969482422,111.4499969482422,109.0500030517578,109.76000213623048,15060506,117.57799949645997,128.83851617479945,106.31748281812048,-2.541936301723794,-1.6949370558823889,-0.8469992458414053,31.800076100535605,-0.0153404419641745,-0.0280704698519338,0.0191973886674946,0
2025-01-09 00:00:00+05:30,110.0999984741211,110.62999725341795,108.0500030517578,108.26000213623048,11144353,116.64349975585938,127.72996674200158,105.55703276971718,-2.8025484769275693,-1.916459340091425,-0.8860891368361443,31.123711677571663,-0.0136661804920361,-0.0509336159738533,0.0190609529022764,0
2025-01-10 00:00:00+05:30,108.26000213623048,109.0999984741211,104.8000030517578,106.02999877929688,18718493,115.48199996948242,125.84702356067504,105.1169763782898,-3.152685936379044,-2.163704659348949,-0.9889812770300948,31.77705266767896,-0.0205985896261801,-0.0712971842007311,0.019168834684884,0
2025-01-13 00:00:00+05:30,104.9000015258789,105.5,99.66000366210938,100.08999633789062,21293325,114.24849967956544,125.77158528609006,102.7254140730408,-3.864928460490205,-2.5039494195772,-1.360979040913005,12.956444401582658,-0.0560219042704174,-0.0935519109070218,0.0207996054197916,0
2025-01-14 00:00:00+05:30,101.69000244140624,106.33999633789062,101.31999969482422,105.87999725341795,19913009,113.36199951171876,124.57654473074132,102.14745429269615,-3.9170280463985847,-2.786565144941477,-1.1304629014571077,29.495949464624783,0.0578479481204201,-0.050148056930737,0.0250828182326901,0
2025-01-15 00:00:00+05:30,106.3000030517578,107.73999786376952,104.4000015258789,105.20999908447266,10322196,112.5669994354248,123.72303819425424,101.41096067659538,-3.966655461411918,-3.0225832082355653,-0.9440722531763526,30.248880482107797,-0.0063279012686571,-0.0414541086297584,0.0250807661295773,0
2025-01-16 00:00:00+05:30,106.5,108.38999938964844,105.93000030517578,107.5199966430664,10971452,111.95249938964844,122.77772055422088,101.127278225076,-3.776059978911604,-3.173278562370773,-0.6027814165408314,37.32192940911659,0.0219560648103329,-0.0068354468738405,0.0256798230978614,0
2025-01-17 00:00:00+05:30,107.0999984741211,109.4499969482422,106.93000030517578,108.81999969482422,9191948,111.44799919128418,121.83975698421372,101.05624139835466,-3.47999706423225,-3.234622262743069,-0.2453748014891816,44.99827427217823,0.0120908025701806,0.0263133164920126,0.0259219565808048,0
2025-01-20 00:00:00+05:30,109.0,110.25,107.7300033569336,109.87000274658205,11548609,111.13649940490724,121.31236689144046,100.960631918374,-3.1246199267879007,-3.212621795552036,0.088001868764135,44.32847271443399,0.0096489896590925,0.0977121267511629,0.0260840498562031,0
2025-01-21 00:00:00+05:30,110.0,111.56999969482422,108.1999969482422,109.87999725341795,17016648,110.5709991455078,119.5851913383573,101.55680695265832,-2.80978505870884,-3.1320544481833967,0.3222693894745565,44.65848909678133,9.096665683161476e-05,0.0377786182826036,0.0256761551977943,0
2025-01-22 00:00:00+05:30,109.51000213623048,110.4000015258789,104.7699966430664,107.0999984741211,12682214,109.97299919128416,118.1653841267831,101.78061425578524,-2.752865505614068,-3.056216659669531,0.3033511540554632,38.45644144244319,-0.0253003171531331,0.0179640662113396,0.0238294670757408,0
2025-01-23 00:00:00+05:30,106.58000183105467,109.8499984741211,106.5,109.13999938964844,7849758,109.55049934387208,116.91902676429083,102.1819719234533,-2.514163611715816,-2.947806050078788,0.4336424383629724,42.17242761455725,0.0190476278673363,0.0150669903009756,0.0242455505328425,0
2025-01-24 00:00:00+05:30,109.0,110.8000030517578,107.58000183105467,108.16999816894533,11993883,109.1824993133545,116.00884259257664,102.35615603413235,-2.375874035963122,-2.833419647255655,0.4575456112925331,46.1669513933585,-0.008887678450868,-0.0059731807360942,0.0241966689845922,0
2025-01-27 00:00:00+05:30,106.75,106.9499969482422,102.86000061035156,103.43000030517578,14423517,108.7674991607666,115.94204536158615,101.59295295994704,-2.618571502372532,-2.7904500182790306,0.1718785159064983,37.83292873374453,-0.0438198940926888,-0.0586147472505328,0.0255889202205468,0
2025-01-28 00:00:00+05:30,105.0,105.0,101.1999969482422,102.83999633789062,12819834,108.25299911499025,115.58442723473662,100.92157099524384,-2.8259436628770374,-2.797548747198632,-0.0283949156784051,39.160393888932575,-0.0057043794406296,-0.0640699043638568,0.0247790519986937,0
2025-01-29 00:00:00+05:30,103.0,105.16999816894533,103.0,104.36000061035156,10829311,107.82449913024902,115.00518351768652,100.64381474281151,-2.834956340536096,-2.805030265866125,-0.0299260746699703,43.894802291492944,0.0147802832223644,-0.0255835471784027,0.0248572443723603,0
2025-01-30 00:00:00+05:30,104.5,106.5999984741211,104.0999984741211,105.4499969482422,11418706,107.39349899291992,114.0082726531228,100.77872533271704,-2.7227590856448103,-2.7885760298218623,0.0658169441770519,49.05843867924296,0.0104445796427343,-0.0338098081550496,0.0250429382362989,0
2025-01-31 00:00:00+05:30,105.58000183105467,108.19000244140624,103.95999908447266,107.43000030517578,15726923,107.05649909973144,112.8538915796147,101.25910661984818,-2.4458776741581403,-2.7200363586891183,0.274158684530978,63.67362682999557,0.0187767037860175,-0.0068410638466848,0.0253391149829333,0
2025-02-01 00:00:00+05:30,107.69000244140624,108.3000030517578,104.4000015258789,106.52999877929688,12068981,106.86199913024902,112.4411677114668,101.28283054903125,-2.272869537033188,-2.6306029943579325,0.3577334573247448,51.48064098023275,-0.008377562350575,0.0299719468720329,0.0253570991442967,0
2025-02-03 00:00:00+05:30,104.0,104.30999755859376,100.3000030517578,102.2699966430664,16535047,106.4019989013672,111.89792330786224,100.90607449487216,-2.451249434346451,-2.5947322823556367,0.1434828480091856,44.24431977727193,-0.0399887560785212,-0.0055425876616276,0.0258213328321908,0
2025-02-04 00:00:00+05:30,104.0,107.2699966430664,103.6999969482422,106.68000030517578,14409187,106.24799880981443,111.51560403081062,100.98039358881827,-2.2112761337330653,-2.5180410526311228,0.3067649188980574,48.48047052692479,0.0431211871209966,0.0222307366927525,0.0276347678650512,0
2025-02-05 00:00:00+05:30,106.68000030517578,109.6500015258789,106.68000030517578,108.83999633789062,12920395,106.27699851989746,111.5973641932543,100.95663284654064,-1.825755760172868,-2.3795839941394723,0.5538282339666045,50.035081820549735,0.0202474318197958,0.032147932553401,0.0278484449554931,0
2025-02-06 00:00:00+05:30,109.0,109.66000366210938,107.19000244140624,107.9800033569336,8883930,106.3744987487793,111.74702089444808,101.00197660311052,-1.5715069786829758,-2.217968591048173,0.6464616123651972,46.66195769579869,-0.0079014425752754,0.0051196411635057,0.0277354964262864,0
2025-02-07 00:00:00+05:30,108.0500030517578,111.3000030517578,107.45999908447266,110.31999969482422,22943084,106.88599891662598,111.65306424371995,102.118933589532,-1.1677339294368494,-2.007921658725908,0.8401877292890587,50.7180196641174,0.0216706451671022,0.0355768418187938,0.0276810059301601,0
2025-02-10 00:00:00+05:30,109.0500030517578,109.5,104.80999755859376,105.18000030517578,14604374,106.85099906921388,111.65926439456724,102.04273374386052,-1.2481084555044504,-1.8559590180816168,0.6078505625771664,47.09091186523438,-0.0465917277362862,0.0284541288513542,0.0267491101393283,0
2025-02-11 00:00:00+05:30,105.19000244140624,105.3499984741211,99.5,100.0199966430664,19394967,106.59149894714356,112.25653725266277,100.92646064162432,-1.708480715862379,-1.8264633576377691,0.1179826417753904,37.37541244034783,-0.0490587910927725,-0.0624297304373577,0.0258891789872483,0
2025-02-12 00:00:00+05:30,100.0999984741211,106.06999969482422,99.1500015258789,105.75,49570655,106.50299911499025,112.16226256651048,100.84373566346996,-1.5926070826454009,-1.7796921026392958,0.1870850199938949,47.04012000991373,0.05728857777692,-0.0283902649931907,0.0289462027865241,0
2025-02-13 00:00:00+05:30,105.37999725341795,111.3000030517578,104.9499969482422,109.33000183105467,36029038,106.52849922180177,112.23611086952592,100.8208875740776,-1.1980893369622692,-1.6633715495038903,0.4652822125416214,57.42698918842815,0.0338534452109189,0.0125023007237607,0.0294953940004521,0
2025-02-14 00:00:00+05:30,110.0999984741211,113.1999969482422,104.43000030517578,105.70999908447266,32127888,106.32049903869628,111.81459081405154,100.82640726334104,-1.164115945206092,-1.563520428644331,0.3994044834382391,53.356727759515806,-0.0331107901395258,-0.0417875328417703,0.0303000698975353,0
2025-02-17 00:00:00+05:30,104.4000015258789,105.8000030517578,102.56999969482422,105.33000183105467,14572452,106.09299926757812,111.3376435600006,100.84835497515566,-1.1545455081175788,-1.4817254445389807,0.3271799364214018,51.16558664560775,-0.0035947143762087,0.0014261411432181,0.0302063026291571,0
2025-02-18 00:00:00+05:30,104.79000091552734,105.75,102.0,104.38999938964844,13096291,105.95749931335448,111.23254187765365,100.68245674905536,-1.2088760383955162,-1.427155563310288,0.2182795249147717,48.7216625820767,-0.0089243560720142,0.0436912906743731,0.0302455232452207,0
2025-02-19 00:00:00+05:30,103.41000366210938,107.19000244140624,103.3499984741211,106.52999877929688,10954930,105.82699928283692,110.89563754085658,100.75836102481723,-1.066954126038539,-1.3551152758559382,0.2881611498173995,48.91878728197247,0.0205000421703291,0.0073758749815306,0.0301325588054286,0
2025-02-20 00:00:00+05:30,106.0,110.4499969482422,105.5500030517578,109.83999633789062,13193348,105.91049919128416,111.19220051995288,100.62879786261549,-0.6795573338933849,-1.2200036874634277,0.5404463535700426,53.75879814939959,0.031071037233852,0.0046647260431222,0.0306192895391783,0
2025-02-21 00:00:00+05:30,109.3000030517578,115.16000366210938,108.75,112.76000213623048,44746596,106.37699928283692,112.3403632496889,100.41363531598492,-0.1353621500500708,-1.003075379980756,0.8677132299306853,62.28625543833362,0.0265841760350873,0.0666919223613289,0.0310364888102468,0
2025-02-24 00:00:00+05:30,111.0999984741211,112.16999816894533,107.6500015258789,108.20999908447266,24208995,106.64549942016602,112.41886427905447,100.87213456127756,-0.0704190198281367,-0.8165441079502324,0.7461250881220957,51.78612971502084,-0.040351214664405,0.0273426108739405,0.0307861994861929,0
2025-02-25 00:00:00+05:30,108.11000061035156,109.48999786376952,105.8000030517578,106.16999816894533,18825311,106.7359992980957,112.41448252020469,101.05751607598674,-0.1814702698122516,-0.6895293403226362,0.5080590705103846,46.87427095618038,-0.0188522403917114,0.0170514301149942,0.0310957987602966,0
2025-02-27 00:00:00+05:30,106.1999969482422,107.9800033569336,104.66999816894533,105.9800033569336,18631329,106.76249961853028,112.42062369062872,101.10437554643184,-0.2815644789367866,-0.6079363680454664,0.3263718891086797,47.62131351868911,-0.0017895339106004,-0.0051628220094391,0.0309647155604727,0
2025-02-28 00:00:00+05:30,104.75,105.5,101.5999984741211,105.0199966430664,27074952,106.6419994354248,112.3427584180007,100.94124045284892,-0.4333588880016918,-0.5730208720367115,0.1396619840350196,43.48253740109094,-0.0090583759526214,-0.0438820088813267,0.0309657803993021,0
2025-03-03 00:00:00+05:30,105.3000030517578,107.3000030517578,102.7300033569336,106.36000061035156,23398877,106.63349952697754,112.33546845495582,100.93153059899927,-0.4404526653716374,-0.5465072307036967,0.1060545653320592,51.60065050585586,0.012759512570158,-0.0567577279587736,0.0308133634028555,0
2025-03-04 00:00:00+05:30,104.58000183105467,108.8000030517578,104.05999755859376,107.66000366210938,25741726,106.90299987792967,112.23404263960823,101.57195711625111,-0.3372871174116199,-0.5046632080452813,0.1673760906336614,61.57576018194012,0.0122226687128401,-0.0050826672859864,0.0308619968760717,0
2025-03-05 00:00:00+05:30,107.5,112.9000015258789,107.5,112.52999877929688,39444472,107.19549980163576,113.08746300089362,101.30353660237787,0.1358739579157344,-0.3765557748530782,0.5124297327688125,60.54759752517177,0.045234952178452,0.059903934445125,0.0308118320917486,0
2025-03-06 00:00:00+05:30,113.5,114.9000015258789,110.9000015258789,111.97000122070312,34685528,107.35200004577636,113.58432651071186,101.11967358084088,0.4603636110289386,-0.2091718976766748,0.6695355087056134,54.53296436979704,-0.0049764290826311,0.0565200761845197,0.0296015128449807,0
2025-03-07 00:00:00+05:30,111.5,112.91000366210938,110.1999969482422,110.91000366210938,21834195,107.49850006103516,113.92762374727964,101.06937637479068,0.6247888774716301,-0.0423797426470138,0.667168620118644,59.7891633319191,-0.0094667995627185,0.0560846239508219,0.02943173885833,0
2025-03-10 00:00:00+05:30,110.9000015258789,112.66000366210938,106.8000030517578,107.2699966430664,24250223,107.34599990844728,113.63652706767488,101.05547274921966,0.4561210604592531,0.0573204179742395,0.3988006424850135,53.25284010593135,-0.0328194653219231,0.0085558107135463,0.0303108433638715,0
2025-03-11 00:00:00+05:30,105.5,108.81999969482422,104.5999984741211,108.12999725341795,32428743,107.49349975585938,113.70806584013984,101.27893367157893,0.3873799868683676,0.1233323317530651,0.2640476551153024,56.28782147532518,0.008017158919219,0.0043655357172722,0.0299700634930793,0
2025-03-12 00:00:00+05:30,108.4499969482422,108.88999938964844,104.8499984741211,106.66000366210938,23131611,107.82550010681152,112.97762654519536,102.67337366842769,0.2118439876045528,0.1410346629233627,0.0708093246811901,50.22360655324671,-0.0135946881406411,-0.0521638245877903,0.0282498129388982,0
2025-03-13 00:00:00+05:30,107.19000244140624,109.68000030517578,105.52999877929688,105.88999938964844,24988240,107.83250007629394,112.97312086242891,102.69187929015897,0.0104767643085921,0.1149230832004085,-0.1044463188918164,42.55560712751291,-0.0072192410090313,-0.054300274759044,0.0259187481749537,0
2025-03-17 00:00:00+05:30,106.6500015258789,107.33000183105467,105.0500030517578,106.13999938964844,15750246,107.67299995422364,112.8159390301234,102.53006087832384,-0.1274659521119758,0.0664452761379317,-0.1939112282499075,36.12740892613272,0.002360940612343,-0.043007881299805,0.0227477114587867,0
2025-03-18 00:00:00+05:30,106.13999938964844,106.13999938964844,106.13999938964844,106.13999938964844,0,107.69449996948242,112.80638765070265,102.5826122882622,-0.2340881264914855,0.0063385956120482,-0.2404267221035338,44.64008508886405,0.0,-0.0105341408481437,0.0214208527979227,0
2025-03-19 00:00:00+05:30,113.5,114.4000015258789,110.61000061035156,113.2300033569336,47657793,108.08950004577636,113.63461785119976,102.54438224035296,0.2506280149204229,0.0551964794737231,0.1954315354466997,64.49097454833593,0.0667986056911229,0.0471655066407061,0.0248046463062931,0
2025-03-20 00:00:00+05:30,114.0500030517578,114.9499969482422,111.62999725341795,113.95999908447266,23249893,108.56800003051758,114.41250772959631,102.72349233143883,0.6857684912728104,0.1813108818335406,0.5044576094392698,66.02408191454222,0.006447016743768,0.0684417323431667,0.0247564304043653,0
2025-03-21 00:00:00+05:30,114.0,115.88999938964844,113.4499969482422,115.3000030517578,25675545,109.00650024414062,115.48841923375872,102.52458125452252,1.1257703947366338,0.3702027844141592,0.7555676103224744,70.33228600202625,0.0117585466659391,0.0888658392326828,0.0246257419869981,0
2025-03-24 00:00:00+05:30,116.0999984741211,118.62999725341795,116.0500030517578,117.23999786376952,27623276,109.37650032043456,116.8306452878562,101.92235535301292,1.6124293594373,0.6186480994187875,0.9937812600185124,71.0200896601352,0.0168256267186814,0.1045788443372051,0.0245231664831682,0
2025-03-25 00:00:00+05:30,117.8499984741211,117.8499984741211,114.0999984741211,114.6999969482422,19985177,109.47350006103515,117.15990185412822,101.78709826794208,1.7727184540816552,0.8494621703513612,0.923256283730294,62.97934099123632,-0.0216649689680032,0.0806481779519265,0.0244041959078837,0
2025-03-26 00:00:00+05:30,114.6999969482422,116.0,113.0,113.29000091552734,15470453,109.7275001525879,117.57221131251151,101.88278899266427,1.7656208423860846,1.032693904758306,0.7329269376277787,51.60609100521321,-0.0122929038380977,0.0005298733269893,0.023943628530924,0
2025-03-27 00:00:00+05:30,112.8000030517578,115.0999984741211,112.6999969482422,113.87999725341795,14168313,110.11300010681153,117.97935484518464,102.2466453684384,1.7870042351926545,1.1835559708451755,0.6034482643474786,54.03122931826562,0.0052078412315534,-0.0007020167751614,0.0220467088350222,0
2025-03-28 00:00:00+05:30,113.9000015258789,116.1500015258789,113.5999984741211,115.18000030517578,23556805,110.57299995422365,118.4974940515144,102.64850585693289,1.8870968321449624,1.3242641431051332,0.5628326890398292,58.92184828376884,0.0114155521874916,-0.0010407870199983,0.0215537638838812,0
2025-04-01 00:00:00+05:30,114.3499984741211,117.4499969482422,113.41999816894533,116.87999725341795,15958627,111.1659999847412,119.1158165367448,103.21618343273762,2.079623873125257,1.475336089109158,0.6042877840160992,71.85085238311999,0.0147594803241704,-0.0030706296222375,0.0216299412754193,0
2025-04-02 00:00:00+05:30,116.87999725341795,119.1999969482422,114.25,118.6999969482422,21075705,111.78299980163574,120.07056467830007,103.4954349249714,2.351949890880704,1.650658849463467,0.7012910414172366,73.0283324928252,0.0155715241067135,0.0348735841885416,0.0215031148970399,0
2025-04-03 00:00:00+05:30,117.3000030517578,119.62999725341795,116.83999633789062,118.54000091552734,14441562,112.32699966430664,120.89851890449336,103.75548042411992,2.525744666958218,1.8256760129624172,0.7000686539958005,77.44917231262055,-0.0013479025849058,0.0463412477497866,0.021503847986343,0
2025-04-04 00:00:00+05:30,117.58000183105467,117.93000030517578,112.01000213623048,112.5999984741211,33987192,112.33049964904784,120.90242505598368,103.75857424211202,2.159278901699267,1.8923965907097875,0.2668823109894793,62.51399031143365,-0.0501096878313603,-0.0112398912027411,0.0245938063939959,0
2025-04-07 00:00:00+05:30,101.33999633789062,106.13999938964844,101.33999633789062,104.62999725341795,28546459,111.9634994506836,121.20293489403264,102.72406400733456,1.211771109013526,1.756271494370535,-0.5445003853570094,47.81349185744761,-0.0707815393313249,-0.0915957894061902,0.0273701007653384,0
2025-04-08 00:00:00+05:30,107.4499969482422,108.13999938964844,102.75,104.83000183105467,21280686,111.65949935913086,121.42972974515064,101.88926897311109,0.4715671225440019,1.4993306200052288,-1.0277634974612269,48.1140257417956,0.0019115414593033,-0.1030971569603702,0.0273877628414448,0
2025-04-09 00:00:00+05:30,104.0,105.4000015258789,101.12999725341795,104.97000122070312,20223188,111.5444995880127,121.58274026877253,101.50625890725289,-0.1025707175105168,1.1789503525020797,-1.2815210700125963,35.13318076370318,0.0013354897186215,-0.115669722666681,0.0273571720469845,0
2025-04-11 00:00:00+05:30,107.83999633789062,110.1999969482422,107.0,108.33999633789062,20467580,111.55499954223632,121.57863078612992,101.53136829834274,-0.2823933951848829,0.8866816029646872,-1.1690749981495705,40.76264876007252,0.0321043638944231,-0.086046941950889,0.0273992389654867,0
2025-04-15 00:00:00+05:30,110.20999908447266,113.72000122070312,109.66000366210938,113.25,18332836,111.88449935913086,121.66082156113984,102.10817715712189,-0.0283807462978415,0.7036691331121816,-0.7320498794100232,46.984401822974654,0.0453203233162022,0.0057726601659617,0.0290478724744555,0
2025-04-16 00:00:00+05:30,113.0,116.27999877929688,111.9000015258789,115.3000030517578,20145548,112.35499954223631,121.8173068961234,102.89269218834924,0.3344884470877503,0.6298329959072954,-0.2953445488195451,47.15543269967592,0.0181015722009518,0.101978458171003,0.0289871924265594,0
2025-04-17 00:00:00+05:30,114.5,115.83999633789062,113.0500030517578,113.95999908447266,18855830,112.74599952697754,121.76276361049769,103.7292354434574,0.5080809351467366,0.6054825837551836,-0.097401648608447,48.87538323791953,-0.0116218901285165,0.0870933615753626,0.0290890397977192,0
2025-04-21 00:00:00+05:30,113.95999908447266,117.1500015258789,112.8000030517578,115.98999786376952,17894053,113.2384994506836,121.80056791636756,104.6764309849996,0.8002335741665263,0.6444327818374521,0.1558007923290741,54.02744123523342,0.0178132572446945,0.1049823427161487,0.0292429401003971,0
2025-04-22 00:00:00+05:30,118.33999633789062,118.98999786376952,115.4499969482422,115.9800033569336,24367181,113.3759994506836,122.02537392684216,104.72662497452504,1.019211338389809,0.7193884931479235,0.2998228452418854,53.18762287169091,-8.616697146313079e-05,0.0705188044793294,0.0292436305311642,0
2025-04-23 00:00:00+05:30,116.86000061035156,117.3499984741211,114.38999938964844,116.76000213623048,15425789,113.51599960327148,122.29484849299608,104.73715071354688,1.2413822945953823,0.8237872534374153,0.4175950411579672,52.436770389099145,0.0067252867453055,0.0309933963464059,0.0255663390341201,0
2025-04-24 00:00:00+05:30,116.51000213623048,118.54000091552734,116.1999969482422,118.02999877929688,17054911,113.65249938964844,122.63077455642583,104.67422422287105,1.5026113253190658,0.9595520678137456,0.5430592575053204,51.79743920392903,0.0108769837258535,0.0236773257179669,0.0256249762719176,0
2025-04-25 00:00:00+05:30,118.5999984741211,120.3499984741211,113.38999938964844,114.80999755859376,24605025,113.53099937438964,122.36954152905938,104.69245721971993,1.4332879748006917,1.0542992492111347,0.378988725589557,44.1749034729626,-0.0272812103194559,0.0074587441290783,0.0262885063456226,0
2025-04-28 00:00:00+05:30,115.0,117.79000091552734,114.43000030517578,116.7699966430664,10864579,113.63449935913086,122.57852980920605,104.69046890905568,1.518994245665283,1.1472382485019643,0.3717559971633186,47.48507509283621,0.0170716760399927,0.0067247072477143,0.0262963720295847,0
2025-04-29 00:00:00+05:30,116.75,118.3000030517578,115.0,115.27999877929688,12258150,113.73399925231934,122.70612530295818,104.76187320168049,1.4499723291967823,1.207785064640928,0.2421872645558545,54.3591419834392,-0.0127601088173706,-0.0060355626605943,0.0259972004164138,0
2025-04-30 00:00:00+05:30,114.98999786376952,115.75,112.86000061035156,113.70999908447266,10657286,113.72549934387207,122.69736511824505,104.75363356949912,1.254129287029528,1.217053909118648,0.0370753779108798,68.65243056121508,-0.0136190120701682,-0.0261219852342859,0.026031590428818,0
2025-05-02 00:00:00+05:30,113.6999969482422,116.88999938964844,112.30999755859376,113.08000183105467,12362081,113.620499420166,122.56981727492942,104.6711815654026,1.0361427433263657,1.1808716759601916,-0.1447289326338259,66.65321691391625,-0.0055403857047783,-0.0419384647923121,0.0260401663271869,0
2025-05-05 00:00:00+05:30,114.0,115.43000030517578,113.12000274658205,114.79000091552734,9968201,113.51599960327148,122.35316849023734,104.67883071630564,0.9899578540772324,1.1426889115836,-0.1527310575063674,68.64085782932915,0.015122029154434,-0.000174171618253,0.0261338494223123,0
2025-05-06 00:00:00+05:30,114.5999984741211,115.8000030517578,111.12000274658205,111.56999969482422,13544063,113.15949974060058,121.68593078676736,104.6330686944338,0.6856253465572735,1.0512761985783343,-0.365650852021061,56.166483384433874,-0.0280512343847151,-0.0445319611007366,0.0266043744980044,0
2025-05-07 00:00:00+05:30,109.97000122070312,114.13999938964844,109.7300033569336,113.68000030517578,14213232,112.916499710083,121.06596237208043,104.76703704808556,0.6076939395362615,0.96255974676992,-0.3548658072336585,50.91919721388373,0.0189118994005828,-0.0138792374311548,0.0267235815013885,0
2025-05-08 00:00:00+05:30,114.0,114.8000030517578,108.44000244140624,109.23999786376952,13057983,112.74849967956544,121.06230918784912,104.43469017128174,0.1855230533587786,0.8071524080876918,-0.6216293547289132,38.24668877356997,-0.0390570234824683,-0.0393105378303842,0.0279374041068188,0
2025-05-09 00:00:00+05:30,107.0,109.31999969482422,106.25,109.01000213623048,13531998,112.96749992370606,120.58222728399274,105.35277256341938,-0.1656990728045571,0.612582111909242,-0.7782811847137991,39.96757118505269,-0.0021054168073665,-0.0359922146172665,0.0258168931670014,0
2025-05-12 00:00:00+05:30,112.7699966430664,118.4499969482422,112.4000015258789,118.23999786376952,25419079,113.6379997253418,120.56640510586068,106.70959434482292,0.297311160720767,0.5495279216715471,-0.25221676095078,53.52996771569512,0.0846710902363279,0.030054856004235,0.0271273086996307,0
2025-05-13 00:00:00+05:30,118.23999786376952,119.0999984741211,115.73999786376952,116.0,12595012,114.18949966430664,119.85332966607294,108.52566966254034,0.4779910165356682,0.5352205406443713,-0.057229524108703,50.02932060543863,-0.0189445018964762,0.0397060170054055,0.0276678970954293,0
2025-05-14 00:00:00+05:30,117.0,122.98999786376952,116.58000183105467,122.68000030517578,37164569,114.9064998626709,121.06177548008483,108.75122424525696,1.1469796342789351,0.6575723593712841,0.489407274907651,57.40000053405782,0.0575862095273773,0.0791695986615004,0.0299082752567066,0
2025-05-15 00:00:00+05:30,122.98999786376952,123.6500015258789,121.66000366210938,122.6999969482422,15860870,115.378999710083,122.390189534203,108.36780988596304,1.659640196524336,0.8579859268018946,0.8016542697224414,56.025806461774856,0.000162998394332,0.123214933611206,0.0294223644111487,0
2025-05-16 00:00:00+05:30,122.5999984741211,123.54000091552734,121.55999755859376,122.4800033569336,12476432,115.7379997253418,123.4340015603782,108.04199789030538,2.0248347072786004,1.0913556828972355,0.9334790243813648,60.72728770475867,-0.0017929388490645,0.1235666540384943,0.0280670565094914,0
2025-05-19 00:00:00+05:30,122.4800033569336,123.4499969482422,120.73999786376952,122.11000061035156,9899831,116.14549980163574,124.2948309710823,107.99616863218915,2.2583648346974314,1.3247575132572749,0.9336073214401566,57.81616945663091,-0.0030209237135939,0.0327300644156038,0.0279184331959276,0
2025-05-20 00:00:00+05:30,122.9000015258789,125.38999938964844,122.18000030517578,122.5199966430664,29030789,116.47199974060058,125.10404624851252,107.83995323268864,2.448299919077513,1.5494659944213227,0.8988339246561905,60.943171814397104,0.0033575958616454,0.0562068676126414,0.0277141495747028,0
2025-05-21 00:00:00+05:30,122.8499984741211,125.1999969482422,122.33000183105467,124.87999725341795,19286268,116.9169994354248,126.3250021320232,107.5089967388264,2.7574707612941864,1.7910669477958958,0.9664038134982906,66.48952585098095,0.0192621667892047,0.0179328084673096,0.0277525276826137,0
2025-05-22 00:00:00+05:30,124.0,126.75,123.5,125.73999786376952,18239762,117.36599922180176,127.56624258280466,107.16575586079884,3.0368784982008776,2.0402292578768924,0.9966492403239852,68.56305317332628,0.0068866161856679,0.0247758841983483,0.0277444083615705,0
2025-05-23 00:00:00+05:30,125.75,126.79000091552734,125.3499984741211,125.91999816894533,11048639,117.76049919128418,128.65550992792237,106.86548845464598,3.2355383905127297,2.27929108440406,0.9562473061086698,67.08627966230134,0.0014315278211696,0.0280861750304399,0.0277444848484635,0
2025-05-26 00:00:00+05:30,126.1999969482422,128.60000610351562,125.80999755859376,127.79000091552734,31013556,118.40949935913086,130.08306283991243,106.7359358783493,3.5034853811907998,2.524129943761408,0.9793554374293914,75.97695149589474,0.0148507208844863,0.0465154391678406,0.0278074962494751,0
2025-05-27 00:00:00+05:30,127.6999969482422,129.39999389648438,126.91999816894533,128.5800018310547,15363838,118.99999961853028,131.49058336337063,106.50941587368992,3.736509616365936,2.7666058782823137,0.9699037380836222,74.9164019554734,0.0061820244922727,0.0494613561379919,0.0268589352616989,0
2025-05-28 00:00:00+05:30,128.41000366210938,130.10000610351562,127.25,128.9600067138672,22610477,119.6840000152588,132.799486603366,106.56851342715156,3.906810935244721,2.9946468896747955,0.9121640455699254,88.15792853580813,0.0029553964644657,0.0326714409848174,0.0267376079566504,0
2025-05-29 00:00:00+05:30,131.75,131.8000030517578,128.8000030517578,129.9600067138672,38518032,120.49650039672852,134.05945640316432,106.93354439029272,4.075487912312184,3.2108150942022733,0.8646728181099106,89.36491939819228,0.0077543420280581,0.0335613879576308,0.0264265110972156,0
2025-05-30 00:00:00+05:30,130.0500030517578,130.6999969482422,128.8000030517578,129.17999267578125,11118329,121.30149993896484,134.922061301383,107.68093857654668,4.098974590311897,3.388446993424198,0.7105275968876992,80.12111236167004,-0.0060019544305141,0.0258894103735773,0.0261943318995335,0
2025-06-02 00:00:00+05:30,127.0,131.50999450683594,126.43000030517578,130.69000244140625,20767930,122.09650001525878,135.97053781753434,108.22246221298325,4.191120492095863,3.5489816931585314,0.6421387989373311,92.13993945516654,0.0116891922220097,0.0226934932710101,0.026070832086359,0
2025-06-03 00:00:00+05:30,130.7899932861328,133.0800018310547,129.7100067138672,130.2100067138672,19565087,123.02850036621092,136.42112742133554,109.63587331108631,4.177262260332668,3.674637806593359,0.5026244537393092,83.52624188061885,-0.0036727807680183,0.0126769704433058,0.0261089702048348,0
2025-06-04 00:00:00+05:30,130.63999938964844,132.14999389648438,129.64999389648438,131.8300018310547,12424794,123.93600044250488,137.11950312541455,110.7524977595952,4.248030922740199,3.789316429822727,0.4587144929174718,85.58064193866046,0.0124414026085368,0.0222549237575286,0.0249101240900664,0
2025-06-05 00:00:00+05:30,132.0,134.0,131.74000549316406,133.11000061035156,19181280,125.129500579834,136.96409273862375,113.29490842104424,4.357174011889541,3.90288794623609,0.4542860656534504,88.264867545904,0.0097094649284557,0.0242381789300742,0.0247941201034738,0
2025-06-06 00:00:00+05:30,133.4600067138672,135.3000030517578,132.41000366210938,135.0399932861328,15594995,126.43100013732912,136.37584888141745,116.4861513932408,4.546990104169851,4.031708377822842,0.5152817263470082,91.84460342981752,0.0144992312142711,0.0453630665939044,0.0223661592527797,0
2025-06-09 00:00:00+05:30,135.1999969482422,135.97999572753906,133.5500030517578,133.8300018310547,7300478,127.21050033569335,136.89255508946684,117.52844558191988,4.547365329862771,4.134839768230828,0.4125255616319432,84.79999962439922,-0.0089602452253851,0.0240263167112284,0.0226061631187897,0
2025-06-10 00:00:00+05:30,134.10000610351562,135.14999389648438,132.66000366210938,132.92999267578125,8767278,128.05699996948243,136.49228198159284,119.62171795737204,4.424041880855484,4.192680190755759,0.2313616900997246,77.21428877252512,-0.0067250178805915,0.0208892237283355,0.0150599855607769,0
2025-06-11 00:00:00+05:30,133.6199951171875,134.25,132.61000061035156,133.14999389648438,9131936,128.58049964904785,136.90960955187631,120.25138974621936,4.294554468260799,4.213055046256767,0.0814994220040317,76.18370050537266,0.0016550156685837,0.0100128350686159,0.0140088616837279,0
2025-06-12 00:00:00+05:30,133.0,133.6699981689453,129.7100067138672,129.97000122070312,11774457,128.9439998626709,136.814458893235,121.07354083210676,3.8904887951597686,4.148541796037367,-0.2580530008775987,61.80758276887707,-0.0238827849909891,-0.0235895077398433,0.0098775410471879,0
2025-06-13 00:00:00+05:30,126.5500030517578,129.9499969482422,126.5500030517578,129.35000610351562,7902097,129.2875,136.5459809020463,122.0290190979537,3.480118770759006,4.014857190981696,-0.5347384202226895,54.9056762210029,-0.0047702940014187,-0.0421355706865359,0.0100012601467406,0
2025-06-16 00:00:00+05:30,129.0,129.8300018310547,126.80999755859376,128.9199981689453,5962115,129.62799987792968,136.06074661949853,123.19525313636083,3.0846416939464376,3.828814091574644,-0.7441723976282062,51.0939387095824,-0.0033243750620791,-0.0366883628105131,0.010040126997197,0
