Date,Open,High,Low,Close,Volume,BBM_20_2.0,BBU_20_2.0,BBL_20_2.0,MACD_12_26_9,MACDs_12_26_9,MACDh_12_26_9,RSI_14,price_change_1d,price_change_5d,volatility_21d,label
2020-07-17 00:00:00+05:30,30.34178786926874,31.416213808540917,30.169879063207638,30.427743911743164,68818173,28.1349157333374,32.16171991773893,24.10811154893587,1.1368553741485883,0.9814050842298948,0.15545028991869347,71.1191676422678,0.026087139413645488,-0.04065021142750069,0.034163045656247504,NotLabeled
2020-07-20 00:00:00+05:30,30.4277382066745,30.771552475445265,29.9549882589231,30.55666732788086,27638440,28.32186574935913,32.437374341647356,24.206357157070908,1.1600668013566882,1.0171374276552536,0.14292937370143455,69.58177157055118,0.004237035006987133,-0.005594568454385329,0.03412930924651016,NotLabeled
2020-07-21 00:00:00+05:30,30.599648055503128,31.029418411782032,30.16987769922422,30.814533233642578,31595112,28.465838813781737,32.72338737943773,24.208290248125742,1.1856027575906793,1.0508304936423387,0.13477226394834063,70.52240554652761,0.008438940771738901,0.04824559212251289,0.03359020056601595,NotLabeled
2020-07-22 00:00:00+05:30,30.7715538262366,31.50216532735981,29.783084071381367,30.212854385375977,42531617,28.65064001083374,32.872695362934266,24.428584658733218,1.144101245290166,1.0694846439719043,0.07461660131826164,64.9056801582833,-0.019525814124930596,0.05555550742839399,0.033098459069947336,NotLabeled
2020-07-23 00:00:00+05:30,30.212854385375977,30.556668669239297,30.16987473086669,30.212854385375977,11579750,28.835441207885744,32.98721089953253,24.68367151623896,1.0985476245955716,1.0752972400966379,0.023250384498933796,66.66667240060406,0.0,0.018840615319068554,0.03064141106581095,NotLabeled
2020-07-24 00:00:00+05:30,29.912012898114618,29.912012898114618,28.923543153177548,29.525218963623047,15870701,29.00090265274048,32.97299952029698,25.028805785183977,0.9954842969645838,1.059334651470227,-0.06385035450564325,59.84249753460121,-0.02275969734543748,-0.029661250953666674,0.03128495158796624,NotLabeled
2020-07-27 00:00:00+05:30,29.52522224653427,29.61117828536055,28.83759033036211,29.224384307861328,13712354,29.192150402069093,32.7842821282173,25.600018675920886,0.8793939190508837,1.0233465049863586,-0.14395258593547489,56.224892154009225,-0.010189074503812012,-0.04360040333338033,0.031254664063736115,NotLabeled
2020-07-28 00:00:00+05:30,29.482241590058837,30.685599727974356,29.310332816229888,30.55666732788086,29751288,29.413481998443604,32.74741609786968,26.079547899017523,0.8846973234898492,0.9956166686870568,-0.11091934519720759,50.90086866265295,0.045588061188380546,-0.008368321006407053,0.031223961318666688,NotLabeled
2020-07-29 00:00:00+05:30,30.2988057953267,31.330255159030145,30.169873395281094,30.470714569091797,38860031,29.632664680480957,32.60228795492223,26.66304140603968,0.8719137613264927,0.970876087214944,-0.09896232588845133,43.65480815478731,-0.002812897030516015,0.008534783917690136,0.03099912336765389,NotLabeled
2020-07-30 00:00:00+05:30,30.599648694147486,30.8145338767718,29.224384836906935,29.43927001953125,25902582,29.763744831085205,32.42568697291107,27.101802689259337,0.7696813338965072,0.9306371365512567,-0.1609558026547495,37.78801965841158,-0.033850356453629105,-0.025604478013807497,0.032260396412405856,NotLabeled
2020-07-31 00:00:00+05:30,29.65415466532988,29.912016224033486,28.83759033036211,29.224384307861328,26453718,29.899122524261475,32.10151883562559,27.696726212897364,0.663671525333573,0.8772440143077199,-0.21357248897414693,41.20601793515956,-0.007299288043737473,-0.010189074503812012,0.031989260027430085,NotLabeled
2020-08-03 00:00:00+05:30,29.052472278749903,29.86903652292383,28.88056349909951,29.525218963623047,29156107,30.006564807891845,31.875128764013457,28.138000851770233,0.59705040540533,0.821205292527242,-0.2241548871219119,50.85711909079821,0.010293960433609417,0.010293960433609417,0.03180200271741908,NotLabeled
2020-08-04 00:00:00+05:30,29.69712449011275,30.083918382233126,29.482239358811082,29.740100860595703,19087784,30.098964881896972,31.689334385077807,28.508595378716137,0.5551919538764061,0.7680026247970748,-0.21281067092066874,58.02466091853415,0.007277910359865691,-0.026723021150284132,0.031209926223808762,NotLabeled
2020-08-05 00:00:00+05:30,30.169876094974047,32.14682225184515,30.1268997174089,31.588119506835938,81716003,30.15913257598877,31.880671263390475,28.437593888587067,0.6634901878045163,0.7471001373985632,-0.08360994959404688,62.43096469452827,0.06213895019733351,0.036671438577866144,0.03355345884387062,NotLabeled
2020-08-06 00:00:00+05:30,31.803006286275814,32.57659423722675,31.54514472892137,32.275753021240234,44354859,30.195663166046142,32.06564351300594,28.325682819086346,0.7956320453040391,0.7568065189796584,0.03882552632438063,62.01117650865387,0.021768738536508625,0.09635031710457298,0.027982829686915095,NotLabeled
2020-08-07 00:00:00+05:30,32.275749754353086,32.87742884653777,31.888955818028133,32.40468215942383,30210437,30.230044841766357,32.23799928717859,28.222090396354126,0.9003799042792302,0.7855211960395729,0.11485870823965727,62.011204765149195,0.00399461286305991,0.10882343381677351,0.0268186748132301,NotLabeled
2020-08-10 00:00:00+05:30,32.66254045231298,32.92040195800122,31.931932306381807,32.74849319458008,24215712,30.331040477752687,32.62710012162809,28.034980833877285,0.999613096830327,0.8283395761977238,0.17127352063260315,62.43092784718503,0.010609918451437883,0.10917020581382686,0.02687908428405919,NotLabeled
2020-08-11 00:00:00+05:30,33.00636399099042,35.06925969112262,32.877431575218864,33.436134338378906,75064417,30.533032608032226,33.16855166096623,27.89751355509822,1.1208228620457064,0.8868362333673203,0.23398662867838604,70.49184740893041,0.020997642233891556,0.12427777212686864,0.026072055390828804,NotLabeled
2020-08-12 00:00:00+05:30,32.8344546667717,33.43613379919045,32.49063708285028,33.30720138549805,18065708,30.767257404327392,33.51805635851142,28.01645845014336,1.1927296179014988,0.9480149102741561,0.2447147076273427,69.3548644945098,-0.0038560962692647527,0.05442178595943603,0.02378247353330116,NotLabeled
2020-08-13 00:00:00+05:30,33.60803931226368,34.08078930987751,32.96338380157662,33.30720138549805,15903731,30.9499098777771,33.869456482426926,28.03036327312727,1.2354744594648537,1.0055068201122956,0.22996763935255804,75.88241928190948,0.0,0.03195737566770429,0.02264801782054195,NotLabeled
2020-08-14 00:00:00+05:30,33.479110179717004,33.99483327674644,32.96338380380008,33.39315414428711,20231298,31.0981803894043,34.20148681445339,27.994873964355207,1.2617411570094568,1.056753687491728,0.20498746951772873,79.39395862965299,0.0025806058513966335,0.03050398643011576,0.021695878039043964,NotLabeled
2020-08-17 00:00:00+05:30,33.60804367510707,33.95186130366134,33.393158476982634,33.565067291259766,11048607,31.24860038757324,34.5280322132207,27.969168561925784,1.281655531117611,1.1017340562169047,0.1799214749007063,75.36237756732349,0.005148155404243848,0.02493470743303794,0.02119673398469297,NotLabeled
2020-08-18 00:00:00+05:30,33.56505611815141,35.32711350044201,33.393147361099125,35.026275634765625,25628065,31.459187507629395,35.137865030213526,27.780509985045263,1.3992158284778284,1.1612304106690896,0.23798541780873883,81.17647488809537,0.04353360387531091,0.047557569912066944,0.022809051237580466,NotLabeled
2020-08-19 00:00:00+05:30,35.49903436500092,35.7568959490837,35.06926396523362,35.327125549316406,22445005,31.714901065826417,35.72488818912442,27.704913942528414,1.4993754184139263,1.228859412218057,0.27051600619586935,94.77121073766945,0.008589263605639275,0.060645268284168496,0.022809626220937004,NotLabeled
2020-08-20 00:00:00+05:30,34.897349235128594,36.27261624863574,34.080788237072255,35.92879867553711,29129174,32.000698280334475,36.3595289381404,27.64186762252855,1.6087578488781773,1.304839099550081,0.30391874932809637,98.14812176733585,0.017031476998624617,0.0787096237746503,0.02208570422238239,NotLabeled
2020-08-21 00:00:00+05:30,36.444530483115244,38.46445001007817,36.27262167086805,36.48750686645508,51668043,32.348812675476076,36.978850827875675,27.71877452307648,1.7206922258806259,1.38800972481619,0.33268250106443586,98.21426307113572,0.015550427832656144,0.09266428408642402,0.022046640679447983,NotLabeled
2020-08-24 00:00:00+05:30,36.960248115945625,37.56192722942455,35.58498438132586,35.92879867553711,29942088,32.68403339385986,37.33237756256095,28.035689225158777,1.7442117570101061,1.4592501312549735,0.2849616257551326,90.90900379856893,-0.015312314786615877,0.0704223639346866,0.02156046361925411,NotLabeled
2020-08-25 00:00:00+05:30,36.31559878033636,36.31559878033636,34.55354079706804,35.327125549316406,48360282,32.92255630493164,37.60075046523811,28.24436214462517,1.6947649664072202,1.506353098285423,0.18841186812179722,79.59181948277008,-0.016746263398736083,0.008589263605639275,0.02190622852295363,NotLabeled
2020-08-26 00:00:00+05:30,35.627960205078125,36.01475414908684,35.284142637317636,35.627960205078125,35558982,33.18041858673096,37.858113725310325,28.502723448151592,1.6607092486861532,1.537224328365569,0.12348492032058411,78.26083321058985,0.008515684508261456,0.008515684508261456,0.02026788356442698,NotLabeled
2020-08-27 00:00:00+05:30,35.84285148677702,35.885827870365155,34.553540305805825,34.98331069946289,76106020,33.45762062072754,37.85023066153415,29.06501057992093,1.5636769252523521,1.5425148477429258,0.021162077509426336,70.00004733935096,-0.018093921232216648,-0.026315602272501626,0.020921600006975197,NotLabeled
2020-08-28 00:00:00+05:30,35.45605031003381,37.0891787873842,34.85437122475276,35.19818878173828,94254826,33.756310844421385,37.729280831412446,29.78334085743032,1.486976041088262,1.5314070864119933,-0.04443104532373132,69.38779453508094,0.006142302657440979,-0.03533587782348968,0.018742743350736175,NotLabeled
2020-08-31 00:00:00+05:30,35.58498491925587,35.84284646353419,32.748498095532085,33.092315673828125,57666292,33.93466567993164,37.39508464130464,30.47424671855864,1.2419472823105977,1.4735151255917143,-0.23156784328111657,47.77775914883713,-0.05982901907164995,-0.07894733768653017,0.02380702251926837,NotLabeled
2020-09-01 00:00:00+05:30,33.43612902648256,34.81139260808674,33.006358747370385,34.46757507324219,30350983,34.17103939056396,37.01620296445368,31.32587581667424,1.145527240688068,1.407917548610985,-0.26239030792291684,56.459308807134896,0.041558270293599264,-0.024331175059071564,0.025021974086256386,NotLabeled
2020-09-02 00:00:00+05:30,34.72544690214084,36.14368714333463,33.95185893138955,35.756893157958984,37788910,34.37947807312012,37.0322051001022,31.726751046138034,1.1597816166513866,1.3582903622190652,-0.1985087455676786,61.92470359635922,0.03740669548052189,0.0036188699027031035,0.025847006149112117,NotLabeled
2020-09-03 00:00:00+05:30,36.143688210059274,36.31559701739848,35.11223864491182,36.0147590637207,26752019,34.56642837524414,37.120065193320336,32.01279155716795,1.1783031901118832,1.322292927797629,-0.14398973768574574,62.55147610493272,0.007211641811903924,0.029484012337164245,0.022816016421573004,NotLabeled
2020-09-04 00:00:00+05:30,35.06925525785105,36.229637016443085,34.46757619179078,34.81139373779297,33046839,34.6867639541626,37.02960469676437,32.34392321156083,1.0833914830327132,1.2745126388446457,-0.19112115581193256,55.430680234183605,-0.03341311610050279,-0.010989061009468504,0.02411215141619936,NotLabeled
2020-09-07 00:00:00+05:30,34.94033380206702,35.54200972122879,34.166745793304976,34.72544860839844,21726444,34.78561172485352,36.94365535005447,32.627568099652564,0.9898280955627712,1.2175757301882708,-0.22774763462549963,48.510698570376384,-0.0024688792997455966,0.049350820615491564,0.024151923938156714,NotLabeled
2020-09-08 00:00:00+05:30,34.98330636787747,34.98330636787747,32.834454665660026,33.264225006103516,65744243,34.77701625823975,36.95892870087211,32.59510381560739,0.788678509235865,1.1317962859977897,-0.3431177767619247,40.83967564838984,-0.042079329738061944,-0.03491252473031836,0.026047404144801348,NotLabeled
2020-09-09 00:00:00+05:30,32.66254692271704,34.1237667829319,32.017891391347625,33.82292556762695,33871868,34.80280246734619,36.92288979295187,32.68271514174051,0.6666635959760754,1.038769747993447,-0.3721061520173716,40.613031250106275,0.01679583881545188,-0.054086566799541935,0.025902407557306297,NotLabeled
2020-09-10 00:00:00+05:30,34.08078875226368,34.295673918976846,32.44766017368862,33.092315673828125,34271287,34.7920581817627,36.94596735520042,32.63814900832497,0.5051882895466875,0.9320534563040952,-0.4268651667574077,35.09430309428835,-0.021601025976833887,-0.08114571541966775,0.02634986011126157,NotLabeled
2020-09-11 00:00:00+05:30,33.092316748913106,33.69399589103449,32.66254640152462,33.436134338378906,27698575,34.79420719146729,36.942317599948886,32.64609678298569,0.40034629576080505,0.8257120241954372,-0.42536572843463216,38.846156340927095,0.010389682847812942,-0.03950601374288021,0.02644673247472476,NotLabeled
2020-09-14 00:00:00+05:30,33.8229223043152,34.55353380337538,33.60803714792466,33.99483108520508,19240968,34.81569538116455,36.92019079374309,32.711199968586016,0.3582111830456256,0.732211855965475,-0.3740006729198494,44.015408156795814,0.016709370203267904,-0.021039829648641484,0.026680471065662358,NotLabeled
2020-09-15 00:00:00+05:30,33.951858521438844,34.33865250214416,32.87743261886166,33.90888214111328,40622954,34.759825706481934,36.89981179943096,32.61983961353291,0.31426083785067505,0.648621652342515,-0.33436081449183996,42.125989480025886,-0.0025282944891349413,0.019379893410758298,0.026676149315766357,NotLabeled
2020-09-16 00:00:00+05:30,33.60804156604373,34.12376797651086,32.576595302884876,32.66254806518555,25760010,34.62659683227539,36.942426250824234,32.310767413726545,0.17682282529799664,0.5542618869336113,-0.3774390616356147,39.92535434990256,-0.03675538670785605,-0.03430742559869049,0.025994148764726503,NotLabeled
2020-09-17 00:00:00+05:30,33.04933874333332,33.95185577265165,32.318727221399534,32.79147720336914,35814255,34.46973075866699,36.838579384874016,32.100882132459965,0.07741334129788413,0.4588921778064659,-0.3814788365085818,39.47369211369057,0.003947308027723029,-0.00909088603602648,0.025910302674119822,NotLabeled
2020-09-18 00:00:00+05:30,33.00636513391211,33.22125031504725,32.404685970956194,32.53361511230469,12510061,34.272036170959474,36.59128371185197,31.952788630066976,-0.021923980682238664,0.362728946108725,-0.3846529267909637,47.08520607748265,-0.007863692430359892,-0.026992331617662013,0.025503848427718634,NotLabeled
2020-09-21 00:00:00+05:30,32.662550030808944,32.79148246090677,30.083927659955606,30.384765625,19226309,33.99483451843262,36.76227733078648,31.227391706078755,-0.2709207136347658,0.2359990141600269,-0.5069197277947927,30.290503501098286,-0.0660501293780893,-0.1061945403157546,0.028367294920339542,NotLabeled
2020-09-22 00:00:00+05:30,30.427743906959066,30.728581858352875,29.052476737574256,30.513696670532227,24497183,33.754163074493405,36.85132238806782,30.657003760918986,-0.4526311108783716,0.0982729891523472,-0.5509041000307188,21.495321675872205,0.004243279251301635,-0.10012672952331025,0.028446072420214182,NotLabeled
2020-09-23 00:00:00+05:30,30.943465417959835,31.11537421494824,28.794613652823735,29.912015914916992,32810668,33.468365859985354,36.876753602559965,30.059978117410743,-0.6378359426610061,-0.04894879721032347,-0.5888871454506825,18.017974973696454,-0.019718382931829148,-0.0842105810232332,0.02850245797188692,NotLabeled
2020-09-24 00:00:00+05:30,29.2243815487091,29.56819911377825,28.064003004653514,28.23590850830078,36129941,33.130995750427246,37.18298521687078,29.07900628398371,-0.909377231421221,-0.22103448405250298,-0.688342747368718,17.167349519907518,-0.05603458527782956,-0.13892538804565657,0.030123583894118417,NotLabeled
2020-09-25 00:00:00+05:30,28.708657998336367,29.697127743273438,28.27888768865401,29.525218963623047,17492984,32.847347259521484,37.08024221019923,28.61445230884374,-1.0089090055931536,-0.3786093883606331,-0.6302996172325204,26.819879134968218,0.045662085034141375,-0.09247039218656705,0.03245061904912569,NotLabeled
2020-09-28 00:00:00+05:30,29.78308330051021,31.02941455572614,29.740103647113358,30.68560028076172,15164031,32.72701148986816,37.066091550713104,28.38793142902322,-0.9828261708211485,-0.4994527448527362,-0.4833734259684123,38.18895752944326,0.03930136194987521,0.009900838448929639,0.03392285288492638,NotLabeled
2020-09-29 00:00:00+05:30,30.900490659555814,31.28728465335006,29.912017484180268,30.59964942932129,36276344,32.53361520767212,36.89080503690952,28.176425378434722,-0.9580470813474911,-0.5911716121516872,-0.3668754691958038,34.56789559763705,-0.0028010158072193647,0.0028168582691610045,0.03159762908691555,NotLabeled
2020-09-30 00:00:00+05:30,30.599647578057247,30.685603615304423,28.880566179764422,29.009498596191406,26512197,32.19624547958374,36.547476417725434,27.84501454144204,-1.054564988461422,-0.6838502874136343,-0.3707147010477878,31.939155606089898,-0.05196630885601461,-0.030172400325432558,0.031558378174407216,NotLabeled
2020-10-01 00:00:00+05:30,29.439270022244767,29.954993149035587,29.224384839600642,29.353317260742188,21021810,31.863173389434813,35.99813867883207,27.728208100037556,-1.0907394667949433,-0.7652281232898961,-0.3255113435050472,31.939155606089898,0.011851934062587333,0.039574032197791986,0.03019553229426278,NotLabeled
2020-10-05 00:00:00+05:30,29.439266508630766,30.814530201858606,29.439266508630766,30.212854385375977,32322342,31.633246421813965,35.5853125468832,27.681180296744724,-1.0380841510820993,-0.8197993288483367,-0.21828482223376255,33.70370376458254,0.02928245271219665,0.02328976535619054,0.03115371925256666,NotLabeled
2020-10-06 00:00:00+05:30,30.51369790533078,30.642630334795783,29.267363109758,29.482248306274414,19373127,31.371086406707764,35.15136619808763,27.590806615327896,-1.04328193395812,-0.8644958498702935,-0.1787860840878266,31.92981937068214,-0.02418196141888529,-0.03921552661434313,0.03083869623589177,NotLabeled
2020-10-07 00:00:00+05:30,29.654151603357114,29.74010435442063,28.622702196158542,28.79461097717285,21668837,31.14760570526123,34.984691416397816,27.310519994124643,-1.0903192780319557,-0.909660535502626,-0.18065874252932967,33.4558641769339,-0.02332377510555117,-0.05898886052004271,0.031006546611336165,NotLabeled
2020-10-08 00:00:00+05:30,28.966522217011597,29.82606291615801,28.837589800584613,29.009498596191406,21527332,30.906934356689455,34.639889691282306,27.1739790220966,-1.0976045748287007,-0.947249343367841,-0.15035523146085972,33.94161257844358,0.007462772085683245,0.0,0.030191128145990138,NotLabeled
2020-10-09 00:00:00+05:30,29.396295028599216,30.25583579973435,29.09545379136922,29.18140983581543,31357732,30.71138906478882,34.37135233509513,27.051425794482505,-1.077090397080319,-0.9732175541103366,-0.10387284296998234,35.66178768082044,0.005926032780400936,-0.005856490542439308,0.029871238732352777,NotLabeled
2020-10-12 00:00:00+05:30,29.568196900582183,29.654149645972208,28.53674756146661,28.83758544921875,22895449,30.481461620330812,33.99556533938937,26.967357901272248,-1.076171087552055,-0.9938082607986802,-0.0823628267533747,42.17389156630225,-0.011782308960778587,-0.04551933156050636,0.029700620256145463,NotLabeled
2020-10-13 00:00:00+05:30,28.7946137223609,29.009498899393446,28.364843368295812,28.407819747924805,11039140,30.202111053466798,33.41566407444629,26.9885580324873,-1.097470076628266,-1.0145406239645975,-0.08292945266366836,39.662449074674,-0.014902971056669712,-0.03644323686538353,0.029510459721738793,NotLabeled
2020-10-14 00:00:00+05:30,28.36484145852255,28.7086590301808,28.106979919222546,28.32186508178711,13586333,29.922760200500488,32.72453855964149,27.120981841359487,-1.1085073197658701,-1.0333339631248522,-0.07517335664101799,41.7777841773504,-0.003025739634382685,-0.016417860125303108,0.029017408596456,NotLabeled
2020-10-15 00:00:00+05:30,28.536749693932922,29.05247276258563,28.064003001186723,28.19293212890625,13454670,29.699279403686525,32.28565315687943,27.112905650493627,-1.1148074202343672,-1.0496286545467552,-0.06517876568761194,49.73545408393051,-0.0045524174523298155,-0.028148244774984232,0.029000808372162512,NotLabeled
2020-10-16 00:00:00+05:30,28.36484121279656,29.31033460833484,28.149956052093554,29.095449447631836,14610588,29.51447801589966,31.661407572910022,27.367548458889296,-1.0350433547744906,-1.0467115945923025,0.011668239817811843,47.22223112573589,0.03201218357136515,-0.002945724304179831,0.029510624502582197,NotLabeled
2020-10-19 00:00:00+05:30,29.396292802967967,30.04094833251162,29.3103367650296,29.86903953552246,15157981,29.381249237060548,31.006687341386268,27.755811132734827,-0.8990438850266216,-1.0171780526791663,0.1181341676525447,44.44447328172556,0.026588009553967895,0.03576769934917201,0.03026065260426426,NotLabeled
2020-10-20 00:00:00+05:30,29.78308050996555,29.95498599189737,29.52521572929404,29.740100860595703,9770876,29.349015998840333,30.91514986494428,27.782882132736386,-0.7925317858163083,-0.9722487993065947,0.17971701349028635,44.186011108029135,-0.004316800169399948,0.04689839362868464,0.030247869556766078,NotLabeled
2020-10-21 00:00:00+05:30,29.740108682822786,30.857514282600366,29.697132301036206,30.513696670532227,18830923,29.349015998840333,30.91514986494428,27.782882132736386,-0.6383390875133905,-0.9054668569479539,0.2671277694345634,61.43786811468717,0.02601187580239528,0.07739008650791912,0.027306926655548715,NotLabeled
2020-10-22 00:00:00+05:30,30.85751532355753,31.373238480169555,30.16988007622434,30.9864444732666,38367335,29.402737426757813,31.116899236853733,27.688575616661893,-0.4725462474566413,-0.8188827350496914,0.34633648759305014,62.179433016951904,0.01549297051218712,0.09908555561328658,0.027492536703810612,NotLabeled
2020-10-23 00:00:00+05:30,31.330257420916215,31.803004123734798,30.556669522567717,31.416210174560547,26294137,29.5617525100708,31.405320716448095,27.718184303693505,-0.30298312597042454,-0.7157028132338381,0.41271968726341357,59.58898842065491,0.013869474494394574,0.07976370088751472,0.027196591054224395,NotLabeled
2020-10-26 00:00:00+05:30,31.416209301145727,31.416209301145727,29.9549895776044,30.255830764770508,17021644,29.598283100128175,31.467578096327024,27.728988103929325,-0.25924760620269893,-0.6244117718276103,0.3651641656249114,55.76917277703779,-0.03693569031218358,0.012949570366601382,0.02539408234233199,NotLabeled
2020-10-27 00:00:00+05:30,30.34178263137307,30.427738659008927,29.224380503204458,29.310333251953125,19003973,29.529519748687743,31.33032900899873,27.728710488376755,-0.2974517999290569,-0.5590197774478997,0.26156797751884275,53.70367275710875,-0.031250092591022405,-0.014450778450855961,0.02455741969753969,NotLabeled
2020-10-28 00:00:00+05:30,29.396294167443536,30.083926108430106,29.052476557506385,29.56820297241211,19587914,29.477947425842284,31.207380933996717,27.748513917687852,-0.30342329252786016,-0.5079004804638918,0.20447718793603165,53.98773139765682,0.008797911584365936,-0.03098587851642376,0.02296326789310519,NotLabeled
2020-10-29 00:00:00+05:30,29.224383228137754,29.43926839893288,28.493774958989306,28.880565643310547,19325359,29.47150077819824,31.20922801338899,27.73377354300749,-0.3594982569421177,-0.478220035759537,0.1187217788174193,47.99997666857122,-0.02325597297012416,-0.06796129293804232,0.023449376125277355,NotLabeled
2020-10-30 00:00:00+05:30,29.09544865394069,29.740104118464224,28.708657998336367,29.525218963623047,18625629,29.480095863342285,31.2170621553833,27.74312957130127,-0.3479094512936918,-0.45215791886636797,0.1042484675726762,54.39559608866347,0.022321353683798728,-0.060191576273217695,0.021097063593591,NotLabeled
2020-11-02 00:00:00+05:30,29.654155204888887,29.82606400678172,29.224384839600642,29.353317260742188,12294902,29.437119007110596,31.1399460114923,27.734292002728893,-0.34857807899218685,-0.43144195089153176,0.08286387189934491,56.24999842398766,-0.005822199086572555,-0.029829407463476287,0.02099697387696202,NotLabeled
2020-11-03 00:00:00+05:30,29.654158151848474,30.0409521748241,29.568205381804113,29.826066970825195,12299345,29.454309940338135,31.165974404731905,27.742645475944364,-0.3074173052565534,-0.40663702176453614,0.09921971650798272,59.459464646370144,0.01610549519441462,0.017595627945912407,0.02026901047217797,NotLabeled
2020-11-04 00:00:00+05:30,29.82606315599707,30.169877471087798,29.439269182493362,29.86903953552246,12441955,29.508031368255615,31.199844812148264,27.816217924362967,-0.2682374938324834,-0.37895711617812566,0.11071962234564225,60.655730946258565,0.001440772085012032,0.01017432690755804,0.019524449288300983,NotLabeled
2020-11-05 00:00:00+05:30,30.12690271360243,33.350180534862766,30.12690271360243,32.87743377685547,85133089,29.701428127288818,31.94698031588466,27.455875938692976,0.005501642561458908,-0.30206536443020876,0.30756700699166767,68.96550272930828,0.10071948372344552,0.13839300043178682,0.02854173120974293,NotLabeled
2020-11-06 00:00:00+05:30,33.0923145662629,33.8659024520941,32.318726680431695,32.61956787109375,41712940,29.873336029052734,32.45284928414729,27.293822773958176,0.1993364305294385,-0.20178500543827932,0.4011214359677178,64.54541108186254,-0.00784324918763113,0.10480358879922758,0.02871643636366544,NotLabeled
2020-11-09 00:00:00+05:30,33.049337635140645,33.60803707318114,31.974911855577474,32.49063491821289,28838164,30.05598850250244,32.836227291874664,27.275749713130217,0.338644402861096,-0.09369912377840427,0.43234352663950026,64.54545014407547,-0.003952626024672612,0.10688119607069502,0.02879817572540128,NotLabeled
2020-11-10 00:00:00+05:30,32.576591494966976,33.049338190136126,32.1468211759246,32.61956787109375,18913828,30.26657590866089,33.157022769797805,27.376129047523975,0.4542148799563286,0.015883676968542315,0.4383312029877863,61.95118783062197,0.003968311275092562,0.09365971393415906,0.02852912873895806,NotLabeled
2020-11-11 00:00:00+05:30,32.79147985551973,34.29567611900435,32.66254743566599,34.037811279296875,47615635,30.552373218536378,33.747483248597995,27.35726318847476,0.6527215383923703,0.14325124925330793,0.5094702891390624,65.63873758100682,0.04347830154610732,0.13956832253734186,0.029200338028597426,NotLabeled
2020-11-12 00:00:00+05:30,34.381625022485494,34.55353380337538,33.77994592881454,33.99483108520508,30338907,30.842468166351317,34.18570677358771,27.499229559114923,0.797379656574055,0.2740769307174573,0.5233027258565977,63.76143613880938,-0.001262719090223574,0.03398675565537035,0.029166426631690816,NotLabeled
2020-11-13 00:00:00+05:30,33.822921734457864,33.822921734457864,33.264222304587946,33.65101623535156,13598972,31.070246505737305,34.531007579404886,27.60948543206973,0.8742020157699741,0.3941019477279607,0.48010006804201344,69.84920644655543,-0.010113739026729518,0.03162054041714768,0.029321653924538348,NotLabeled
2020-11-14 00:00:00+05:30,33.95185525124567,34.295672818509416,33.7799464676138,34.080787658691406,3592162,31.28083391189575,34.940676818461036,27.620991005330467,0.9587118179617562,0.5070239217747199,0.4516878961870363,79.67911189503593,0.012771424801381048,0.04894187954410034,0.028858986291048373,NotLabeled
2020-11-17 00:00:00+05:30,34.295673920788076,35.155214587686146,34.295673920788076,34.639488220214844,20430699,31.52580327987671,35.40096408688817,27.650642472865243,1.0585664164049113,0.6173324207007582,0.4412339957041531,80.41231877725461,0.016393416933864646,0.06192357780775737,0.028614380083465174,NotLabeled
2020-11-18 00:00:00+05:30,34.639483833358426,35.02627774025521,34.209713554336886,34.424598693847656,15968025,31.721348381042482,35.77218418596292,27.670512576122043,1.107594456769494,0.7153848279145054,0.39220962885498856,85.24584677483895,-0.006203599920445169,0.011363463160924292,0.028656132648001178,NotLabeled
2020-11-19 00:00:00+05:30,34.338649747238996,34.940328860188515,33.994832174442884,34.29567337036133,17608908,31.886809825897217,36.07912237739379,27.694497274400643,1.12309993886511,0.7969278501046264,0.32617208876048354,82.45615401065966,-0.0037451510948004474,0.008849647889181078,0.028422903856054154,NotLabeled
2020-11-20 00:00:00+05:30,34.46758474978182,35.584990412287134,34.03781435001453,35.327125549316406,27450386,32.08235559463501,36.53876663129389,27.625944557976133,1.2047303343966718,0.8784883469630356,0.3262419874336362,86.38738346030982,0.030075285818603303,0.04980857939749339,0.02884270387929424,NotLabeled
2020-11-23 00:00:00+05:30,35.58498752748828,37.991700915300434,35.0692611222436,37.17513656616211,70283696,32.42832088470459,37.33887840986434,27.517763359544833,1.4023763341267994,0.9832659443957883,0.4191103897310111,88.34075630528048,0.052311389282603704,0.09079452442413172,0.03049659483455359,NotLabeled
2020-11-24 00:00:00+05:30,37.26108223822302,37.733832172806196,36.4015416719075,37.30406188964844,19487876,32.82800731658936,37.96600817357201,27.690006459606703,1.5515303331207946,1.0969188221407897,0.45461151098000485,88.44439237118921,0.003468052451048198,0.07692300915342654,0.028710589892326402,NotLabeled
2020-11-25 00:00:00+05:30,37.347040982312,38.55039589546636,36.57345310472991,37.00322341918945,28682450,33.19975833892822,38.41991420510447,27.97960247275197,1.6267091115196948,1.2028768800165708,0.423832231503124,79.62956976551143,-0.008064496336857796,0.07490645710279975,0.027446825050505278,NotLabeled
2020-11-26 00:00:00+05:30,37.046199917785586,40.22650091111664,36.788338384031675,40.01161575317383,60920144,33.756310844421385,39.39431331976296,28.118308369079813,1.907057581505967,1.34371302031445,0.5633445611915169,88.05308396385924,0.08130081803695677,0.16666657397525464,0.03136916919566847,NotLabeled
2020-11-27 00:00:00+05:30,40.22650149836512,42.719170678445984,40.22650149836512,41.644744873046875,76580878,34.36228713989258,40.65296025404897,28.07161402573619,2.2352490751716374,1.5220202312858877,0.7132288438857497,90.80460239192973,0.04081637517333947,0.17883196624393105,0.03057247391084499,NotLabeled
2020-12-01 00:00:00+05:30,41.77367350502077,43.57871080393358,41.171997684270465,42.93405532836914,46440917,35.041324043273924,41.956346704000595,28.126301382547254,2.569757215360795,1.7315676281008692,0.8381895872599259,91.66666923499156,0.03095973956024234,0.15491318376080865,0.030691299014187365,NotLabeled
2020-12-02 00:00:00+05:30,43.19192433396826,45.684593915543466,42.97703913827687,44.43825912475586,71746317,35.77193365097046,43.41614001587489,28.127727286066037,2.9225447253021173,1.969763047541119,0.9527816777609983,91.72414468575604,0.0350352135357872,0.19124451530805286,0.030371104349191137,NotLabeled
2020-12-03 00:00:00+05:30,44.65313464580592,46.84496251119447,44.65313464580592,46.63007736206055,44663015,36.609985542297366,45.151765074262,28.068206010332734,3.3404857423311256,2.2439075864991205,1.0965781558320051,93.23531469553812,0.04932277457475065,0.26016257648188335,0.030996747581783966,NotLabeled
2020-12-04 00:00:00+05:30,47.01687295708767,48.263207522132035,45.94244717323689,47.18878173828125,65064684,37.32555294036865,46.887624294048265,27.76348158668904,3.6744332045756636,2.530012710114429,1.1444204944612344,95.65218733630611,0.01198163090922244,0.17937705963644102,0.030732304451521447,NotLabeled
2020-12-07 00:00:00+05:30,47.48962731794878,49.079776423374746,46.80199536097776,47.274742126464844,62272111,38.05831165313721,48.322291635137795,27.794331671136625,3.901056310467659,2.804221430185075,1.096834880282584,95.54897674296099,0.0018216276203175674,0.13519106121506796,0.02522185803006754,NotLabeled
2020-12-08 00:00:00+05:30,47.61855750440645,48.73595979178247,45.64161121264004,47.919395446777344,51337239,38.82974967956543,49.636655082812794,28.022844276318065,4.0855788798328305,3.0604929201146263,1.0250859597182043,95.57523606840329,0.013636315954680178,0.11611621777349512,0.024559370267930498,NotLabeled
2020-12-09 00:00:00+05:30,48.17725483625323,48.43511638649909,46.80199104901699,47.016876220703125,36858447,39.5496150970459,50.53139215001816,28.567838044073643,4.111592705263064,3.270712877144314,0.8408798281187497,91.26763662366952,-0.018834111274976806,0.0580269602530572,0.02544623339528563,NotLabeled
2020-12-10 00:00:00+05:30,46.844969539898926,48.30618942903111,45.55565845164483,47.919395446777344,42650848,40.24369430541992,51.509717768849555,28.977670841990285,4.157113985896508,3.447993098894753,0.7091208870017551,92.49329471622924,0.019195644173332083,0.027649923775717733,0.0252409349594052,NotLabeled
2020-12-11 00:00:00+05:30,47.87641579947169,51.3145784668824,47.87641579947169,49.63847351074219,83591037,41.025876426696776,52.632254070751806,29.419498782641746,4.282538721000861,3.614902223315975,0.6676364976848865,92.80205086547984,0.03587436877984351,0.051912587742727334,0.024921404498254595,NotLabeled
2020-12-14 00:00:00+05:30,49.89633667774321,51.74435048313232,49.89633667774321,50.326107025146484,50554044,41.85963096618652,53.62993976040127,30.089322171971776,4.386856059100616,3.7692929904729033,0.6175630686277125,92.26518835785221,0.013852833614141913,0.06454535258000815,0.024539980047947236,NotLabeled
2020-12-15 00:00:00+05:30,50.28313010636985,50.4980152777646,48.69298114960376,50.11122131347656,44061093,42.66115264892578,54.38423292652982,30.938072371321738,4.401451625523045,3.8957247174829317,0.505726908040113,90.93406111066676,-0.004269865570220799,0.04573984805658937,0.024222792569715507,NotLabeled
2020-12-16 00:00:00+05:30,50.798853702174725,52.34602957443388,50.71290094433257,51.70137405395508,54374458,43.51424694061279,55.26264892477424,31.765844956451346,4.489577696740916,4.014495313334528,0.475082383406388,93.40100665168688,0.03173246827354559,0.09963439109102712,0.024316007204565695,NotLabeled
2020-12-17 00:00:00+05:30,51.658396182821825,51.873281363746855,49.07977401172148,49.46656799316406,70927030,44.26634540557861,55.47831163770875,33.054379173448474,4.329183933481097,4.077433037363843,0.25175089611725454,79.25531676315124,-0.04322527402190113,0.03228697966578298,0.02799853103882115,NotLabeled
2020-12-18 00:00:00+05:30,49.63846970117259,50.15419275014938,48.435111548377165,49.68144607543945,51151401,45.03563404083252,55.45006533994588,34.62120274171916,4.171325146225648,4.096211459136204,0.07511368708944399,77.25946012948798,0.004343905206948717,0.0008657108419736215,0.027644836233437067,NotLabeled
2020-12-21 00:00:00+05:30,49.07976514764101,50.88480230874402,46.93091372648533,47.57556915283203,49904093,45.648056221008304,55.04997893933592,36.246133502680685,3.8321199584388665,4.043393158996737,-0.21127320055787013,64.91710505828944,-0.04238759313506546,-0.054654294458740704,0.03031990440115272,NotLabeled
2020-12-22 00:00:00+05:30,47.704509652885925,49.46656746176455,46.1143606426781,49.12275314331055,36746291,46.24543704986572,54.866434555189855,37.62443954454159,3.646112110171856,3.963936949231761,-0.317824839059905,65.01375921784458,0.032520556622419594,-0.01972548551516118,0.030380730831659757,NotLabeled
2020-12-23 00:00:00+05:30,48.99382064255782,51.40053398325683,48.56405028604416,50.75587844848633,31776121,46.91802787780762,54.65550895650679,39.18054679910844,3.589106132481845,3.888970785881778,-0.29986465339993273,63.71429136601978,0.033245801602595604,-0.018287630121436194,0.029522160105905318,NotLabeled
2020-12-24 00:00:00+05:30,51.57243404150998,53.80723820508726,51.486481296328954,51.78731918334961,89470214,47.657232666015624,54.12747369044887,41.186991641582374,3.58582200764279,3.82834103023398,-0.2425190225911904,64.81992402920122,0.020321601485237206,0.04691554891186822,0.029411907738477405,NotLabeled
2020-12-28 00:00:00+05:30,52.431982755540425,55.69824004211036,52.0881651636212,54.967628479003906,50904677,48.40503330230713,54.60616058479366,42.2039060198206,3.796084793731133,3.821889782933411,-0.02580498920227825,70.66973142439898,0.06141096596243223,0.10640154063828122,0.0304412296972569,NotLabeled
2020-12-29 00:00:00+05:30,55.65525763164195,56.38586587973017,54.53785543149458,55.440372467041016,35887218,49.094814682006835,55.198048224543435,42.991581139470235,3.9552721403533795,3.8485662544174053,0.10670588593597419,70.39625390192685,0.008600407205446192,0.1653118071786812,0.026995648601887814,NotLabeled
2020-12-30 00:00:00+05:30,55.52632172936974,60.94143015987617,54.70976077834825,59.95295715332031,74151917,49.945759773254395,57.089355869023606,42.80216367748518,4.394895510654024,3.957832105664729,0.43706340498929475,79.33721783683355,0.08139528083008463,0.22047225200130316,0.030131173038871865,NotLabeled
2020-12-31 00:00:00+05:30,59.48020541946667,64.20767860204138,58.62066484081673,63.69195556640625,137237137,50.90844459533692,59.881939820717584,41.93494936995625,4.9875131754872655,4.163768319629236,0.8237448558580294,81.69255717209822,0.06236553775861364,0.25486854948336934,0.03155591388509557,NotLabeled
2021-01-01 00:00:00+05:30,63.5630394274497,65.1102154878962,62.5745727553723,64.0357894897461,69892092,51.77873020172119,62.25539093649702,41.302069466945355,5.4224053549194835,4.415495726687286,1.0069096282321972,80.62157206373934,0.0053983885450237246,0.23651485536510553,0.031485550572176516,NotLabeled
2021-01-04 00:00:00+05:30,64.8953182650392,68.80623079683684,64.8953182650392,68.16157531738281,96199002,52.82736988067627,65.36530456648151,40.28943519487103,6.030461568873925,4.738488895124614,1.291972673749311,83.09409077801456,0.06442937395653359,0.240031218436477,0.03239603758888565,NotLabeled
2021-01-05 00:00:00+05:30,67.90370716192783,69.02111256111992,66.6143962664482,67.0441665649414,75713352,53.815841102600096,67.56887487497707,40.06280733022313,6.348997658599316,5.060590647819555,1.2884070107797614,80.40121186518917,-0.016393528864882878,0.20930223917234292,0.033271656246516526,NotLabeled
2021-01-06 00:00:00+05:30,67.30202676563867,68.03263491156984,64.6374458509414,65.49698638916016,56609755,54.69472064971924,69.09264231188202,40.29679898755646,6.402787940987395,5.329030106453123,1.0737578345342715,74.80675907988471,-0.023077028995245885,0.09247299047588031,0.0342821958551603,NotLabeled
2021-01-07 00:00:00+05:30,66.14164631499592,68.11859231117444,66.01272047166742,67.0441665649414,38600425,55.696085166931155,70.6217296848786,40.77044064898371,6.4953868606872405,5.562301457299947,0.9330854033872935,82.40883335959128,0.02362215822554714,0.052631623078994494,0.03431414241930755,NotLabeled
2021-01-08 00:00:00+05:30,67.90370932136712,68.59134444393382,65.71187810623849,66.22760772705078,26952958,56.61149578094482,71.77278400490468,41.450207556984964,6.428775772407377,5.7355963203214335,0.6931794520859436,79.84494171828234,-0.012179416640218488,0.034228019280619026,0.03399912692095659,NotLabeled
2021-01-11 00:00:00+05:30,66.27058298387885,66.57142090064299,63.17623794700888,64.33661651611328,30600008,57.346402931213376,72.50944538594725,42.18336047647951,6.15247689413718,5.818972435084583,0.3335044590525973,80.4687313636109,-0.02855291434851448,-0.05611605634786554,0.035411492452954094,NotLabeled
2021-01-12 00:00:00+05:30,64.37959510410275,66.82928461108935,63.60600721827154,65.2391357421875,25240977,58.09205436706543,73.2682169334076,42.91589180072326,5.937885552909904,5.842755058649647,0.09513049426025688,79.99997443676017,0.014028080352161298,-0.02692301083354487,0.03507814800374065,NotLabeled
2021-01-13 00:00:00+05:30,65.84080818868607,66.87226083614816,63.34813915453723,64.20767974853516,33050639,58.79687728881836,73.71964156073294,43.87411301690378,5.61980883247854,5.798165813415427,-0.17835698093688634,75.61370537115772,-0.015810387153632144,-0.019684976541735733,0.03566300919461473,NotLabeled
2021-01-14 00:00:00+05:30,59.308307139456026,59.86700989507836,57.288387845536796,57.761131286621094,320354600,59.09986515045166,73.6576470443648,44.54208325653853,4.792305441076451,5.596993738947631,-0.8046882978711807,59.43012161010698,-0.10040151718862156,-0.1384614911922043,0.043253242424487234,NotLabeled
2021-01-15 00:00:00+05:30,58.49174552752851,62.0588340807698,58.49174552752851,60.29677963256836,322964592,59.64137573242188,73.47824738133397,45.804504083509784,4.291637347876005,5.335922460733307,-1.0442851128573016,58.5872505172924,0.04389886917839125,-0.08955220183893131,0.04367091274492949,NotLabeled
2021-01-18 00:00:00+05:30,60.08190028587292,60.08190028587292,55.61228441034274,56.686710357666016,114708531,59.9916389465332,73.10255439256534,46.880723500501055,3.5624857389902758,4.981235116384701,-1.418749377394425,51.82390394939516,-0.059871676346582525,-0.11890439026322319,0.04478901471076781,NotLabeled
2021-01-19 00:00:00+05:30,57.33135107817268,57.93303338751312,56.64372258463571,56.901580810546875,43049022,60.457939529418944,72.31274036635722,48.60313869248066,2.967755645774119,4.5785392222625845,-1.6107835764884655,44.892076518085844,0.0037904907786168174,-0.12779989858524543,0.0447911098620514,NotLabeled
2021-01-20 00:00:00+05:30,57.03051868397377,57.97601205207345,56.72968077927493,57.37433624267578,30615185,60.87051868438721,71.58367013321676,50.15736723555766,2.505691126919615,4.163969603193991,-1.6582784762743756,38.12602831812825,0.008308300497009702,-0.10642564149057687,0.043312759752028696,NotLabeled
2021-01-21 00:00:00+05:30,57.76112228731708,57.976007424632655,55.26845994067558,55.74120330810547,41004290,61.119784927368165,71.04504692593856,51.19452292879776,1.9848414706215038,3.7281439766794935,-1.7433025060579896,35.13094269660277,-0.028464519879805916,-0.034970367330452334,0.04375957350207834,NotLabeled
2021-01-22 00:00:00+05:30,55.74121639681995,56.170986772366405,48.13428206120282,50.025272369384766,120962157,61.03168258666992,71.33001636966613,50.73334880367372,1.0981774032464457,3.202150661992884,-2.1039732587464384,19.2419967665533,-0.10254408946154803,-0.17034918491128836,0.04935530723918037,NotLabeled
2021-01-25 00:00:00+05:30,51.1426746875943,51.74435386910826,48.56405243443829,50.0682487487793,52592712,60.78671360015869,71.89373752353411,49.67968967678327,0.3944110513430843,2.640602739862924,-2.24619168851984,20.12104570750479,0.0008590933613952245,-0.1167550836364889,0.04914656871211397,NotLabeled
2021-01-27 00:00:00+05:30,49.85335757607874,51.5724388718056,48.778931766249464,49.251678466796875,64428825,60.47727890014649,72.51709951787257,48.43745828242041,-0.2266070651079275,2.0671607788687543,-2.2937678439766818,20.652191590996736,-0.016309144066124937,-0.13444094583628985,0.047141667956162064,NotLabeled
2021-01-28 00:00:00+05:30,48.778931212937735,49.76740425832312,47.532596631895785,48.95083999633789,112315162,59.92717304229736,73.02661966637149,46.827726418223236,-0.7345758142146224,1.506813460252079,-2.2413892744667017,15.77235417992975,-0.006108187168926582,-0.1468164478750411,0.04705211758781206,NotLabeled
2021-01-29 00:00:00+05:30,50.0252674629097,51.40053121821747,48.993818006985165,49.552520751953125,171607461,59.220201301574704,72.97399331969174,45.466409283457665,-1.0761884683179161,0.99021307453808,-2.066401542855996,18.196722408766462,0.012291530761479263,-0.11102527733290668,0.042957977685863125,NotLabeled
2021-02-01 00:00:00+05:30,50.32610288338599,56.08502572041699,49.50953863474423,54.66678237915039,177670118,58.75175094604492,72.45305395931464,45.0504479327752,-0.9235941675874528,0.6074516261129734,-1.5310457937004263,33.57663439080251,0.10320890944777394,0.09278330311713012,0.04703988469535659,NotLabeled
2021-02-02 00:00:00+05:30,55.01060210681352,55.3114400255302,51.65839222937461,52.43198013305664,71391560,57.965271186828616,71.18981611333751,44.740726260319725,-0.9717897616598137,0.291603348558416,-1.2633931102182296,29.18993500959205,-0.04088044236066268,0.04721018696175139,0.047551372763551196,NotLabeled
2021-02-03 00:00:00+05:30,52.9906807853282,55.48334990667942,52.77579562931128,54.66678237915039,54055375,57.34640197753906,69.92469991780088,44.76810403727724,-0.8202004922371202,0.06924258039930875,-0.889443072636429,35.08063982152284,0.042622884743671596,0.10994760140010507,0.04609758170745315,NotLabeled
2021-02-04 00:00:00+05:30,55.365409999357,56.63165090795502,55.01610009481994,56.28234100341797,35946423,56.88566970825195,68.86784256829624,44.90349684820767,-0.5632104850015622,-0.05724803268086545,-0.5059624523206968,47.27601709480986,0.029552839109179718,0.14977273132858526,0.04683486388263267,NotLabeled
2021-02-05 00:00:00+05:30,56.762646321928294,57.548591988123064,54.36114974676979,56.806312561035156,53271875,56.37377700805664,67.36218977660604,45.38536423950723,-0.3136483837392703,-0.10852810289254641,-0.20512028084672387,43.055792719808764,0.009309697291826735,0.1463859294947396,0.04682048128703595,NotLabeled
2021-02-08 00:00:00+05:30,57.46126160081482,59.5571076605448,56.54432395278385,59.1204719543457,49944573,56.01842021942139,66.08619639588383,45.95064404295894,0.070057127356975,-0.07281105684264214,0.14286818419961714,55.105155663413534,0.040737715387248796,0.08146975880720442,0.04750039850256969,NotLabeled
2021-02-09 00:00:00+05:30,59.382444460293776,60.12472368354128,57.24293258225141,58.290855407714844,64688675,55.716132164001465,65.07004569451558,46.362218633487345,0.3037024941272861,0.0024916533513435132,0.3012108407759426,52.84092947904878,-0.014032644179016507,0.11174239957732168,0.047516353524070506,NotLabeled
2021-02-10 00:00:00+05:30,59.60076945078194,60.910676471678244,57.679575151813346,58.247196197509766,125531414,55.36653518676758,63.68745231940888,47.04561805412628,0.4798141978298034,0.0979561622470355,0.3818580355827679,51.81679577933921,-0.0007489890120792042,0.06549523609285846,0.047212773791308345,NotLabeled
2021-02-11 00:00:00+05:30,57.9852240281414,58.98948750070779,57.72323993528678,58.42185974121094,21648433,55.077244186401366,62.45251266640156,47.70197570640117,0.626258758942356,0.20361668158609963,0.4226420773562564,55.94025174458197,0.002998660109044593,0.038014032459364744,0.04706745625262239,NotLabeled
2021-02-12 00:00:00+05:30,58.5091796639343,58.727497498501215,56.23867551694465,56.54431915283203,26210719,55.01640357971191,62.318159776168756,47.71464738325507,0.5840823566505335,0.2797098165989864,0.3043725400515471,67.40724020524488,-0.03213763814941484,-0.0046120474361300845,0.047402990167467254,NotLabeled
2021-02-15 00:00:00+05:30,57.19927126506615,57.37392286345837,54.49213151479831,54.754112243652344,24798836,54.73927021026611,61.60489279897867,47.87364762155356,0.4015734292605515,0.30408253913129946,0.09749089012925205,61.44438135993839,-0.03166024343384499,-0.07385529185330542,0.04261343678694567,NotLabeled
2021-02-16 00:00:00+05:30,54.797776476296676,57.98521819348001,54.797776476296676,56.54431915283203,53647015,54.732150650024415,61.589560611674166,47.874740688374665,0.3968142973737798,0.3226288907797955,0.07418540659398432,67.00235790827779,0.032695387356722616,-0.02996243995163017,0.04208115076832806,NotLabeled
2021-02-17 00:00:00+05:30,56.326004272224836,57.54858554242292,55.583724928275544,56.413330078125,27764443,54.70773811340332,61.536043854936814,47.87943237186983,0.37811426161835726,0.33372596494750784,0.044388296670849425,67.53724445786366,-0.002316573559812185,-0.031484195619757016,0.03995854848566215,NotLabeled
2021-02-18 00:00:00+05:30,56.76264269904024,59.29513116735002,56.23868117586324,58.42185974121094,56021909,54.76011428833008,61.68985864882254,47.830369927837616,0.5193788305277351,0.37085653806355334,0.1485222924641818,69.55065786508501,0.03560381314672245,0.0,0.040684719779835996,NotLabeled
2021-02-19 00:00:00+05:30,58.5091825542277,59.819089626337274,55.23441487395376,57.02462387084961,44987639,54.82428531646728,61.815777211334876,47.83279342159969,0.512676940948964,0.39922061864063546,0.11345632230832853,56.21598822802489,-0.023916319619926685,0.008494305444183947,0.0410428847212338,NotLabeled
2021-02-22 00:00:00+05:30,56.9809528690748,59.993736217829436,56.806301272419674,58.33452606201172,53109880,55.23974800109863,62.01468066465974,48.46481533753752,0.6060773225859535,0.4405919594296991,0.1654853631562544,66.35866105095604,0.02297081685499225,0.06539077471344545,0.04076094889917091,NotLabeled
2021-02-23 00:00:00+05:30,58.94581467439087,62.176915924863394,58.421853209791465,61.60929489135742,100267923,55.81680030822754,62.702186367001424,48.93141424945366,0.9335825159805466,0.5391900707398687,0.39439244524067796,68.19220499435023,0.05613774638135416,0.08957532453146011,0.03444289081208487,NotLabeled
2021-02-24 00:00:00+05:30,62.3515739440918,64.31643442554932,62.08958988155154,62.3515739440918,97883442,56.471795082092285,63.2185315126396,49.72505865154497,1.2387489307844106,0.6791018427487772,0.5596470880356335,66.6666387320301,0.01204816666126951,0.10526313298192314,0.034372473598994285,NotLabeled
2021-02-25 00:00:00+05:30,63.09386430412519,64.53476357575707,62.91921267348668,63.92346954345703,61933209,57.22042655944824,63.77331028461697,50.667542834279516,1.5891160109272917,0.8611046763844801,0.7280113345428116,68.48069458218447,0.02521019919681078,0.09417039831693752,0.03391103641112505,NotLabeled
2021-02-26 00:00:00+05:30,62.83186929631081,67.67852782491403,62.045930432240226,66.84892272949219,169801364,58.0852466583252,64.93582077571071,51.234672540939684,2.0788800343021308,1.1046597479680103,0.9742202863341205,69.45052429905448,0.0457649312049051,0.1722816950251671,0.034334057308137045,NotLabeled
2021-03-01 00:00:00+05:30,67.67852442257697,69.42506698832089,65.27702839467908,68.46446990966797,80974117,58.77513103485107,66.8464291821622,50.70383288753994,2.5677829042046767,1.3972843792153435,1.1704985249893332,74.63001668997649,0.024167138589699988,0.17365262960888295,0.03437637550594133,NotLabeled
2021-03-02 00:00:00+05:30,68.94477474837853,71.1716194957745,67.67853387634997,68.81378936767578,94777460,59.59422149658203,68.25828787551964,50.93015511764442,2.9494299196764686,1.7077134873075686,1.2417164323689,75.20832593911166,0.0051022005789091995,0.11693843419280903,0.028019837262975262,NotLabeled
2021-03-03 00:00:00+05:30,68.98844251229116,70.86597740684097,68.33348894413649,68.50814056396484,47037509,60.28628940582276,69.48769498040028,51.084883831245236,3.190447136406192,2.0042602171272934,1.1861869192788985,73.91301280710907,-0.004441679589505476,0.09873955427963055,0.025648883221960014,NotLabeled
2021-03-04 00:00:00+05:30,67.15456933752259,67.89684866566985,65.495352410614,66.71793365478516,46203742,60.80806903839111,70.2342612353796,51.38187684140261,3.200111388822201,2.243430451466275,0.9566809373559257,74.22036625267592,-0.02613130198021074,0.0437157765572842,0.026080085037979272,NotLabeled
2021-03-05 00:00:00+05:30,66.32495331782438,66.45594534680762,60.605030235849036,62.962860107421875,65129335,61.11589641571045,70.3927622385575,51.83903059286341,2.8716645641297234,2.3690772739989647,0.5025872901307586,67.87070089803869,-0.05628282144937147,-0.05813201564661674,0.029358509605947877,NotLabeled
2021-03-08 00:00:00+05:30,63.83613750421152,65.80099813872063,63.181183959375154,64.92772674560547,41468123,61.40625915527344,70.78314292530376,52.02937538524312,2.738350406927985,2.442931900584769,0.295418506343216,68.11319348905506,0.03120675640895776,-0.05165808146515816,0.029874989306567925,NotLabeled
2021-03-09 00:00:00+05:30,65.62634517057745,65.93198881935285,60.86701217881367,62.264251708984375,42201529,61.604928970336914,70.87161265213285,52.338245288540975,2.3902247776300385,2.4323904759938233,-0.04216569836378481,61.394554032798936,-0.04102215140007759,-0.095177692129362,0.03055203481548825,NotLabeled
2021-03-10 00:00:00+05:30,62.70088683868031,64.40376333994408,61.82761547135903,63.748809814453125,36382925,61.88000965118408,71.05317123390942,52.70684806845874,2.2086640362786625,2.387645188050791,-0.17898115177212848,60.59026097750608,0.023842864319760793,-0.06947102505384761,0.030619418470084432,NotLabeled
2021-03-12 00:00:00+05:30,64.40377020127045,66.15031312198288,63.00653719720702,63.61782455444336,52509386,62.139807891845706,71.19413562799218,53.08548015569923,2.030796665062084,2.3162754834530497,-0.28547881839096556,63.80255874341683,-0.002054709105801522,-0.046465904000902,0.03063239934669073,NotLabeled
2021-03-15 00:00:00+05:30,63.70514414762106,67.54753953051247,62.52622912375929,66.97991180419922,61636155,62.66158752441406,71.55961892152725,53.76355612730088,2.136499597393602,2.28032030624116,-0.14382070884755827,66.66666176399211,0.0528481958209468,0.06380033705463495,0.032379192915484335,NotLabeled
2021-03-16 00:00:00+05:30,67.7658625314498,68.37715653805128,65.18971444390255,65.53902435302734,55029693,63.20083312988281,71.35741696021034,55.04424929955528,2.0800251226607713,2.2402612695250825,-0.1602361468643112,58.15219326685837,-0.021512232733061576,0.009415047131051013,0.03181463252871883,NotLabeled
2021-03-17 00:00:00+05:30,65.49535680240079,65.84466670452005,62.61355843808227,63.006534576416016,31206605,63.52394390106201,71.05852936659402,55.989358435530015,1.810052772839441,2.154219570187954,-0.34416679734851297,51.2647692941884,-0.038640944103317976,0.011921493426131358,0.03227775071369176,NotLabeled
2021-03-18 00:00:00+05:30,63.92346304487568,66.19397398754757,60.736027803301624,61.78395080566406,46498848,63.79247493743897,70.60858533986543,56.9763645350125,1.4803805424312344,2.01945176463661,-0.5390712222053757,45.811957361956225,-0.01940407894151308,-0.030821893216641527,0.032222636045654625,NotLabeled
2021-03-19 00:00:00+05:30,61.696618209848,65.18970338337053,58.59650245333426,64.18544006347656,51635354,64.08065395355224,70.41073146091145,57.750576446193044,1.3967916925359987,1.894919750216488,-0.4981280576804894,44.67712656194777,0.03886914362867744,0.008922271596185194,0.03301636432321276,NotLabeled
2021-03-22 00:00:00+05:30,63.74881494749759,64.70941219639178,63.0501951323751,64.05445861816406,21560723,64.43214569091796,69.82364255898804,59.04064882284789,1.304935336524359,1.7769228674780624,-0.4719875309537034,40.630812899912925,-0.0020406722331881566,-0.04367657566625449,0.03238355716472903,NotLabeled
2021-03-23 00:00:00+05:30,64.36009436864094,64.92772206575884,62.87553577236167,63.13751983642578,19090900,64.67229537963867,69.29297626537033,60.051614493907,1.1449509344218782,1.6505284808668255,-0.5055775464449472,38.22461732380372,-0.014314987613965435,-0.03664235988112685,0.032022261497802726,NotLabeled
2021-03-24 00:00:00+05:30,62.700883432618404,62.83186880057573,60.95434079285223,61.56562805175781,30044912,64.6701120376587,69.29692407716007,60.04329999815732,0.8811660789045845,1.4966560004743774,-0.6154899215697929,36.316675398228384,-0.02489631820730942,-0.022869160069589833,0.03240649507739668,NotLabeled
2021-03-25 00:00:00+05:30,62.0459300757323,63.66148068847346,59.03314001815737,63.09385299682617,80461442,64.70722599029541,69.26715502009942,60.1472969604914,0.7863649361098197,1.354597787601466,-0.5682328514916464,42.78259437361573,0.024822697232676605,0.02120133423131665,0.030507271601420492,NotLabeled
2021-03-26 00:00:00+05:30,64.4474270609435,67.67852832906021,63.79247356098485,67.02357482910156,105958723,64.86223125457764,69.51970268808064,60.20475982107464,1.0166111961973243,1.2870004693206378,-0.2703892731233135,58.03110160834487,0.062283751041057434,0.04421773478250213,0.03321840805477384,NotLabeled
2021-03-30 00:00:00+05:30,68.50814414496993,70.73498905810861,68.11517464854903,69.11943817138672,90695992,64.97575702667237,69.93785116075142,60.01366289259332,1.352609630166711,1.3001223014898526,0.05248732867685835,58.247446203267955,0.03127053947255498,0.07907302102755365,0.03343775835511352,NotLabeled
2021-03-31 00:00:00+05:30,69.119433026869,69.99270443172513,68.11516957877804,68.81378936767578,30537855,64.99322299957275,70.00918845515062,59.97725754399488,1.576059670955921,1.3553097753830663,0.22074989557285463,64.20455824050725,-0.004422038312190235,0.08990327060606518,0.03208920329131903,NotLabeled
2021-04-01 00:00:00+05:30,69.55606368954615,73.70410256206266,69.46873788789424,73.22380065917969,87556680,65.21372356414795,71.22569129794529,59.20175583035062,2.0849623453015482,1.501240289366763,0.5837220559347853,68.23530016371899,0.06408615674310525,0.18936171003763547,0.03456314753014379,NotLabeled
2021-04-05 00:00:00+05:30,75.53796668341758,78.59441620239978,72.96181903957363,78.28877258300781,149912383,65.7027551651001,73.99991417787265,57.40559615232755,2.8639583565010582,1.7737839027936222,1.090174453707436,73.72880718027756,0.0691711148319527,0.24083042744189354,0.037398059081472895,NotLabeled
2021-04-06 00:00:00+05:30,80.25362409235086,81.56353088386084,77.85212830791589,79.51134490966797,134289233,66.34242572784424,76.68870928420952,55.99614217147897,3.5391723018011874,2.1268615825951356,1.4123107192060518,71.77540937271145,0.015616189733513641,0.18631906925895914,0.03735214382417711,NotLabeled
2021-04-07 00:00:00+05:30,79.90432790558854,80.60294764518557,77.93946738331996,78.41976928710938,48066027,67.11527118682861,78.64063436533029,55.58990800832693,3.9407763710852066,2.48964454029315,1.4511318307920567,72.65745090139697,-0.01372855186638744,0.13455449525879826,0.0368843255571179,NotLabeled
2021-04-08 00:00:00+05:30,79.77334519771107,86.01723736427398,79.77334519771107,83.48474884033203,124224953,68.04312229156494,81.63040564497443,54.45583893815545,4.6145582544441766,2.9146272831233553,1.6999309713208213,83.07477064033652,0.06458804456155476,0.21319795941288056,0.03570341540846984,NotLabeled
2021-04-09 00:00:00+05:30,84.48900289674408,85.58059208145654,80.60294806418041,82.39315032958984,70229432,69.04956722259521,83.76931485269503,54.3298195924954,5.0027834014674255,3.3322585067921695,1.670524894675256,83.42776501941474,-0.013075424264974544,0.12522362384723662,0.03595075814973291,NotLabeled
2021-04-12 00:00:00+05:30,80.25363734714107,80.29729691655064,72.87449053870085,73.96607971191406,97082396,69.56043071746826,84.21463108277014,54.90623035216638,4.577691676483383,3.581345140730412,0.9963465357529708,63.270142965033855,-0.10227877662118434,-0.055214722730650756,0.042379486749424815,NotLabeled
2021-04-13 00:00:00+05:30,74.53370364291902,80.07897502973265,74.53370364291902,79.20570373535156,64322836,70.33982467651367,85.31776754249056,55.36188181053679,4.610450883263169,3.7871662892369633,0.8232845940262061,68.05409289525284,0.07083820102194127,-0.003843994522588434,0.04439021019475184,NotLabeled
2021-04-15 00:00:00+05:30,80.34097670387477,83.26643484917236,78.50710791596677,81.03959655761719,120105992,71.04280891418458,86.66277950778219,55.42283832058697,4.729869622165822,3.9757069558227354,0.7541626663430865,70.87576838606142,0.023153544956726613,0.033407740093140736,0.044350858160844955,NotLabeled
2021-04-16 00:00:00+05:30,81.91285438864364,82.52414166186706,79.5113582027163,79.99165344238281,39292380,71.76544036865235,87.64835264239096,55.88252809491374,4.685933062288328,4.117752177115854,0.5681808851724739,71.75255756042097,-0.012931247930008105,-0.04184112004253504,0.043679111040784424,NotLabeled
2021-04-19 00:00:00+05:30,76.19292543330296,78.15778597456293,74.53370853262155,77.85214233398438,60730939,72.50772075653076,88.0510570681433,56.964384444918224,4.427435634223869,4.179688868537458,0.2477467656864114,67.17478706630277,-0.02674667938873776,-0.05511390179208453,0.04387882938545178,NotLabeled
2021-04-20 00:00:00+05:30,79.0310603366809,80.47195945433118,76.58589779384816,77.72115325927734,36041449,73.30458087921143,88.15158027802458,58.457581480398275,4.1640047813850884,4.1765520511069845,-0.012547269721896015,63.656627640764306,-0.0016825365465871212,0.05076750805218677,0.04258821061865302,NotLabeled
2021-04-22 00:00:00+05:30,78.15777765844034,82.52413395220795,77.72114202906357,82.13116455078125,56291774,74.20186710357666,88.89669975554911,59.507034451604206,4.261955814165432,4.193632803718675,0.06832301044675759,65.68418620913793,0.056741454630660604,0.036934976617396975,0.043116178438007496,NotLabeled
2021-04-23 00:00:00+05:30,82.96077630688622,84.4453349021021,79.24937315631499,81.30155944824219,72844016,75.06422214508056,89.26776962447305,60.86067466568808,4.223949454868674,4.199696133948675,0.024253320919998878,64.86485111963376,-0.010100978198429478,0.0032325295504000984,0.043058737226321975,NotLabeled
2021-04-26 00:00:00+05:30,83.00444484391917,88.37505833977782,82.8297865756397,87.7637710571289,167027119,76.29553470611572,90.41516133676839,62.17590807546305,4.661540276585896,4.292064962476119,0.36947531410977685,66.50148296473805,0.0794844730253994,0.09716160724623935,0.04532538807477715,NotLabeled
2021-04-27 00:00:00+05:30,87.76378118881583,88.68071888117464,86.7158581082907,87.45813751220703,59990913,77.59016017913818,90.73782970207252,64.44249065620384,4.926878098831139,4.419027589747123,0.5078505090840162,61.66668446337583,-0.003482456841136905,0.12338767939118611,0.04502269306309922,NotLabeled
2021-04-28 00:00:00+05:30,88.02575313206425,90.99487033763401,86.97782353374708,90.38358306884766,71403090,78.95464668273925,91.41412242478275,66.49517094069576,5.311985974352652,4.597619266668229,0.7143667076844231,63.25879741658113,0.03344966677608818,0.16292128048239984,0.044124879400871994,NotLabeled
2021-04-29 00:00:00+05:30,91.69349161783853,99.11629808213975,91.47517378065321,98.24302673339844,144435081,80.5156192779541,94.42011658473619,66.61112197117201,6.18013738312311,4.914122889959206,1.2660144931639046,70.74953338437915,0.08695654008941012,0.19617233325183547,0.04652567580228327,NotLabeled
2021-04-30 00:00:00+05:30,96.93312711196963,105.9714849290928,95.40490213497911,104.3559341430664,211743607,82.27744407653809,98.78740025658689,65.76748789648929,7.277523409761528,5.38680299391967,1.8907204158418578,71.37745147377561,0.062222303332088114,0.28356620526450027,0.046523040081022635,NotLabeled
2021-05-03 00:00:00+05:30,104.09394431968335,114.04924590218404,101.69244805954983,111.56041717529297,170916244,84.41477546691894,104.30715648926096,64.52239444457692,8.62908064220845,6.0352585235774265,2.5938221186310235,76.55008094867176,0.06903759801861953,0.2711442982853811,0.04760298964174919,NotLabeled
2021-05-04 00:00:00+05:30,113.26329865387106,118.50292708805227,110.16318916116643,111.77873992919922,195246744,86.34252243041992,108.95519644928025,63.72984841155959,9.607071962617127,6.749621211385367,2.8574507512317595,90.46729527488912,0.0019569911930608086,0.2780827846190712,0.04743167557483976,NotLabeled
2021-05-05 00:00:00+05:30,115.70846406648944,117.28035529995276,110.51250174134677,113.78726959228516,104823675,88.1174472808838,113.47458463601636,62.76030992575123,10.424046765546805,7.484506322217656,2.9395404433291494,89.75904449349942,0.017968798577959744,0.2589373615074573,0.046564050209605516,NotLabeled
2021-05-06 00:00:00+05:30,113.87456081914105,117.89161372804715,112.95763670574966,116.71269226074219,97680986,89.9775146484375,117.99481004261196,61.96021925426306,11.17870123409459,8.223345304593042,2.955355929501547,90.00978907286185,0.025709577872280454,0.1879997608121824,0.04532342967052752,NotLabeled
2021-05-07 00:00:00+05:30,118.85227076568039,127.36666891408319,118.85227076568039,125.96942901611328,164883787,92.3549976348877,124.06881634208497,60.64117892769042,12.380991271315821,9.054874497937599,3.3261167733782226,93.54842392747247,0.0793121688487064,0.2071132327119598,0.04709955241632689,NotLabeled
2021-05-10 00:00:00+05:30,131.38369199202245,132.1259780828228,126.62436507324793,127.7596206665039,114303952,94.5687412261963,129.67514404688137,59.462338405511225,13.324669793713298,9.90883355709274,3.4158362366205584,97.58537505490364,0.014211318288674946,0.14520565538722763,0.046393291142149774,NotLabeled
2021-05-11 00:00:00+05:30,123.56790367921589,125.70741595423189,120.77343785112984,122.6072998046875,117184978,96.57944869995117,133.3181836805126,59.840713719389754,13.501159623780524,10.627298770430297,2.8738608533502266,89.05774272883332,-0.04032824170060523,0.0968749503022408,0.04750081833240432,NotLabeled
2021-05-12 00:00:00+05:30,122.60730282214982,125.0961317150937,112.78299928431524,115.44647979736328,95677126,98.65346870422363,134.69382270606528,62.61311470238197,12.914342257878218,11.084707467919882,1.8296347899583356,77.66497886435288,-0.05840451603396657,0.014581685728318305,0.05002030676296989,NotLabeled
2021-05-14 00:00:00+05:30,116.49439251034302,117.28034471869682,107.58702742444297,111.03645324707031,147648853,100.24500617980956,135.47140691599728,65.01860544362185,11.955616081060967,11.2588891905481,0.696726890512867,73.30594959462579,-0.03819974899220524,-0.04863429078468062,0.04394048452350013,NotLabeled
2021-05-17 00:00:00+05:30,111.77874744688498,114.83519757238574,107.49971593867741,114.0055923461914,81100256,101.89330596923828,136.41390194474684,67.37270999372973,11.305085402503707,11.268128432939221,0.036956969564485576,71.7595956053255,0.02674021920093561,-0.09497412795601012,0.042439442950790156,NotLabeled
2021-05-18 00:00:00+05:30,117.45500174906547,118.93956044444981,113.87458372631747,115.22815704345703,66676999,103.65513114929199,137.0475196811856,70.26274261739837,10.76410401592301,11.167323549535979,-0.4032195336129689,72.68186321856987,0.010723725670870321,-0.09808626197911352,0.0424555777717971,NotLabeled
2021-05-19 00:00:00+05:30,114.04923110669824,115.70844115933568,111.42941068206916,112.30268859863281,38298939,105.37765846252441,136.65280133315972,74.1025155918891,9.984219646041367,10.930702768837056,-0.9464831227956889,67.90297507911822,-0.02538848593856191,-0.08404565814979903,0.04298929497558607,NotLabeled
2021-05-20 00:00:00+05:30,109.15892346445004,109.50823335204267,105.66583791358764,106.05880737304688,59942600,106.79454116821289,135.23309809083608,78.3559842455897,8.761331456246424,10.49682850631893,-1.7354970500725067,56.55677331202594,-0.055598679813458673,-0.08131622931070792,0.04488178216782594,NotLabeled
2021-05-21 00:00:00+05:30,106.53910827636719,108.9842708034605,106.01514678128488,106.53910827636719,36201475,108.01493835449219,133.98482145087692,82.04505525810747,7.741698542498199,9.945802513554785,-2.204103971056586,52.022648334589384,0.0045286281754133295,-0.040503319758385614,0.044781320646630866,NotLabeled
2021-05-24 00:00:00+05:30,106.80109293759895,109.81387654765096,102.26007774288071,108.94060516357422,96749599,109.39689064025879,132.12003829675223,86.67374298376535,7.04618876298548,9.365879763440924,-2.3196910004554443,47.33570611888177,0.022540989182840088,-0.044427532705911155,0.04384037554624401,NotLabeled
2021-05-25 00:00:00+05:30,110.38150809826229,112.0407251179122,107.63070181075481,108.24198913574219,91822284,110.42080154418946,130.76000869658196,90.08159439179695,6.365245192622993,8.765752849277339,-2.400507656654346,46.43799569611029,-0.006412815742881772,-0.060628999777199266,0.04374440995550111,NotLabeled
2021-05-26 00:00:00+05:30,107.41238467567845,107.41238467567845,103.13335338454742,103.70098114013672,67141657,111.23294372558594,128.82287176112675,93.64301569004513,5.396958336505833,8.091993946723038,-2.6950356102172055,40.33472952624872,-0.04195237016487896,-0.07659395839790084,0.04275649700901162,NotLabeled
2021-05-27 00:00:00+05:30,103.52632204476069,108.59129191820361,103.48265581189489,106.7574234008789,76208352,112.0516357421875,126.85992473979977,97.24334674457523,4.820643990416173,7.437723955461665,-2.617079965045493,40.48417450538174,0.029473609865000805,0.006587062829914281,0.042886301787545676,NotLabeled
2021-05-28 00:00:00+05:30,110.46881666451583,110.73080071292239,105.01087117713857,105.57849884033203,66359161,112.41840934753418,126.10773765727042,98.72908103779794,4.220134278645148,6.794206020098362,-2.5740717414532144,26.94960838103229,-0.011043021862001678,-0.009016495928831025,0.042789935208610366,NotLabeled
2021-05-31 00:00:00+05:30,105.88415192137505,111.4730899326179,104.48691908419727,110.55615234375,88316813,112.72842025756836,125.92077434225237,99.53606617288435,4.0986345357508185,6.255091723228854,-2.1564571874780354,31.860023854194978,0.047146469765077414,0.014829614520224466,0.03991576687332481,NotLabeled
2021-06-01 00:00:00+05:30,111.34210479766809,111.51675641469079,104.8362354568564,105.84049224853516,110269080,112.44242401123047,125.98475471247208,98.90009330998886,3.5805563303235743,5.720184644647798,-2.1396283143242236,32.156137722727664,-0.042653981666732954,-0.022186370616262496,0.039134521780863005,NotLabeled
2021-06-02 00:00:00+05:30,106.0587909067941,107.32503821990854,105.66582150834569,106.45176696777344,37163462,112.17607536315919,125.98037360383694,98.37177712248143,3.1826131973460576,5.21267035518745,-2.0300571578413926,38.87686588497957,0.005775433449448419,0.026526131164751776,0.03597481618819803,NotLabeled
2021-06-03 00:00:00+05:30,107.41236949666386,108.8532684687595,106.58276442979155,106.84474182128906,35499419,111.82894897460938,125.8106725563853,97.84722539283345,2.8659137145546936,4.7433190270609,-1.8774053125062062,44.24459044969244,0.003691576614548664,0.0008179142735795786,0.03598541501344023,NotLabeled
2021-06-04 00:00:00+05:30,106.84474085076323,108.41663183559496,105.92780999505406,107.32504272460938,30162901,111.35956649780273,125.28114118066497,97.43799181494049,2.6234419557715825,4.319343612803037,-1.6959016570314542,40.15439787011986,0.004495316242362879,0.016542609560291854,0.03573962856261755,NotLabeled
2021-06-07 00:00:00+05:30,109.33357848097926,109.98853204215733,106.97574832575108,107.41238403320312,38731208,110.43171424865723,122.61896054632386,98.2444679509906,2.410541828000021,3.937583255842434,-1.5270414278424131,38.082566721893556,0.0008138017593699587,-0.02843594177167108,0.03517697398012657,NotLabeled
2021-06-08 00:00:00+05:30,107.41238068901883,107.98000842354037,104.8798923321372,106.05880737304688,32933698,109.34667358398437,118.53284542691372,100.16050174105501,2.108291546138048,3.5717249139015568,-1.4634333677635087,40.00001466277092,-0.01260168156902497,0.002062680547621376,0.0296623438299496,NotLabeled
2021-06-09 00:00:00+05:30,106.5391146714272,109.59556468249274,105.84049486102788,108.67862701416016,65119067,108.65023994445801,115.38950446041476,101.91097542850126,2.0564481166639013,3.268669554454026,-1.2122214377901246,54.746842879825536,0.024701575531567377,0.020918958039098268,0.03013498843711363,NotLabeled
2021-06-10 00:00:00+05:30,110.468824294603,112.78298801106547,110.11951442677778,112.259033203125,69545924,108.4908676147461,114.68187180813554,102.29986342135665,2.278011187088339,3.070537880980889,-0.7925266938925501,59.317205690822504,0.032944897146136576,0.05067438312399131,0.030352979789833843,NotLabeled
2021-06-11 00:00:00+05:30,113.56894582695692,118.50292380231383,113.0013114339543,117.935302734375,182708699,108.83581008911133,116.26828752104757,101.4033326571751,2.878448071684815,3.0321199191216746,-0.15367184743685947,63.23907351089297,0.05056403363976214,0.09886099031883,0.029851963152735667,NotLabeled
2021-06-14 00:00:00+05:30,118.764891183054,121.60302277382551,113.52526363086045,119.900146484375,107555205,109.1305377960205,117.7920531191968,100.46902247284422,3.4728126756087363,3.120258470419087,0.3525542051896493,66.54273080672198,0.016660352790422772,0.11625998774323532,0.028582835052687005,NotLabeled
2021-06-15 00:00:00+05:30,120.46776747250453,122.03965840317498,119.28885926829814,119.900146484375,54148549,109.3641372680664,118.92354611448245,99.80472842165035,3.8989067365108525,3.27598812363744,0.6229186128734123,76.38688356553382,0.0,0.13050626774109553,0.028113457439843312,NotLabeled
2021-06-16 00:00:00+05:30,118.76490938988917,120.51145217503459,114.22390081352384,114.57320404052734,70891536,109.47766304016113,119.23587085437354,99.71945522594872,3.763367851537353,3.373464069217423,0.38990378231993006,61.854309662900334,-0.04442815626202634,0.05423860411485659,0.029856445718512883,NotLabeled
2021-06-17 00:00:00+05:30,111.77873400577455,116.49439401661778,111.21110628964513,112.04071807861328,62423773,109.77675857543946,119.46015682696196,100.09336032391695,3.4122673623423196,3.381224727842403,0.031042634499916844,59.41477863350238,-0.022103649654576007,-0.0019447443852175228,0.02972424114542727,NotLabeled
2021-06-18 00:00:00+05:30,111.7787377142137,112.652009102606,104.3995971473116,108.28565216064453,87506711,109.86408576965331,119.45561115372048,100.27256038558615,2.7987529757863996,3.2647303774312024,-0.46597740164480284,46.56992659203312,-0.03351518967714939,-0.08182156105932348,0.027987213453862618,NotLabeled
2021-06-21 00:00:00+05:30,105.57851717420151,111.21111523027159,104.92356360198255,110.81814575195312,57519229,109.95796279907226,119.54818382999959,100.36774176814494,2.488206971087294,3.109425696162421,-0.6212187250751269,58.05086115688487,0.023387157400609038,-0.07574636894714226,0.02839347121321804,NotLabeled
2021-06-22 00:00:00+05:30,111.77873280943025,114.57319846465334,110.55615158682077,111.123779296875,54722911,110.1020523071289,119.67028856346833,100.53381605078947,2.240927085278784,2.9357259739856936,-0.6947988887069094,57.631973303235995,0.002757973821417181,-0.07319730162834881,0.028012606912890016,NotLabeled
2021-06-23 00:00:00+05:30,111.99705581292552,112.91399343781022,107.98000874980262,108.37297821044922,41682651,110.33565216064453,119.46389112537739,101.20741319591167,1.8022145287022084,2.709023684928997,-0.9068091562267884,52.31789918667727,-0.02475438743922509,-0.0541158456901053,0.028546582871588334,NotLabeled
2021-06-24 00:00:00+05:30,109.37724577331544,110.86180452798028,108.02367240212578,109.15892791748047,42063029,110.4557273864746,119.44794793100604,101.46350684194317,1.5006526501366864,2.4673494779705347,-0.9666968278338484,52.75592934522272,0.0072522663860452585,-0.025720918346049948,0.026862232118013838,NotLabeled
2021-06-25 00:00:00+05:30,110.86179868926135,115.27182180987933,110.68714707880459,114.7042007446289,84119646,110.91201248168946,119.78756601340822,102.0364589499707,1.6896427126839768,2.3118081249132234,-0.6221654122292466,59.413761156860204,0.05079999348601549,0.05927422937308724,0.028286859926233587,NotLabeled
2021-06-28 00:00:00+05:30,116.36342179211732,116.84372375908652,113.52528955328519,116.31975555419922,43837860,111.20019264221192,120.39560891967896,102.00477636474487,1.947332829543626,2.238913065839304,-0.29158023629567786,63.15791636329981,0.014084530462551204,0.04964538762957171,0.028158570220846977,NotLabeled
2021-06-29 00:00:00+05:30,116.31975140031837,116.88738582285305,112.87033192900951,113.78726959228516,31437450,111.59753150939942,120.49990845726082,102.69515456153802,1.9250132964513966,2.1761331119617227,-0.251119815510326,56.56566884711719,-0.021771761381789045,0.023968679901485768,0.02699300547521812,NotLabeled
2021-06-30 00:00:00+05:30,114.9225191231056,117.236682953807,113.6562649600153,114.04924774169922,39503843,111.9774055480957,120.59921915434101,103.35559194185039,1.9064875511449344,2.1222039997983653,-0.21571644865343087,52.51535118138867,0.0023023502572192545,0.052377166568471134,0.025007578310943624,NotLabeled
2021-07-01 00:00:00+05:30,115.00984028183865,115.14083898638374,110.46883168395375,110.86180114746094,42713468,112.17825851440429,120.47775665780796,103.87876037100062,1.6159774804824423,2.020958695935181,-0.4049812154527386,39.31396902411295,-0.02794798437826851,0.015599944617152861,0.025943680661939018,NotLabeled
2021-07-02 00:00:00+05:30,111.5167510867812,111.73506892889513,108.2856496885078,108.59129333496094,36404209,112.24157104492187,120.4033610442777,104.07978104556604,1.1888310471374126,1.8545331661756275,-0.6657021190382149,33.0719062032622,-0.02048052430142211,-0.05329279459675074,0.026408765279664414,NotLabeled
2021-07-05 00:00:00+05:30,109.15891512681165,110.73080616965032,108.11099220660684,109.68287658691406,41371708,112.35509567260742,120.2941860259492,104.41600531926564,0.9277020947050829,1.6691669518815186,-0.7414648571764357,35.189873361726825,0.010052217064825175,-0.057057194933604394,0.026472220360962487,NotLabeled
2021-07-06 00:00:00+05:30,110.20685014276859,110.99279575044937,107.0194148012539,107.49971008300781,37735052,112.42714080810546,120.14882868091944,104.70545293529149,0.5383860479612395,1.443010771097463,-0.9046247231362234,38.71866363052524,-0.019904351270148224,-0.055257143719209534,0.026876862376777454,NotLabeled
2021-07-07 00:00:00+05:30,107.4997025386042,113.26329215288364,106.32078754108616,111.8660659790039,70266324,112.58651275634766,120.11151197743163,105.06151353526369,0.5755441905295839,1.2695174549838872,-0.6939732644543033,49.73684525139716,0.04061737368988738,-0.019142447722582334,0.02807389112278971,NotLabeled
2021-07-08 00:00:00+05:30,112.65199625371281,112.82664784645803,106.97573287658774,107.32504272460938,44541931,112.33981323242188,120.22491275790586,104.4547137069379,0.23585091794021196,1.0627841475751523,-0.8269332296349403,48.58610202829885,-0.04059339366816417,-0.03190240809949685,0.029136056012142406,NotLabeled
2021-07-09 00:00:00+05:30,107.76168427501088,109.77020435178497,107.01940497136542,109.20258331298828,36030640,111.90317726135254,119.44324515688002,104.36310936582505,0.11679702289967508,0.8735867226400569,-0.7567896997403818,47.57534460209454,0.017493965441006898,0.005629272469771296,0.028444244888772206,NotLabeled
2021-07-12 00:00:00+05:30,110.33783829242438,111.25477591276899,108.59129552036374,109.0279312133789,28310351,111.35956649780273,117.98416552385717,104.73496747174829,0.008257797780558462,0.7005209376681573,-0.6922631398875988,46.842110708386066,-0.0015993403664160688,-0.005971263645845104,0.025885087973138814,NotLabeled
2021-07-13 00:00:00+05:30,109.68287929805234,111.12377834584865,108.54763055019133,109.46456146240234,22303327,110.8377872467041,116.14239694127255,105.53317755213564,-0.042043259559093826,0.5520080982227071,-0.594051357781801,51.76802401851411,0.004004755883782796,0.01827773654345055,0.025539372713597144,NotLabeled
2021-07-14 00:00:00+05:30,109.85754553179245,110.42516661562534,108.37298014418158,108.7222900390625,15709364,110.54524154663086,115.62295402651903,105.4675290667427,-0.1401863295980803,0.4135692126585496,-0.5537555422566299,49.29178091650834,-0.006780929036972361,-0.028103034753465428,0.02552891656483882,NotLabeled
2021-07-15 00:00:00+05:30,108.85327052046352,111.29842619985028,108.72227849098017,110.16317749023438,38444821,110.45136451721191,115.48186714120249,105.42086189322134,-0.10053889458247056,0.3107475912103456,-0.4112864857928162,41.503238956441905,0.01325291668023354,0.026444291971143397,0.02406081615529348,NotLabeled
2021-07-16 00:00:00+05:30,111.25476690315921,112.17169778671717,110.29416978882311,111.08010864257812,31731431,110.5910873413086,115.52257273512377,105.65960194749341,0.004815158047861701,0.24956110457784886,-0.24474594652998716,39.93283976561348,0.008323390566916444,0.017193048668167732,0.02367699235342153,NotLabeled
2021-07-19 00:00:00+05:30,109.94486945482417,112.91399351660682,108.85328021611967,110.59982299804688,55149617,110.58017120361328,115.5105067627778,105.64983564444876,0.048989248629851545,0.2094467333882494,-0.16045748475839786,43.35152473248395,-0.004323777230689108,0.01441733111115906,0.022444644757258405,NotLabeled
2021-07-20 00:00:00+05:30,110.46882918757349,110.64348079795612,105.4911850038181,107.28138732910156,46291709,110.3880516052246,115.52434676681824,105.25175644363097,-0.18167821807939788,0.13122174309471996,-0.31289996117411784,37.479778138908486,-0.030003987158314982,-0.01994411802444973,0.02283184358533979,NotLabeled
2021-07-22 00:00:00+05:30,108.63495269216838,111.51674402814542,108.59128646149681,110.16317749023438,68047287,110.47756156921386,115.52766974619992,105.4274533922278,-0.1304437906178748,0.07888863635220102,-0.2093324269700758,48.69279608875225,0.026861977020230965,0.01325291668023354,0.023637510435769456,NotLabeled
2021-07-23 00:00:00+05:30,110.99279221469597,114.39855196446506,110.03219501925646,110.51249694824219,75791978,110.54524002075195,115.55707618314455,105.53340385835935,-0.060950378826959195,0.05092083331636897,-0.11187121214332817,53.87325806749316,0.0031709275818481153,0.0031709275818481153,0.022959815273249338,NotLabeled
2021-07-26 00:00:00+05:30,111.12377898787138,114.31121407675161,110.51249170953228,113.17597198486328,62471280,110.46882858276368,115.25521069896314,105.68244646656422,0.20666156072631736,0.08206897879835866,0.1245925819279587,56.622543090567355,0.024101120779747687,0.018868034681429835,0.02347125933782883,NotLabeled
2021-07-27 00:00:00+05:30,114.39855027979738,115.31548788980086,111.99705399529782,113.30696105957031,45361755,110.31818885803223,114.47783733428068,106.15854038178378,0.42442318815093927,0.15053982066887478,0.2738833674820645,61.938961298069984,0.0011573929731705235,0.024476875171592694,0.020637719279568416,NotLabeled
2021-07-28 00:00:00+05:30,113.83094002970773,117.76066159586476,111.16745941429942,116.88739013671875,75594059,110.4731948852539,115.3469064353199,105.59948333518791,0.8758156922800566,0.2955949949911112,0.5802206972889454,60.667934198561625,0.031599374333815655,0.08954025527419174,0.021583748539882774,NotLabeled
2021-07-29 00:00:00+05:30,118.10996056578452,125.18346445834528,117.28035537469763,123.96087646484375,146823987,110.96877632141113,118.60586637706044,103.33168626576182,1.783756698131583,0.5932273356192056,1.1905293625123776,81.90960789306547,0.06051539280542939,0.12524783043619547,0.024605011111910182,NotLabeled
2021-07-30 00:00:00+05:30,122.69463675328208,127.4102971774749,122.69463675328208,124.04821014404297,83758559,111.62809677124024,121.2461774724642,102.01001607001628,2.48174556660517,0.9709309818163985,1.5108145847887715,80.57560219533228,0.0007045261512328427,0.12248129007654351,0.024614201005084532,NotLabeled
2021-08-02 00:00:00+05:30,125.31443540511593,125.31443540511593,121.29738197151211,121.82135009765625,44235482,112.289599609375,122.80614327764164,101.77305594110837,2.8226796841692163,1.341280722286962,1.4813989618822543,74.2951848023666,-0.01795156934389397,0.07638881258249097,0.024049630291033977,NotLabeled
2021-08-03 00:00:00+05:30,121.95234212377528,123.0875975756834,119.7255107787622,121.47205352783203,40356148,112.87905845642089,124.0797374899034,101.67837942293839,3.029761905361127,1.6789769589017953,1.3507849464593318,72.87856833017207,-0.0028672853284272826,0.07206170205173001,0.023423899341630926,NotLabeled
2021-08-04 00:00:00+05:30,121.9087012865413,124.39751695537097,117.14936116400355,120.11849212646484,60973704,113.50999755859375,124.85550517202113,102.16448994516638,3.0495022015663977,1.9530820074347162,1.0964201941316816,71.21954310141783,-0.011142986078333306,0.027642861954286113,0.023678217855841472,NotLabeled
2021-08-05 00:00:00+05:30,121.16639373114985,125.6200827226442,116.75637096997654,124.92146301269531,85824933,114.16276741027832,126.56327200499051,101.76226281556613,3.4133590604400013,2.2451374180357733,1.168221642404228,74.42198465695813,0.039985274550181193,0.0077491106488263295,0.02418037793983715,NotLabeled
2021-08-06 00:00:00+05:30,125.18344903526604,126.0130541241424,122.47630261360331,123.13125610351562,46997414,114.95307807922363,127.53214953655652,102.37400662189074,3.5167248908999795,2.4994549126086145,1.017269978291365,69.38203956784392,-0.014330659167814508,-0.007391916735135395,0.02337172817634178,NotLabeled
2021-08-09 00:00:00+05:30,124.0045362181736,125.6637465136025,115.57747271365423,117.10569763183594,71272074,115.34823379516601,127.66039769105379,103.03606989927823,3.0769615478967296,2.614956239666238,0.4620053082304918,58.87962772827863,-0.04893605947310442,-0.03870957317448942,0.024237430345939875,NotLabeled
2021-08-10 00:00:00+05:30,118.02261763243169,118.76490361001964,107.89267796661507,111.123779296875,62228631,115.45302619934083,127.57286392771033,103.33318847097132,2.2201624627218592,2.5359974842773623,-0.315835021555503,54.888888284879016,-0.0510813603089344,-0.08519057618949366,0.02686755240297877,NotLabeled
2021-08-11 00:00:00+05:30,113.6999295621839,118.10995264000263,111.42942533562181,117.6733169555664,83411121,115.86346397399902,127.68163476458862,104.04529318340941,2.0460503720363334,2.438008061829157,-0.3919576897928234,58.73984573562181,0.058939119062841216,-0.020356359188426043,0.02965794694231898,NotLabeled
2021-08-12 00:00:00+05:30,118.76489574291088,120.24945427468477,116.75636910577563,117.8916244506836,44524216,116.32193069458008,127.67596312494456,104.96789826421559,1.9037357949326719,2.33115360844986,-0.427417813517188,58.613647329894626,0.0018551996388409542,-0.056274065260485284,0.02966184554063624,NotLabeled
2021-08-13 00:00:00+05:30,117.76065317983492,119.55084888309187,112.47735856457112,116.97470092773438,73126922,116.66250686645508,127.64112507506664,105.68388865784351,1.6973958789047146,2.2044020625408307,-0.5070061836361162,54.62274425043242,-0.007777681639570488,-0.04999993803852265,0.029680674932379022,NotLabeled
2021-08-16 00:00:00+05:30,117.89162986783734,119.07055149654093,115.40280124060222,117.45499420166016,44335128,116.98125114440919,127.64304404549313,106.31945824332524,1.554704002114434,2.0744624504555516,-0.5197584483411175,55.005266802536234,0.0041059585544271915,0.0029827461591354076,0.029603684127640476,NotLabeled
2021-08-17 00:00:00+05:30,117.32402767887017,117.89164880605844,113.08865570655236,113.5252914428711,34911091,117.1275245666504,127.4969512508175,106.75809788248328,1.1117103856703494,1.8819120374985112,-0.7702016518281618,45.97699932207029,-0.03345709380430517,0.021611145347930405,0.030646883479098462,NotLabeled
2021-08-18 00:00:00+05:30,113.74358609427507,114.39853956506745,111.51674162856852,112.1280288696289,24225712,117.36985664367675,126.96829772724287,107.77141556011064,0.6405040092726466,1.6336304318533383,-0.9931264225806917,33.61543215419478,-0.012307940860432187,-0.04712443083448903,0.030771781363629052,NotLabeled
2021-08-20 00:00:00+05:30,109.33356823527133,109.33356823527133,101.38680043684646,103.9192886352539,66573892,117.05766220092774,127.96058393673742,106.15474046511805,-0.39080224744802194,1.2287438959930663,-1.6195461434410883,27.24575780030716,-0.07320863763617291,-0.11851847729246101,0.034207924212962836,NotLabeled
2021-08-23 00:00:00+05:30,106.53910500279568,107.32505055253576,98.2866933868541,100.55719757080078,87566320,116.55989723205566,129.44906716026767,103.67072730384365,-1.4625531346647733,0.6904844898614984,-2.153037624526272,26.563970199088132,-0.03235290684344194,-0.1403508897798007,0.03424080747001617,NotLabeled
2021-08-24 00:00:00+05:30,101.82345897947164,105.53486297883619,101.69246691757569,104.09396362304688,57673943,116.10579681396484,130.0903389471351,102.12125468079458,-2.0034415448728993,0.15169928291461887,-2.155140827787518,32.10430969340432,0.035171684749427445,-0.11375446969648251,0.035262236861965744,NotLabeled
2021-08-25 00:00:00+05:30,104.836231399953,106.10247223069754,103.48265810154452,104.22493743896484,33183246,115.65169563293458,130.57707083907724,100.72632042679191,-2.393935219465618,-0.35742761756142855,-2.0365076019041894,33.21029587984917,0.0012582268112324435,-0.08192318985224922,0.034757389255370724,NotLabeled
2021-08-26 00:00:00+05:30,103.91929120045164,104.181275271852,99.55293442732341,100.64452362060547,58381363,114.83955230712891,131.18219368500323,98.4969109292546,-2.958213300802356,-0.8775847542096141,-2.080628546592742,23.674229042853725,-0.03435275574481489,-0.10241422563822367,0.035385803071653184,NotLabeled
2021-08-27 00:00:00+05:30,101.73611830858549,104.13761466350918,101.73611830858549,103.26434326171875,51051068,113.80472564697266,130.33545454452667,97.27399674941864,-3.157611218788759,-1.3335900471254432,-1.8240211716633157,28.837208470721023,0.026030424178757006,-0.006302442810534936,0.03511741881977922,NotLabeled
2021-08-30 00:00:00+05:30,103.7883074209899,107.23773354367802,103.74464784730456,106.10247802734375,43152497,112.90743904113769,129.04045141128745,96.77442667098794,-3.051446572445741,-1.6771613521895028,-1.3742852202562381,37.42514625471443,0.027484170004663522,0.05514553498409325,0.0326773267535003,NotLabeled
2021-08-31 00:00:00+05:30,106.75742416642119,107.32505188508847,104.83622983211998,106.1897964477539,31984469,112.12586135864258,127.95224543784538,96.29947727943978,-2.926529251062277,-1.9270349319640578,-0.9994943190982193,43.48327122337637,0.00082296306395091,0.020134047660022025,0.032678709289665146,NotLabeled
2021-09-01 00:00:00+05:30,106.01515011300445,106.18980172934334,103.30801008455911,104.83623504638672,29172329,111.29407043457032,126.79757345290813,95.7905674162325,-2.9032852022120608,-2.1222849860136583,-0.7810002161984024,30.347580341483436,-0.012746623937952006,0.0058651760552013155,0.03261006509096536,NotLabeled
2021-09-02 00:00:00+05:30,104.70523831059437,106.10247116628602,104.13761058913258,105.53484344482422,23650346,110.56488800048828,125.68801434545526,95.4417616555213,-2.7962587366881166,-2.25707973614855,-0.5391790005395665,31.35704034664532,0.0066638066325863665,0.04859002405986379,0.0327309310712226,NotLabeled
2021-09-03 00:00:00+05:30,105.88416008681996,109.15892792455665,104.53058671554257,106.93208312988281,45453134,109.66541900634766,123.25545134693175,96.07538666576357,-2.5690791807124214,-2.3194796250613248,-0.2495995556510966,35.064929760218504,0.013239605417987743,0.035517970214252514,0.03297690327738931,NotLabeled
2021-09-06 00:00:00+05:30,107.41238068901883,107.499706495284,104.31226459761568,106.05880737304688,41016120,108.81179656982422,120.90248984844798,96.72110329120046,-2.431475267821355,-2.3418787536133308,-0.08959651420802439,33.247754566736745,-0.008166639340367432,-0.00041158939083041357,0.031325299232404596,NotLabeled
2021-09-07 00:00:00+05:30,106.36446049771409,107.76169342245169,104.70524348473039,105.0108871459961,29365152,108.20705604553223,119.74848712879995,96.6656249622645,-2.3795515904455584,-2.3494133209797763,-0.03013826946578213,36.32537280513656,-0.009880558277115759,-0.011101907539090572,0.0312903409812363,NotLabeled
2021-09-08 00:00:00+05:30,105.5785022709218,106.40810734694728,104.05027748479915,104.79255676269531,20022364,107.89049491882324,119.44238527472643,96.33860456292004,-2.3291699183438226,-2.3453646404525856,0.01619472210876305,37.75510853853452,-0.0020791214057380714,-0.00041663346334475104,0.029791200946726822,NotLabeled
2021-09-09 00:00:00+05:30,104.7925659976982,107.67436422764767,104.35593030604112,106.71376037597656,27731248,107.34251708984375,117.9408765898699,96.7441575898176,-2.1098954434913253,-2.2982708010603337,0.18837535756900836,55.90406540496889,0.0183333976441844,0.011170878665951678,0.028214297135728712,NotLabeled
2021-09-13 00:00:00+05:30,107.63070137832862,107.76169342245169,104.00662369109553,105.0108871459961,35275437,106.69848022460937,116.0950302840719,97.30193016514684,-2.0498965491353545,-2.248595950675338,0.19869940153998344,60.119060000804325,-0.01595739128656759,-0.017966506661552417,0.024701559627062653,NotLabeled
2021-09-14 00:00:00+05:30,105.62217640512675,106.27712997521857,104.5305871216404,105.36019897460938,22858807,106.11775512695313,114.18128483374818,98.05422542015808,-1.9516628928800657,-2.1892093391162835,0.2375464462362178,53.3642498587148,0.0033264344117733824,-0.006586990894402955,0.024724379644587027,NotLabeled
2021-09-15 00:00:00+05:30,105.27285817015616,106.45177309589911,104.39958686774932,105.447509765625,31240322,105.51738090515137,111.56203376117959,99.47272804912315,-1.8454930661274602,-2.120466084518519,0.2749730183910586,53.25579590388794,0.000828688554742163,0.004157879544640641,0.024748057711606295,NotLabeled
2021-09-16 00:00:00+05:30,105.79682582663952,107.10673285710754,104.18127515490198,104.44325256347656,27324977,105.06327896118164,109.79742441768677,100.3291335046765,-1.8213920035595947,-2.060651268326734,0.23925926476713943,61.725076144809606,-0.009523764045073935,-0.003333292077315697,0.024686124069435694,NotLabeled
2021-09-17 00:00:00+05:30,105.22919797407278,105.22919797407278,99.85857782380256,100.55719757080078,49076581,104.48473739624023,108.32791327855531,100.64156151392515,-2.091751489526885,-2.0668713125667644,-0.024880176960120792,42.249975428365495,-0.03720733410053456,-0.057692304942538075,0.02491268038763572,NotLabeled
2021-09-20 00:00:00+05:30,98.47241829733552,100.46848083038962,93.14958487585793,93.85929870605469,64945986,103.98173789978027,110.09776601037024,97.8657097891903,-2.814039298346799,-2.2163049097227714,-0.5977343886240276,21.294056953303098,-0.06660785131795466,-0.1061945931800139,0.02825312305790426,NotLabeled
2021-09-21 00:00:00+05:30,94.03672908636763,99.09341841481077,93.41573452614938,98.64984893798828,65576034,103.88637046813965,110.28040080540646,97.49234013087283,-2.9657133260902526,-2.366186592996268,-0.5995267330939846,35.515920124141374,0.051039697696191766,-0.06368961051637922,0.026901773742600825,NotLabeled
2021-09-22 00:00:00+05:30,99.18214065692776,100.77898675969585,96.78686135027569,98.73857116699219,55010096,103.61860084533691,110.41209533546235,96.82510635521147,-3.043671394218393,-2.501683553240693,-0.5419878409776997,37.68823119290138,0.0008993650771800255,-0.06362349014732138,0.025997150844734966,NotLabeled
2021-09-23 00:00:00+05:30,100.20234450756116,100.60156110726587,97.14171775149131,97.9844970703125,37099971,103.3065788269043,110.54170180731938,96.07145584648921,-3.1302179978235216,-2.627390442157259,-0.5028275556662627,34.78919509793644,-0.0076370772613708615,-0.06183985403210879,0.024702706516885428,NotLabeled
2021-09-24 00:00:00+05:30,98.20627674634434,98.91599059697418,94.61336814440466,95.94407653808594,41761741,103.07155647277833,110.94774929426545,95.1953636512912,-3.32512175538038,-2.7669367048018834,-0.5581850505784964,28.42290753650616,-0.020823911876206136,-0.045875592639371354,0.02499925240070647,NotLabeled
2021-09-27 00:00:00+05:30,96.21020806926884,97.40785096248173,95.367428847254,96.919921875,23012292,102.75433540344238,111.09518378649256,94.41348702039221,-3.3620857920556375,-2.8859665222526343,-0.47611926980300323,32.126019077087264,0.01017098055581056,0.032608630270405836,0.024136892634488736,NotLabeled
2021-09-28 00:00:00+05:30,96.96428307081993,98.91598591517648,96.74249834903702,97.8957748413086,26139871,102.34400024414063,110.79801671287373,93.88998377540753,-3.274886030975395,-2.9637504239971864,-0.31113560697820875,36.044807833888996,0.010068652011164136,-0.007643945781951489,0.0234681985969805,NotLabeled
2021-09-29 00:00:00+05:30,99.71441540717116,102.37583215237146,98.11756265271787,101.48869323730469,79833166,102.10894508361817,110.37199863823994,93.84589152899639,-2.882631918414546,-2.9475267228806583,0.06489480446611218,44.27749707032334,0.03670146542912911,0.027852560937521975,0.024129461432240193,NotLabeled
2021-09-30 00:00:00+05:30,102.02096985882365,104.63802681308658,100.424117188483,100.82333374023438,59107985,101.90830001831054,110.0869664114873,93.72963362513379,-2.5955369249389832,-2.8771287632923235,0.28159183835334023,39.33336243827174,-0.0065559962971889485,0.028972304342030242,0.02414254362640274,NotLabeled
2021-10-01 00:00:00+05:30,100.202346710819,102.77505114826293,98.29500328751291,101.84355926513672,50198724,101.72373580932617,109.72243792848798,93.72503369016437,-2.2596406696603566,-2.7536311445659303,0.4939904749055737,44.119070311411,0.010118942580602308,0.06148876449614815,0.024158077354793788,NotLabeled
2021-10-04 00:00:00+05:30,102.73069860830014,107.29945903033443,101.13384570561496,106.72282409667969,86400828,101.71327285766601,109.68378669547312,93.74275901985891,-1.5814940936960653,-2.5192037343919575,0.9377096406958922,52.16573272004737,0.0479094099494346,0.1011443471273401,0.026393832816487876,NotLabeled
2021-10-05 00:00:00+05:30,106.27925200047164,107.56560080795514,104.94854353686809,105.88003540039062,43299836,101.7043342590332,109.65470430505032,93.75396421301609,-1.0993909561778992,-2.235241178749146,1.1358502225712468,50.67132690915843,-0.007896986454608679,0.08155878608678169,0.026301254812772554,NotLabeled
2021-10-06 00:00:00+05:30,106.2792481308829,108.23095109910739,102.02097849506023,102.68633270263672,52648409,101.58810653686524,109.40173396668068,93.7744791070498,-0.9639144573029768,-1.9809758344599122,1.0170613771569355,47.44661048277594,-0.030163407914218787,0.011800718160117185,0.027063867214381834,NotLabeled
2021-10-07 00:00:00+05:30,103.7065420567176,104.504968445737,102.02097673952838,102.46454620361328,22381530,101.47170600891113,109.15256860079695,93.7908434170253,-0.8644794913566756,-1.757676565839265,0.8931970744825894,53.10244830328344,-0.002159844384215126,0.0162781015316098,0.02699221645752323,NotLabeled
2021-10-08 00:00:00+05:30,103.26297350076419,105.34774864663093,102.7306914928478,103.70654296875,22319979,101.3213451385498,108.68115824632243,93.96153203077718,-0.6776463203467245,-1.541670516740757,0.8640241963940325,69.47365085879129,0.012121234233240852,0.018292602075731024,0.027136577600279887,NotLabeled
2021-10-11 00:00:00+05:30,104.23882557051154,104.5493228462039,103.17426154861397,103.44039916992188,20380201,101.2428207397461,108.46918884260221,94.01645263688998,-0.5447754344722568,-1.342291500287057,0.7975160658148002,61.53843326765743,-0.0025663163693376845,-0.030756541110496527,0.02680629374452323,NotLabeled
2021-10-12 00:00:00+05:30,103.6178386911517,104.4162583825246,102.33148307042099,102.81941223144531,19223747,101.11578140258788,108.12340038615363,94.10816241902214,-0.48400346559471075,-1.1706338933485878,0.6866304277538771,59.58332347918194,-0.006003330840365972,-0.028906518187035157,0.026618511082962426,NotLabeled
2021-10-13 00:00:00+05:30,102.99682667934206,109.51729635102102,102.99682667934206,108.00916290283203,81744156,101.24386405944824,108.66621540622789,93.82151271266859,-0.01687718610030231,-0.9398825518989308,0.9230053657986285,69.48273995839381,0.05047442461258833,0.05183581943284876,0.028865498186470644,NotLabeled
2021-10-14 00:00:00+05:30,109.11809129744061,111.60208307495948,108.67452182062175,110.18265533447266,60211742,101.53083419799805,109.86216426362894,93.19950413236715,0.5226812859546897,-0.6473697843282067,1.1700510702828963,77.52999893495779,0.020123222634323756,0.07532467977286772,0.029146085361522602,NotLabeled
2021-10-18 00:00:00+05:30,111.6907887355706,116.92490959323423,110.71493730035633,114.44091796875,115093350,102.2250202178955,112.3379296147573,92.11211082103371,1.2791462672397955,-0.26206657401460626,1.5412128412544017,80.06086753914502,0.03864730452675036,0.1035072107575179,0.030034587884189265,NotLabeled
2021-10-19 00:00:00+05:30,115.32805806335428,116.57004712013959,107.87608988097868,109.02937316894531,54408504,102.98352394104003,112.72323444075467,93.2438134413254,1.4255509122253045,0.07545692323337591,1.3500939889919286,66.57859907547206,-0.04728679999999996,0.05403086264045065,0.03080987557624759,NotLabeled
2021-10-20 00:00:00+05:30,108.85194389009732,109.33987300842139,105.12596309531793,105.96874237060547,34047612,103.3494686126709,112.95261275703632,93.74632446830549,1.2798569275204414,0.31633692409078906,0.9635200034296524,56.77851741597456,-0.028071616935715804,0.030629723228441152,0.02732512398830228,NotLabeled
2021-10-21 00:00:00+05:30,106.85588187155064,108.40837500573949,102.95247597739932,105.08160400390625,32622992,103.6666202545166,113.04492677209022,94.28831373694298,1.0803550820176184,0.469140555676155,0.6112145263414634,56.40000403626585,-0.00837169854858355,-0.0271047272309618,0.02545656252108605,NotLabeled
2021-10-22 00:00:00+05:30,105.83567626302654,106.3235986098695,102.15404837745614,103.3516845703125,24743699,103.9349796295166,112.92792812937365,94.94203112965955,0.7737392074250948,0.5300602860259429,0.24367892139915193,52.21930590568693,-0.016462628734991935,-0.061996788364048094,0.02581843706629081,NotLabeled
2021-10-25 00:00:00+05:30,104.06140137330925,105.61389453328759,101.17819979049236,102.4201889038086,31735805,104.25878524780273,112.47289877696724,96.04467171863823,0.4503882074115495,0.5141258703030642,-0.06373766289151472,42.836019405265944,-0.009012873572178615,-0.10503873333333336,0.025847154730693257,NotLabeled
2021-10-26 00:00:00+05:30,103.17425930429361,107.07766514523031,102.99682745894832,106.36795806884766,30794702,104.73118705749512,112.22317316295434,97.2392009520359,0.5068396569492251,0.5126686276322965,-0.005828970683071422,50.73627320706025,0.03854483385835916,-0.024410074301479234,0.026417417646953986,NotLabeled
2021-10-27 00:00:00+05:30,106.9002439058744,107.87609540114107,103.26297554988055,103.79525756835938,34383061,105.02616119384766,111.81670762704934,98.23561476064597,0.3400623805429319,0.4781473782144236,-0.13808499767149168,51.70532367348137,-0.024186799739288722,-0.020510621845871713,0.027151385227090895,NotLabeled
2021-10-28 00:00:00+05:30,103.17425647957108,104.32753298524311,100.73462451161188,102.0209732055664,56679255,105.05277519226074,111.78889985192554,98.31665053259594,0.06398271475346462,0.3953144455222318,-0.3313317307687672,49.348952792694654,-0.017094079289937003,-0.02912622839508683,0.02747378941521529,NotLabeled
2021-10-29 00:00:00+05:30,102.02098289007169,103.75090119696134,100.06927983776886,102.10969543457031,48266319,105.11709327697754,111.70614065543123,98.52804589852386,-0.14597060871949452,0.28705743467388656,-0.4330280433933811,47.574126925844325,0.0008696469580342647,-0.012017115549744495,0.02632048946689701,NotLabeled
2021-11-01 00:00:00+05:30,109.11808840814464,115.59420530555468,108.452734210534,111.11415100097656,200912849,105.58062286376953,112.49628507737569,98.66496065016338,0.40950367714714275,0.31154668316853784,0.09795699397860491,59.211931932665365,0.08818413891143284,0.08488523786392532,0.03243788223847356,NotLabeled
2021-11-02 00:00:00+05:30,111.602076131729,112.08999846487421,108.31965814648247,108.54144287109375,49404142,105.67155380249024,112.69739761466798,98.6457099903125,0.6348073417283899,0.37619881488050827,0.25860852684788166,56.56152910982034,-0.023153739705577214,0.020433642251920237,0.03298988092939964,NotLabeled
2021-11-03 00:00:00+05:30,109.11808833137887,109.82780218233076,107.43252301161782,108.23094940185547,40867394,105.78909950256347,112.90768137601012,98.67051762911683,0.7793243253587576,0.4568239169761582,0.3225004083825994,50.286371099905395,-0.002860598321021257,0.04273501446417005,0.031398032383218505,NotLabeled
2021-11-04 00:00:00+05:30,109.47294646213832,109.73908408292576,108.85194514363506,109.33987426757812,7327909,106.12177658081055,113.25169643452546,98.99185672709564,0.9721299362908127,0.5598851208390891,0.41224481545172353,48.88103780211169,0.010245912762026022,0.07173918099432908,0.031386911470603546,NotLabeled
2021-11-08 00:00:00+05:30,110.89236831031712,110.89236831031712,108.23095147086951,110.58187103271484,40785175,106.52764282226562,113.7049815269864,99.35030411754484,1.2111867245670993,0.6901454415846913,0.521041282982408,44.43022979501614,0.011359046948392182,0.08297131395885238,0.030556909402977978,NotLabeled
2021-11-09 00:00:00+05:30,112.5524578818526,114.15642202190416,110.1694198510216,113.05655670166016,62396450,106.99514350891113,114.60385570247904,99.38643131534322,1.5820900539351328,0.8685343640547796,0.7135556898803532,56.35083747637916,0.022378764673037566,0.01748117303858554,0.03077921360195588,NotLabeled
2021-11-10 00:00:00+05:30,113.19403012637433,113.60647521233469,107.69472501902011,108.10717010498047,67831948,107.22848205566406,114.6624133553251,99.79455075600302,1.4598314518081708,0.9867937816054579,0.4730376702027128,53.18268797966626,-0.04377797043421727,-0.004000985749093355,0.03251330799951706,NotLabeled
2021-11-11 00:00:00+05:30,108.24465473877409,109.25285928223569,106.686521080036,107.2364501953125,25749010,107.44933395385742,114.58833719780328,100.31033070991155,1.2779494037658736,1.0450249060375412,0.23292449772833246,53.20869223411047,-0.008054229047180006,-0.009188676732848844,0.032577846454385176,NotLabeled
2021-11-12 00:00:00+05:30,108.15300046230884,108.9778976270924,105.90745367353009,107.6947250366211,24442697,107.43361206054688,114.56880813765035,100.2984159834434,1.1574432349053012,1.0675085718110933,0.08993466309420795,56.721595714055965,0.004273498800770881,-0.01504619647660288,0.0325253842437108,NotLabeled
2021-11-15 00:00:00+05:30,108.15301122859226,108.5654563556776,105.4033584007467,105.81580352783203,17462859,107.21526947021485,114.26298586513667,100.16755307529303,0.8999538570637924,1.033997628861633,-0.13404377179784066,55.1055665094476,-0.01744673667303709,-0.04309989929066049,0.03087253300111245,NotLabeled
2021-11-16 00:00:00+05:30,106.22824804717352,107.05314523505277,104.53263032320008,104.99090576171875,22417892,106.74276885986328,112.97015517428676,100.51538254543979,0.6221574702095296,0.9516295971312124,-0.3294721269216828,47.71490418810372,-0.0077956008328785575,-0.07134173528055954,0.03053794347237781,NotLabeled
2021-11-17 00:00:00+05:30,104.486791749352,105.8157876192483,103.66189462646948,104.16600036621094,17789072,106.49960021972656,112.73084869344397,100.26835174600915,0.33161619573665746,0.8276269168523015,-0.49601072111564404,50.65309846123907,-0.007856922364113839,-0.036456136396340266,0.02910618838071805,NotLabeled
2021-11-18 00:00:00+05:30,104.30349810926003,104.9909113033209,100.82060179559353,101.27887725830078,25723110,106.26510696411133,112.91910567902951,99.61110824919314,-0.13010677373476653,0.6360801787348879,-0.7661869524696544,48.74204889232845,-0.027716559124474904,-0.05555548441002134,0.027943543600882872,NotLabeled
2021-11-22 00:00:00+05:30,101.82879691174426,102.37872601712462,96.97108165603508,98.39173126220703,32273044,105.93061332702636,113.4512686118529,98.40995804219983,-0.7206864814280038,0.3647268467023095,-1.0854133281303133,44.243682202582,-0.028506891804600087,-0.08638300317170244,0.0279631136405127,NotLabeled
2021-11-23 00:00:00+05:30,98.34592331426082,104.02853661415381,98.07095522215381,101.78298950195312,51894157,105.8521785736084,113.5174122568507,98.18694489036609,-0.904650706433813,0.11085133607508502,-1.0155020425088979,32.5137610481558,0.034466902820406986,-0.0381116420367037,0.02910350585320383,NotLabeled
2021-11-24 00:00:00+05:30,102.51622552710548,103.20363876084922,100.82060761575002,101.37053680419922,28289989,105.79969596862793,113.57741795440343,98.02197398285243,-1.0713750214992501,-0.125593935439782,-0.9457810860594681,35.378142344792735,-0.004052275333748079,-0.0344826909650261,0.02890177059283834,NotLabeled
2021-11-25 00:00:00+05:30,101.59966988521737,102.37873678248758,99.39994623966187,100.77477264404297,33353266,105.5200366973877,113.60777013905789,97.4323032557175,-1.2373154290245338,-0.3479382341567324,-0.8893771948678014,34.97129880003642,-0.005877093867096561,-0.03255599437672185,0.028863843790917023,NotLabeled
2021-11-26 00:00:00+05:30,99.49160441271229,100.08735691203619,94.49639774074967,95.00050354003906,56238864,105.08029899597167,114.42202917433482,95.73856881760852,-1.8138507146811236,-0.6411207302616106,-1.172729984419513,25.6727280446335,-0.057298755953534175,-0.06199094903322644,0.029957388742986465,NotLabeled
2021-11-29 00:00:00+05:30,95.04632813311272,97.10856771452988,92.02171427600472,94.08395385742188,44874279,104.68344802856446,115.17588090336572,94.19101515376319,-2.31799656029402,-0.9764958962680925,-1.3415006640259275,21.698146545101125,-0.00964784025835086,-0.04378190473450694,0.029657025731791166,NotLabeled
2021-11-30 00:00:00+05:30,94.40474245589783,96.51281231753836,90.96767658978504,91.70092010498047,50348334,104.16300926208496,116.12292168855059,92.20309683561932,-2.876666265053913,-1.3565299700252567,-1.5201362950286565,13.249259897832545,-0.025328801083899344,-0.09905456153632808,0.029888804390213762,NotLabeled
2021-12-01 00:00:00+05:30,93.30489630770973,94.40475473078244,91.88423943457224,93.9923095703125,37013303,103.30691719055176,115.61784120545715,90.99599317564636,-3.0987990249384296,-1.7049837810078914,-1.3938152439305382,23.26397328916211,0.024987638757700825,-0.07278473081520742,0.030567068028543157,NotLabeled
2021-12-02 00:00:00+05:30,94.12978400749326,96.14620038394949,93.213233016212,95.82540893554688,35863264,102.67111549377441,115.15598944668773,90.18624154086109,-3.091290565228803,-1.982245137852074,-1.1090454273767292,29.14579156220981,0.01950265264907758,-0.04911312205067686,0.023006054430205387,NotLabeled
2021-12-03 00:00:00+05:30,96.0545402327698,97.33770594020854,95.00050526503485,95.32129669189453,39431734,102.02563285827637,114.63446431109101,89.41680140546173,-3.0903935684800956,-2.2038748239776784,-0.8865187445024172,27.424806891279502,-0.0052607366798863575,0.0033767521213219354,0.02269819192986513,NotLabeled
2021-12-06 00:00:00+05:30,95.59626783409782,97.70433084445392,93.71733557079473,94.31309509277344,40798956,101.27429389953613,113.83875842745579,88.70982937161648,-3.1348989713165025,-2.390079653445443,-0.7448193178710594,28.32475198331403,-0.010576876669857849,0.0024354975100091547,0.0227086865129891,NotLabeled
2021-12-07 00:00:00+05:30,95.77957872005737,99.62909009161874,95.13799582237351,98.75836944580078,54180253,100.68311882019043,112.49365404961894,88.87258359076192,-2.7794337519716947,-2.467950473150694,-0.3114832788210009,39.66568844766284,0.047133161610851904,0.07696159790698776,0.025326978239376206,NotLabeled
2021-12-08 00:00:00+05:30,100.77477613738799,101.23305162140107,98.25426097531596,101.00391387939453,42143106,100.08048667907715,110.36393440053541,89.7970389576189,-2.2901291523468217,-2.4323862089899198,0.14225705664309807,44.99277175739684,0.02273776335307076,0.07459763826568055,0.025801146197439687,NotLabeled
2021-12-09 00:00:00+05:30,101.04973367067358,103.11197313334038,99.58325367354504,102.47039031982422,41245513,99.79864768981933,109.44507587214784,90.15221950749083,-1.7636886342891103,-2.298646694049758,0.5349580597606476,51.97567566199949,0.014519006087039044,0.06934467025073521,0.02545424077269326,NotLabeled
2021-12-10 00:00:00+05:30,101.8288004867746,103.34111082421113,100.86642626675368,102.8828353881836,31774104,99.58096694946289,108.70292540456028,90.4590084943655,-1.2982346202803114,-2.0985642792958688,0.8003296590155573,58.11258150370337,0.00402501705197067,0.07932685515945193,0.023839211347769895,NotLabeled
2021-12-13 00:00:00+05:30,113.14820555100565,113.14820555100565,103.11197601588427,103.57025146484375,69531375,99.37474327087402,107.89072027146102,90.85876627028702,-0.8639313653514478,-1.8516376965069847,0.987706331155537,53.57795469166296,0.006681542883868685,0.09815345751259974,0.023871556822050357,NotLabeled
2021-12-14 00:00:00+05:30,103.02032627894033,106.31990823955314,102.28708273536918,105.03673553466797,41178093,99.33578987121582,107.73402787085914,90.93755187157251,-0.396835426542566,-1.560677242514101,1.163841815971535,57.04224031101362,0.014159317459241816,0.0635730027145982,0.02408519626097445,NotLabeled
2021-12-15 00:00:00+05:30,105.17421488540107,107.4197617743161,104.12017996077077,104.44097137451172,38428524,99.30829315185547,107.63184032299864,90.98474598071229,-0.07388007499203297,-1.2633178090096875,1.1894377340176545,57.04224031101362,-0.005671959977846197,0.034028953563336906,0.023816581638738198,NotLabeled
2021-12-16 00:00:00+05:30,105.22005298035835,105.90746620019675,102.74536119330271,104.02853393554688,26860434,99.30141983032226,107.60828746465839,90.99455219598613,0.14708856798617376,-0.9812365336105152,1.128325101596689,71.84035885960489,-0.003949000411781811,0.015205793701570602,0.023771214177252316,NotLabeled
2021-12-17 00:00:00+05:30,103.66190044689867,104.02852218795691,101.18721593202969,102.9744873046875,34182526,99.38620033264161,107.81180753073421,90.960593134549,0.23445243374970914,-0.7380987401384704,0.9725511738881796,71.36559385826726,-0.010132283816596255,0.0008908377783145571,0.02381316103541552,NotLabeled
2021-12-20 00:00:00+05:30,100.63729166702976,101.09556711725716,95.77956909752788,97.6126708984375,47029517,99.34724731445313,107.79937454950348,90.89512007940277,-0.12749516176319275,-0.6159780244634149,0.4884828627002221,62.42773416887919,-0.05206936734130185,-0.057522121286231576,0.02573192288488867,NotLabeled
2021-12-21 00:00:00+05:30,98.52922220099308,102.56204757799802,98.39173816681809,101.4163589477539,37037500,99.32891578674317,107.76036471431827,90.89746685916806,-0.10619129492027923,-0.5140206785547878,0.4078293836345086,64.67388665390115,0.038967154717792774,-0.03446771806535376,0.026386966358098198,NotLabeled
2021-12-22 00:00:00+05:30,102.5620439547273,103.75355589245083,102.10376851881942,103.29528045654297,23794822,99.42515296936035,107.99748204850572,90.85282389021499,0.06159540253720763,-0.3988974623363888,0.4604928648735964,64.73775999041457,0.01852680897129244,-0.010969745904224282,0.025617634629399234,NotLabeled
2021-12-23 00:00:00+05:30,104.02852280610222,105.08255769563479,101.7371456517828,102.10376739501953,26865830,99.49160270690918,108.1283432393599,90.85486217445845,0.09730079988194973,-0.2996578098927211,0.39695860977467085,63.02816571155235,-0.01153501937607615,-0.018502294204394643,0.02574341307710472,NotLabeled
2021-12-24 00:00:00+05:30,102.56203983246094,102.60786317857303,98.80418280760122,99.72073364257812,27899055,99.72761421203613,108.1015916234941,91.35363680057816,-0.06593328558268752,-0.2529129050307144,0.18697961944802688,59.86620304509175,-0.023339332262069412,-0.03159766799791841,0.026242364593013774,NotLabeled
2021-12-27 00:00:00+05:30,98.80418801079668,100.13318399440918,98.16259819688888,99.39994049072266,18001260,99.99341354370117,107.93968173358306,92.04714535381927,-0.21866219900830686,-0.24606276382623288,0.02740056481792602,51.37792217751423,-0.0032169152806803547,0.018309811378327545,0.022781071205959933,NotLabeled
2021-12-28 00:00:00+05:30,99.62907296489809,100.27066274501868,99.35411191004178,99.72073364257812,12134126,100.39440422058105,107.32295890588794,93.46584953527416,-0.3102393903019163,-0.2588980891213696,-0.051341301180546695,46.99568615192247,0.0032272972224305363,-0.01671944568675854,0.02261310134901775,NotLabeled
2021-12-29 00:00:00+05:30,99.4457745093758,99.5374282025438,96.87942914430049,97.5210189819336,25865808,100.5708396911621,106.97264979608703,94.16902958623719,-0.5539282237565715,-0.31790411604840996,-0.2360241077081615,38.79668365091295,-0.02205874927203011,-0.055900535330253076,0.022418560668444103,NotLabeled
2021-12-30 00:00:00+05:30,97.15439492662323,98.39173723704869,96.1461903400813,96.37532806396484,21013686,100.59833564758301,106.91853141650185,94.27813987866418,-0.8299340984235926,-0.42031011252344647,-0.4096239859001461,35.742978063342846,-0.011748143425172719,-0.05610409368042679,0.022061755307341842,NotLabeled
2021-12-31 00:00:00+05:30,96.74196126912888,99.39995358654103,96.69613092183728,98.25426483154297,21997020,100.74498405456544,106.6736045010593,94.81636360807157,-0.8868333851687709,-0.5136147670525114,-0.37321861811625945,38.93131565695477,0.01949603498450414,-0.014705756340414822,0.02206148422085114,NotLabeled
2022-01-03 00:00:00+05:30,98.71253073915656,101.37052979095314,98.11677823864522,100.9122543334961,24678644,101.07494201660157,106.17265885308205,95.97722518012108,-0.7092728844837524,-0.5527463905387596,-0.15652649394499274,41.81817411329399,0.027052153985480887,0.015214434086251671,0.02268980516126169,NotLabeled
2022-01-04 00:00:00+05:30,101.69131767089027,101.96628573287924,99.58325483564525,100.68311309814453,24952161,101.17117919921876,106.15618186527176,96.18617653316575,-0.5803547231262911,-0.5582680570562659,-0.022086666070025185,42.435421180636396,-0.0022706978143040013,0.009650745842041175,0.022513684159030052,NotLabeled
2022-01-05 00:00:00+05:30,100.49980735536089,104.16601094703677,99.81239418192165,103.57025146484375,40582366,101.29949607849122,106.39721405351101,96.20177810347143,-0.24242370451264605,-0.4950991865475419,0.25267548203489587,49.161060983832954,0.02867549758701715,0.062030037688909134,0.021030733512519852,NotLabeled
2022-01-06 00:00:00+05:30,102.37872784955886,104.02852218795691,101.9662827613234,102.9744873046875,25776004,101.32470092773437,106.4516956814284,96.19770617404033,-0.022425617753583538,-0.4005644727887503,0.37813885503516675,50.0,-0.005752271059788594,0.0684735333543327,0.020572513594871132,NotLabeled
2022-01-07 00:00:00+05:30,103.43276865613525,103.98269780285149,101.32470576160163,102.65370178222656,26351285,101.31324424743653,106.42658474347158,96.19990375140148,0.12460338994112874,-0.2955309002427745,0.42013429018390325,61.55462802078349,-0.003115194169520663,0.044776040594537436,0.02035715225166757,NotLabeled
2022-01-10 00:00:00+05:30,103.15780649635015,103.20362984567058,100.2248394234352,100.59146118164062,40065591,101.16430473327637,106.17330551653883,96.1553039500139,0.07386785358750103,-0.2216511494767194,0.2955190030642204,47.945199752027506,-0.02008929599987397,-0.0031789315774802818,0.020810611050938,NotLabeled
2022-01-11 00:00:00+05:30,99.72074515470737,99.72074515470737,95.55043557703544,95.68791961669922,83997765,100.69686393737793,105.92438176844398,95.46934610631187,-0.357889718292725,-0.24889886323992053,-0.10899085505280445,33.53176674219954,-0.048747095502340465,-0.04961302176439519,0.02318521877900076,NotLabeled
2022-01-12 00:00:00+05:30,96.28366201474472,97.24603613589582,95.82538662579825,96.19200134277344,36449235,100.28441543579102,105.56947180392704,94.99935906765499,-0.6518711572209526,-0.32949332203612697,-0.3223778351848256,36.809773133415746,0.005267976648394512,-0.07123908668479784,0.02292626402140975,NotLabeled
2022-01-13 00:00:00+05:30,97.15439309774592,99.44577029344747,96.55863362831786,99.0333251953125,47128730,100.0346549987793,105.03939689338,95.0299131041786,-0.648111451253115,-0.3932169478795246,-0.2548945033735904,48.4970036825912,0.02953804695687956,-0.038273189918524575,0.024052185256422567,NotLabeled
2022-01-14 00:00:00+05:30,98.71253142412857,99.7665663821395,98.30008630664666,99.17080688476562,22683240,99.8444709777832,104.6645073860393,95.0244345695271,-0.6268127268917141,-0.43993610368196256,-0.1868766232097515,49.49495832771392,0.0013882366282460534,-0.033928585496601826,0.024061543360749078,NotLabeled
2022-01-17 00:00:00+05:30,98.070931701789,99.44575784714118,97.38351862911291,98.43755340576172,38356354,99.88571510314941,104.638997205646,95.13243300065281,-0.6614756821770555,-0.48424401938098116,-0.17723166279607439,47.22220295364211,-0.007393844035734509,-0.021412431538195276,0.024022638159201446,NotLabeled
2022-01-18 00:00:00+05:30,98.98750996422082,99.07916366749367,96.28368725766022,96.51282501220703,26528093,99.64053840637207,104.56419378310171,94.71688302964243,-0.8346346707647854,-0.5543221496577421,-0.2803125211070433,47.79118909330875,-0.019552785770903025,0.008620789320241906,0.02154515190964348,NotLabeled
2022-01-19 00:00:00+05:30,96.69611239887772,96.92525010598406,94.95466442632392,95.91704559326172,38987705,99.27162666320801,104.14770484504109,94.39554848137493,-1.0083156021295565,-0.645120840152105,-0.3631947619774515,48.97117762720689,-0.006173059579076212,-0.002858405539686526,0.019593098463074363,NotLabeled
2022-01-20 00:00:00+05:30,96.23783816658491,97.97928616052585,95.13797995605798,96.69611358642578,41218605,99.00124397277833,103.8154065892808,94.18708135627585,-1.07075175571417,-0.7302470232645181,-0.34050473244965185,46.320310129588215,0.008122310151917222,-0.023600253796156934,0.019162483476551147,NotLabeled
2022-01-21 00:00:00+05:30,95.77958125598802,97.15440778119358,93.12158190871139,93.9923095703125,50322983,98.71482276916504,104.0066791624067,93.42296637592338,-1.3231547405121376,-0.848828566714042,-0.4743261737980955,33.69332239762426,-0.027961868536698242,-0.05221796088107289,0.019852741484764305,NotLabeled
2022-01-24 00:00:00+05:30,93.02991435877152,93.717327519058,88.21802223676609,89.22622680664062,51823192,98.20613708496094,104.9714764424297,91.44079772749218,-1.8860280147007558,-1.0562684563113849,-0.8297595583893709,27.758001213945633,-0.05070715663292147,-0.09357533055653877,0.021986870134396028,NotLabeled
2022-01-25 00:00:00+05:30,89.08873283617223,91.47177045346619,88.21801239404923,89.36370086669922,39580595,97.68828544616699,105.47407409362626,89.90249679870772,-2.2945658057589498,-1.303927926200898,-0.9906378795580517,19.123456032685937,0.0015407360030645911,-0.07407434343159658,0.022031154179143208,NotLabeled
2022-01-27 00:00:00+05:30,88.90544370745515,88.99709740551499,86.29327485274065,88.35551452636719,41800442,97.23001022338867,106.06546761153079,88.39455283524656,-2.668921494782481,-1.5769266399172146,-1.0919948548652663,18.786664069000608,-0.011281832898079158,-0.07883406979567908,0.021993577477289257,NotLabeled
2022-01-28 00:00:00+05:30,89.50119309121905,92.02170796223648,89.04291766012497,89.31787872314453,36999823,96.87713775634765,106.3937843704883,87.360491142207,-2.8550352582941088,-1.8325483635925934,-1.0224868947015153,22.28563999219918,0.010891953965025625,-0.07630332378029525,0.02192943353564623,NotLabeled
2022-01-31 00:00:00+05:30,90.92184154341678,91.33429362164662,89.4095382347581,90.23442840576172,29176967,96.4761459350586,106.41495231174376,86.53733955837343,-2.8951997962406466,-2.0450786501222042,-0.8501211461184424,27.39993081052573,0.010261659767561104,-0.03998073014409376,0.022063342104178346,NotLabeled
2022-02-01 00:00:00+05:30,91.1509838431228,95.50460060069965,89.95947187352829,94.6797103881836,71410207,96.16451873779297,105.90656311059445,86.4224743649915,-2.539064620293445,-2.1438758441564523,-0.39518877613699255,47.755091085393786,0.04926370190358553,0.06111973773542001,0.024405779087876764,NotLabeled
2022-02-02 00:00:00+05:30,96.42114493193881,97.1543883961709,95.00049533499005,95.45877075195312,50935597,95.9033016204834,105.41258775503147,86.39401548593534,-2.168958859460929,-2.1488924472173476,-0.02006641224358141,48.38711734608254,0.008228377131440423,0.06820520889511639,0.023639166014511027,NotLabeled
2022-02-03 00:00:00+05:30,95.96288714021507,96.87943814248162,94.67972133122528,95.73374938964844,32947766,95.51147651672363,104.30982651814503,86.71312651530224,-1.8323368608220534,-2.0855813299382886,0.2532444691162352,41.818189385489234,0.002880601075514022,0.08350621806496772,0.023667008819393983,NotLabeled
2022-02-04 00:00:00+05:30,95.96287653209102,97.79597833398562,95.1838096648315,96.32949829101562,39818820,95.17922706604004,103.26387019136095,87.09458394071913,-1.5001962160719984,-1.9685043071650306,0.4683080910930322,43.11109746379412,0.006222976799356461,0.07850185951689204,0.02269291252776278,NotLabeled
2022-02-07 00:00:00+05:30,95.73373652380394,97.38353090325629,93.48818966712604,93.900634765625,41791347,94.74157371520997,102.03112103464669,87.45202639577325,-1.4166313059306361,-1.858129706918152,0.4414984009875158,39.83572747867626,-0.025214119957865044,0.04062979535236,0.02319428403978352,NotLabeled
2022-02-08 00:00:00+05:30,94.40475008043059,95.41295475070493,91.19682167963926,93.39654541015625,43278258,94.38182792663574,101.14710619460492,87.61654965866656,-1.3752285322569548,-1.7615494719859126,0.38632093972895776,42.54383354843185,-0.005368327453024735,-0.013552692258630872,0.023194589510253057,NotLabeled
2022-02-09 00:00:00+05:30,93.76315423490439,95.32128787421868,92.15919025625166,94.95466613769531,38882386,94.34516525268555,101.08855324677576,87.60177725859533,-1.2028238107174047,-1.649804339732211,0.44698052901480634,47.79873313855866,0.016682851819588063,-0.005280862201417991,0.023325313133952457,NotLabeled
2022-02-10 00:00:00+05:30,92.57165370075434,97.84182210451016,92.57165370075434,94.77137756347656,84638735,94.27413406372071,100.96533854310759,87.58292958433383,-1.068662803343841,-1.5335760324545373,0.4649132291106963,45.47416832041609,-0.0019302745370401997,-0.010052586807761,0.020780793187341978,NotLabeled
2022-02-11 00:00:00+05:30,93.94646928117082,94.49639843451489,92.66329659488228,93.2590560913086,24260135,93.98542060852051,100.29967193235142,87.67116928468961,-1.0720134386133253,-1.441263513686295,0.3692500750729697,48.173479274066864,-0.01595757612740234,-0.03187437134190285,0.021013763395013218,NotLabeled
2022-02-14 00:00:00+05:30,91.65509297188757,91.93006104789468,87.53061378815262,88.12637329101562,32544033,93.43319892883301,99.7697700657365,87.09662779192952,-1.4718666846328716,-1.4473841478756104,-0.024482536757261197,47.309425744555206,-0.05503682983095637,-0.06149331672806979,0.022840643183512217,NotLabeled
2022-02-15 00:00:00+05:30,88.9054440626294,90.46357791405813,86.43075924148285,90.00530242919922,30069759,93.01158638000489,99.06180435392585,86.96136840608392,-1.6184825252246355,-1.4816038233454156,-0.1368787018792199,51.44632121621966,0.02132084945761803,-0.03631015436453455,0.023535639690157473,NotLabeled
2022-02-16 00:00:00+05:30,90.55522388982612,91.97587346639328,89.91363411964576,90.41773986816406,23615723,92.70683212280274,98.62711426221222,86.78654998339326,-1.6820072482184116,-1.521684508320015,-0.16032273989839663,54.777049801495295,0.004582368236463408,-0.047779919134802507,0.023602970281662753,NotLabeled
2022-02-17 00:00:00+05:30,90.69270681670615,91.10515890851501,88.90543539705259,89.22622680664062,17584772,92.37229118347167,98.28493700564519,86.45964536129816,-1.8076586315604999,-1.5788793329681121,-0.22877929859238777,49.789922799732935,-0.013177868228743117,-0.05851081728892116,0.023430204800294025,NotLabeled
2022-02-18 00:00:00+05:30,89.18041172476735,90.14278604273801,88.26386075942638,88.76795959472656,24800828,91.97588348388672,97.72886975979502,86.22289720797842,-1.9220602777896403,-1.6475155219324178,-0.2745447558572225,46.566544687810705,-0.005136014693383317,-0.04815721587600952,0.023425308885038992,NotLabeled
2022-02-21 00:00:00+05:30,88.44715822207333,89.73033082798582,87.34729998427869,87.62226104736328,24726790,91.65738105773926,97.64102931875327,85.67373279672525,-2.0811821322854485,-1.734248844003024,-0.34693328828242453,30.456774932858295,-0.012906667592608945,-0.005720333480508044,0.023356700359096347,NotLabeled
2022-02-22 00:00:00+05:30,86.10995902811818,86.47658080697352,83.49779021695828,85.46837615966797,31544269,91.46948852539063,97.98677597358343,84.95220107719783,-2.3539529536890598,-1.8581896659402313,-0.4957632877488285,24.292406620447238,-0.024581480344715745,-0.05040732209194154,0.023197440546335983,NotLabeled
2022-02-23 00:00:00+05:30,86.15577760210786,88.0347095915854,85.37671079893225,86.98067474365234,25758246,91.35033721923828,98.11226759325888,84.58840684521769,-2.4201974087308713,-1.9705912144983593,-0.449606194232512,28.824720424213226,0.017694247298663646,-0.038013172299188436,0.02105235233655106,NotLabeled
2022-02-24 00:00:00+05:30,82.4895683737362,84.27683955807622,77.31105518283952,77.90681457519531,71704145,90.8279022216797,99.81313171417011,81.84267272918927,-3.1683584349940332,-2.2101446585974944,-0.9582137763965388,18.396139737159103,-0.1043204159452582,-0.12686193999859774,0.030821119852800758,NotLabeled
2022-02-25 00:00:00+05:30,82.03129934171484,84.55181412595748,81.02309482656337,83.9560546875,42402553,90.55981101989747,100.04101478116658,81.07860725862835,-3.23585736758055,-2.415287200394106,-0.8205701671864443,34.8251415436571,0.07764712426364184,-0.05420767728801579,0.035776145812357385,NotLabeled
2022-02-28 00:00:00+05:30,83.40613124601752,88.67629887969446,82.67288773467547,88.30967712402344,51489421,90.46357345581055,99.99761013280484,80.92953677881626,-2.904567762931862,-2.5131433129016574,-0.39142445003020443,43.053794323152665,0.05185596741924603,0.007845221847089467,0.037574737880554376,NotLabeled
2022-03-02 00:00:00+05:30,87.98888220191625,92.11336105513107,87.576437113686,91.059326171875,57349266,90.28255424499511,99.6148813595756,80.95022713041462,-2.392564669855062,-2.489027584292338,0.09646291443727595,44.84848240248772,0.031136440958672296,0.06541542338141859,0.03812784948699127,NotLabeled
2022-03-03 00:00:00+05:30,93.02990545358767,93.94645624623386,91.70090960134175,92.70911407470703,42379071,90.14507141113282,99.23416851425495,81.05597430801069,-1.8325499389295885,-2.3577320552197882,0.5251821162901997,47.374531032702265,0.018117725796894746,0.06585875940762054,0.03674279272169271,NotLabeled
2022-03-04 00:00:00+05:30,92.57163590637751,93.57984044344592,88.95126284376387,89.40953826904297,46399925,89.82886085510253,98.5311099818403,81.12661172836476,-1.6361222232554269,-2.213410088826916,0.5772878655714893,45.312491290422194,-0.03559063031284271,0.147647208483223,0.037468594599533604,NotLabeled
2022-03-07 00:00:00+05:30,89.4553691969581,90.87602593281012,86.9348541443184,89.82199096679688,38617536,89.5034854888916,97.65130136538039,81.3556696124028,-1.4306783878123497,-2.0568637486240027,0.626185360811653,52.33291261801652,0.004613072673664842,0.06986912738016304,0.037482782167986166,NotLabeled
2022-03-08 00:00:00+05:30,89.82199169435994,90.28026716218831,85.69751248390463,88.0805435180664,38596051,89.21248092651368,97.11096793526865,81.31399391775871,-1.3923329754657914,-1.9239575939923603,0.531624618526569,47.341767510393446,-0.019387762729220714,-0.0025946602164022003,0.037606344638363556,NotLabeled
2022-03-09 00:00:00+05:30,88.0805435180664,89.6845076554657,87.2556462774296,88.0805435180664,31188865,88.94668083190918,96.60649880099842,81.28686286281993,-1.3464232310294193,-1.808450721399772,0.46202749037035273,46.73496563912674,0.0,-0.03271254882982688,0.03728184260842074,NotLabeled
2022-03-10 00:00:00+05:30,89.77616517584907,91.288475682668,88.53882275853505,90.8302001953125,41584245,88.74045753479004,95.92665850112013,81.55425656845995,-1.0757643717501821,-1.6619134514698541,0.586149079719672,52.147252171703364,0.031217526225665315,-0.020266765551016475,0.037982900799975204,NotLabeled
2022-03-11 00:00:00+05:30,91.19681314874256,93.35070633210188,90.78436804717124,91.33429718017578,44512874,88.568603515625,95.29736944918137,81.83983758206863,-0.811237421992459,-1.491778245574375,0.6805408235819161,53.43136644841255,0.005549883010048662,0.021527444928090445,0.037806511453536036,NotLabeled
2022-03-14 00:00:00+05:30,92.38833807554903,92.8924368997843,89.82199263183371,91.01351165771484,46969583,88.45632629394531,94.92548371348377,81.98716887440685,-0.6203318201621499,-1.3174889604919302,0.6971571403297803,54.63661113834792,-0.0035122131812994617,0.013265356045808696,0.037809705817702995,NotLabeled
2022-03-15 00:00:00+05:30,90.73853172987955,90.73853172987955,86.01829357972915,86.98067474365234,44771720,88.39904136657715,94.9007097584484,81.8973729747059,-0.7854003837227452,-1.2110712451380932,0.42567086141534793,51.96661340876747,-0.04431030998154717,-0.012487079784975097,0.038853632206227055,NotLabeled
2022-03-16 00:00:00+05:30,88.30967824693549,89.31788284330447,87.98888682891742,89.0887451171875,30212949,88.35321350097657,94.82003813813448,81.88638886381865,-0.7376120161594599,-1.1163793993423665,0.3787673831829066,52.69953379602662,0.02423607749362744,0.011446359875314505,0.037323297047363944,NotLabeled
2022-03-17 00:00:00+05:30,90.55523271601528,91.65509101105656,89.08874566565557,89.91364288330078,50576391,88.3280086517334,94.76481260310268,81.89120470036411,-0.6259613420975967,-1.0182957878934125,0.3923344457958158,69.49406033778197,0.009259281461740265,-0.010090887282433014,0.03709014094072521,NotLabeled
2022-03-21 00:00:00+05:30,90.64688051954113,92.43415188105396,90.28025878076905,91.10515594482422,44140020,88.42195510864258,94.96787946157718,81.87603075570797,-0.4363028051800484,-0.9018971913507396,0.46559438617069127,63.78092574350762,0.013251749382125588,-0.002508819166797016,0.03718459402212918,NotLabeled
2022-03-22 00:00:00+05:30,91.56343725305015,92.98408696706753,90.05112685390453,91.19681549072266,43769916,88.54339790344238,95.20544296247243,81.88135284441233,-0.27542595002846326,-0.7766029430862844,0.5011769930578212,56.65962614736941,0.001006085165519588,0.002014028792748812,0.03704214000754257,NotLabeled
2022-03-23 00:00:00+05:30,92.38833599488154,95.96287900656553,91.4717850703003,94.49639892578125,100447377,88.88710479736328,96.04024985812407,81.73395973660249,0.11697056036595654,-0.5978882423958363,0.7148588027617928,57.731972564012615,0.0361809062882712,0.08640682777271036,0.03775100327630625,NotLabeled
2022-03-24 00:00:00+05:30,94.17560802973235,96.19201727804635,93.94647029729991,95.32129669189453,41016068,89.3797508239746,96.88978156079718,81.86972008715203,0.4888745363436584,-0.38053568664793735,0.8694102229915958,56.10281006183662,0.008729409538253075,0.06995891081986527,0.03757067127550271,NotLabeled
2022-03-25 00:00:00+05:30,95.77957161874073,96.37533111826426,94.31309153795645,94.49639892578125,29916817,89.75553703308105,97.50833461551673,82.00273945064538,0.7088772651109423,-0.16265309629616143,0.8715303614071037,63.43825090002189,-0.008653866394406906,0.050968416977926756,0.0371078202274485,NotLabeled
2022-03-28 00:00:00+05:30,95.62360233782404,95.62360233782404,93.55707624188308,93.79190826416016,28885917,90.5497917175293,96.14652277354031,84.9530606615183,0.816967016749615,0.03327092631299389,0.7836960904366211,60.3281950226494,-0.0074552117290141995,0.029490672525308126,0.037099163016423,NotLabeled
2022-03-29 00:00:00+05:30,94.77819805298492,94.91909868839625,92.52380938591561,92.80561065673828,37061803,90.99226951599121,95.72695145297581,86.25758757900661,0.813663542749083,0.18934944960021172,0.6243140931488713,62.79556971858688,-0.010515807020836099,0.01764091385602473,0.027870747169082458,NotLabeled
2022-03-30 00:00:00+05:30,92.99347306273478,92.99347306273478,91.16178630840372,91.8193130493164,32496697,91.16775131225586,95.74121214184777,86.59429048266395,0.7231238204443713,0.2961043237690436,0.4270194966753277,59.6112417763287,-0.010627564437563075,-0.028330030635002945,0.02322717231816498,NotLabeled
2022-03-31 00:00:00+05:30,92.24201495993664,93.51011360623424,92.05415220978381,92.57078552246094,30867023,91.24332427978516,95.85899797354736,86.62765058602295,0.7038939353517293,0.37766224608558074,0.32623168926614854,54.98683682471511,0.00818425283514057,-0.028855158971704098,0.020582389920454903,NotLabeled
2022-04-01 00:00:00+05:30,92.99346986575925,96.2811177903063,92.80560713667235,95.95235443115234,31320098,91.40548629760742,96.4463008134053,86.36467178180955,0.9505609874926648,0.4922419943669976,0.4583189931256672,61.35814858376386,0.03652954751983728,0.015407523693200531,0.020987883284907288,NotLabeled
2022-04-04 00:00:00+05:30,96.75079443579087,100.32024408740249,96.60989378729217,99.94451141357422,53395420,91.93223495483399,98.15745463995866,85.70701526970932,1.4514487108448009,0.6840833376625584,0.7673653731822425,68.605752664177,0.04160561776820515,0.06559844301371465,0.022426794184215285,NotLabeled
2022-04-05 00:00:00+05:30,100.46112936151921,101.44742665392288,98.81730531851584,99.33393859863281,45728043,92.40783233642578,99.36464180420761,85.45102286864396,1.7786347229818347,0.9029936147264137,0.875641108255421,80.01515618320741,-0.006109118012642356,0.07034410846172845,0.020691749779340365,NotLabeled
2022-04-06 00:00:00+05:30,98.86428102864399,105.1577763367872,98.44158625664353,103.7957534790039,78734092,93.19359283447265,101.50968526944915,84.87750039949616,2.3706359511759842,1.1965220820163278,1.1741138691596564,82.06639321382718,0.044917325773212724,0.1304348729254261,0.022428182082363073,NotLabeled
2022-04-07 00:00:00+05:30,104.59418592602988,105.39261340386882,100.97777405593234,102.48069763183594,52483623,93.91360054016113,102.8370933525287,84.99010772779356,2.702534042993605,1.4977244742117835,1.2048095687818217,76.82713871801512,-0.012669649798669136,0.10705226334036566,0.022075912413684794,NotLabeled
2022-04-08 00:00:00+05:30,103.23214269611339,105.39259267195713,102.71550945922493,104.17147064208984,38006661,94.5806640625,104.47541020007496,84.68591792492505,3.0666465312129247,1.8115088856120116,1.2551376456009131,77.31077321106676,0.01649845336072997,0.08565830676760378,0.022090446472496753,NotLabeled
2022-04-11 00:00:00+05:30,104.21844179714502,105.5335024691051,103.04428176262782,103.27911376953125,23157885,95.17790489196777,105.67144879744593,84.68436098648961,3.2457871457537237,2.098364537640354,1.1474226081133696,74.43609463420023,-0.008566230917719686,0.033364537069557665,0.02172544853773474,NotLabeled
2022-04-12 00:00:00+05:30,102.38675112075484,102.8564151167216,99.38090441316908,101.49439239501953,33624428,95.701948928833,106.36528604717476,85.03861181049125,3.2067795159228893,2.3200475332968615,0.8867319826260278,65.0770899295393,-0.017280564379109076,0.021749402337867707,0.02233073397724165,NotLabeled
2022-04-13 00:00:00+05:30,102.29281783181389,102.80944391776275,99.85056653200046,100.0384292602539,18850426,96.35483665466309,106.34774249065316,86.36193081867302,3.0235282793399563,2.4607436825054805,0.5627845968344758,59.89396239844944,-0.014345256919209515,-0.036199209435962554,0.022666390729010777,NotLabeled
2022-04-18 00:00:00+05:30,99.56876139516218,100.74292131727495,98.11280022514099,98.86426544189453,26261827,96.84361267089844,106.28093388090906,87.40629146088781,2.751833720674057,2.518961690139196,0.23287203053486083,59.02910453198735,-0.011737127692246552,-0.035288910726715694,0.020111358978325392,NotLabeled
2022-04-19 00:00:00+05:30,99.56876697329602,101.44742295392425,96.28111900719662,97.78404235839844,26307915,97.23713264465331,106.09640869378111,88.37785659552551,2.42143604302818,2.4994565607169927,-0.07802051768881269,58.12617115467581,-0.010926324882583272,-0.0613164837197816,0.020007455900054566,NotLabeled
2022-04-20 00:00:00+05:30,98.1597729585062,98.44157421637611,95.48268967475677,95.71752166748047,26825161,97.46775093078614,105.88398275345513,89.05151910811715,1.9701320975283636,2.393591668079267,-0.4234595705509032,55.677642817998276,-0.02113351668714769,-0.07321511413163917,0.020741794144420685,NotLabeled
2022-04-21 00:00:00+05:30,96.14022290716169,97.50225285722217,94.59033021678451,96.84471893310547,31169375,97.75014610290528,105.64318297897547,89.85710922683508,1.684013607599411,2.2516760559832956,-0.5676624483838846,59.744990137985354,0.01177628971152056,-0.04581212175562743,0.020708461278961504,NotLabeled
2022-04-22 00:00:00+05:30,95.62359641520379,97.45528320891425,95.01303176179893,95.24786376953125,18079494,97.78771934509277,105.62247939671659,89.95295929346895,1.3132712037790668,2.06399508554245,-0.750723881763383,55.02644365753315,-0.0164888202595459,-0.047887252190453866,0.02114483687129392,NotLabeled
2022-04-25 00:00:00+05:30,93.4631339376287,94.02672929189154,90.64514999981074,90.8799819946289,48541864,97.56565361022949,105.92871512284177,89.20259209761721,0.6594024414913946,1.7830765567322389,-1.1236741152408443,40.81632878583358,-0.045858054995030595,-0.08076005431869848,0.02212447110575989,NotLabeled
2022-04-26 00:00:00+05:30,91.9602134690572,92.75864084301271,91.44358019776035,92.1950454711914,20974709,97.4505859375,106.05140702353833,88.84976485146166,0.2445028914876275,1.4753618236833168,-1.2308589321956893,34.46325989820198,0.014470331614284682,-0.05715653344256544,0.022293633133000677,NotLabeled
2022-04-27 00:00:00+05:30,91.49055087374121,91.9132456174907,89.70582619673571,91.30268096923828,29642139,97.32612457275391,106.21701981495227,88.43522933055556,-0.15453298848866837,1.1493828612489199,-1.3039158497375882,34.078204685698694,-0.009679093896992175,-0.0461236419553277,0.022311538951805977,NotLabeled
2022-04-28 00:00:00+05:30,91.91324170129752,92.24200506203978,90.59818109182469,91.86627960205078,21460845,97.27915802001954,106.27984606839144,88.27846997164764,-0.4204474423939928,0.8354168005203373,-1.25586424291433,22.0264031881907,0.006172859622844973,-0.05140641003350421,0.022324815412528797,NotLabeled
2022-04-29 00:00:00+05:30,92.14807333334623,92.94650068242724,90.64514999981074,90.8799819946289,22228488,97.23219146728516,106.36171857722447,88.10266435734586,-0.7026725650783447,0.5277989274006009,-1.2304714924789457,22.371328800173558,-0.010736231092565718,-0.045858054995030595,0.022329687071059576,NotLabeled
2022-05-02 00:00:00+05:30,90.1285260277709,91.25572401890078,88.71953391373694,90.97392272949219,22931138,97.15234832763672,106.47932091274335,87.82537574253008,-0.9082876018353545,0.2405816215534098,-1.1488692233887643,15.980700300461407,0.0010336790655265382,0.0010336790655265382,0.022216794448051067,NotLabeled
2022-05-04 00:00:00+05:30,92.10111456230675,92.4298779336311,88.15593260690244,89.09526062011719,31271235,96.80949363708496,106.80254041776641,86.8164468564035,-1.208895931645415,-0.049313889086355145,-1.15958204255906,15.207433469326645,-0.020650556258425157,-0.03362203288942267,0.022560659390954595,NotLabeled
2022-05-05 00:00:00+05:30,90.08156335118963,90.73909013362353,88.10897583738347,88.3907699584961,23329442,96.23180656433105,106.78205523838918,85.68155789027293,-1.486837371806601,-0.33681858563040434,-1.1500187861761968,16.05845907216755,-0.00790716202767383,-0.031892940928243574,0.020824682340728595,NotLabeled
2022-05-06 00:00:00+05:30,87.35751036651389,87.35751036651389,83.64716736270996,84.44559478759766,48845546,95.4873893737793,107.15759637566146,83.81718237189713,-2.0023685722118927,-0.6699285829467021,-1.3324399892651906,14.224202819094671,-0.04463333867043917,-0.0807770255484197,0.019928434528177417,NotLabeled
2022-05-09 00:00:00+05:30,84.44558867924476,84.44558867924476,81.53367331096128,82.56693267822266,29833441,94.42594833374024,106.75730647770025,82.09459018978022,-2.533320551941543,-1.0426069767456703,-1.4907135751958727,13.778767586456226,-0.02224701139355245,-0.09147283190370303,0.020169563109199092,NotLabeled
2022-05-10 00:00:00+05:30,82.00334407880466,83.08356563533798,78.48086378618426,78.99748992919922,32190085,93.2517879486084,106.76888558351135,79.73469031370544,-3.2051806920855483,-1.475121719813646,-1.7300589722719024,12.406072088879796,-0.04323089926247059,-0.13164687682979748,0.017473603398031782,NotLabeled
2022-05-11 00:00:00+05:30,79.09141289519106,80.54737412795382,76.41432959071142,78.76264953613281,39120953,91.98134689331054,105.94594056180665,78.01675322481444,-3.713774272647129,-1.9228522303803426,-1.7909220422667862,13.387478940842584,-0.0029727576569442693,-0.11597262314591994,0.01760398428208268,NotLabeled
2022-05-12 00:00:00+05:30,78.38691626181344,78.43388552693403,74.95837490312047,75.80376434326172,35341235,90.60757942199707,105.28033837053411,75.93482047346004,-4.305959238357232,-2.3994736319757206,-1.9064856063815117,7.894781840288786,-0.03756711093770004,-0.14240180983992567,0.01712769534226535,NotLabeled
2022-05-13 00:00:00+05:30,77.68242830002507,78.7156949072708,74.39478006443626,74.8174819946289,32364015,89.27373390197754,104.61441538446985,73.93305241948522,-4.79952885197136,-2.8794846759748483,-1.9200441759965114,8.092534578712645,-0.013010994337519177,-0.11401557200450685,0.0170731313948693,NotLabeled
2022-05-16 00:00:00+05:30,75.14624206257656,77.25973012058654,74.06601339962621,76.60220336914062,26772936,88.10192260742187,103.56035311491863,72.64349209992511,-4.9891622703464975,-3.301420194849178,-1.6877420754973196,17.241421563049983,0.02385433627183331,-0.07224113958947209,0.01905435041187499,NotLabeled
2022-05-17 00:00:00+05:30,77.16580166957175,80.73524400263113,77.1188323999047,80.50041198730469,38380173,87.18372993469238,102.1233838803267,72.24407598905806,-4.7699107024353395,-3.595118296366411,-1.1747924060689288,26.011571367984843,0.05088898813234999,0.01902493432959007,0.02361801773274027,NotLabeled
2022-05-18 00:00:00+05:30,81.06401751900763,81.20491100014762,78.99749140873065,79.46715545654297,32754918,86.26788558959962,100.70884682003967,71.82692435915956,-4.6261994741618935,-3.8013345319255074,-0.8248649422363861,25.86208720796708,-0.012835419164372364,0.008944670152150724,0.02362320771068057,NotLabeled
2022-05-19 00:00:00+05:30,77.30670107571068,77.30670107571068,74.44174766794515,75.3341064453125,39987370,85.24871482849122,99.75859668477904,70.7388329722034,-4.790586900494105,-3.999185005639227,-0.7914018948548782,20.568569004723088,-0.05200952503566891,-0.006195706796597422,0.025335855690438853,NotLabeled
2022-05-20 00:00:00+05:30,77.91725650137565,78.38692051203253,76.64916510590288,77.96422576904297,30011006,84.30469017028808,98.07591882092345,70.53346151965272,-4.6549767967189695,-4.130343363855176,-0.5246334328637934,28.27805116897835,0.03491273007452156,0.04205893716979103,0.027212123009000402,NotLabeled
2022-05-23 00:00:00+05:30,72.04645460780154,72.04645460780154,67.34981461598908,69.46330261230469,113585736,83.01546211242676,97.29163707281327,68.73928715204025,-5.1738177159885765,-4.3390382342818565,-0.83477948170672,21.798019307589882,-0.10903620311604145,-0.0931944571154707,0.03435240090580803,NotLabeled
2022-05-24 00:00:00+05:30,69.83904093229023,71.1071324000458,68.8997128574336,69.74510955810547,60064633,81.95871849060059,96.89726634446878,67.0201706367324,-5.498875799899594,-4.571005747405405,-0.927870052494189,23.521861929993463,0.0040569183324556946,-0.133605557582679,0.03460314165448998,NotLabeled
2022-05-25 00:00:00+05:30,70.44959436606489,70.49656362891027,66.69228266654143,66.83318328857422,55416336,80.69062538146973,96.26286268374074,65.11838807919872,-5.923176100249478,-4.841439817974219,-1.0817362822752585,22.181820258232136,-0.0417509741970552,-0.15898357120480677,0.03442607536385573,NotLabeled
2022-05-26 00:00:00+05:30,67.63161824064404,69.83903768047536,65.2832981628439,69.18151092529297,66187950,79.58456687927246,95.12552067309686,64.04361308544806,-6.000773548588782,-5.073306564097132,-0.9274669844916499,29.45639530585389,0.035137150756070934,-0.08167078379679071,0.0355559029315031,NotLabeled
2022-05-27 00:00:00+05:30,69.93296737814158,70.07386801274139,68.57094463218606,69.69813537597656,35122761,78.47615966796874,93.48181223412274,63.470507101814746,-5.951972179585397,-5.249039687194785,-0.7029324923906115,32.021000844408235,0.007467666487386726,-0.10602414519645753,0.035830888902943676,NotLabeled
2022-05-30 00:00:00+05:30,70.44959945423547,70.96623271683474,69.32240872956925,70.21476745605469,29257589,77.44289894104004,91.67850205301585,63.207295829064236,-5.804695930478687,-5.360170935851565,-0.4445249946271215,36.58536642210016,0.0074124232634233955,0.010818155997335044,0.035863581718333544,NotLabeled
2022-05-31 00:00:00+05:30,69.88600302567951,72.04645307607929,69.60420176556036,71.34195709228516,33084493,76.46130065917968,89.4184044921499,63.504196826209466,-5.533239913268659,-5.394784731334985,-0.1384551819336739,38.96648193620095,0.016053455377972092,0.022895476748076904,0.03638667890003512,NotLabeled
2022-06-01 00:00:00+05:30,71.34196619986957,72.32826356969454,70.40263810156185,71.81163024902344,32105532,75.597119140625,87.2457229462369,63.9485153350131,-5.220037027871214,-5.359835190642231,0.13979816277101698,43.58976306513155,0.006583407238614614,0.07449064544708484,0.036496994582773216,NotLabeled
2022-06-02 00:00:00+05:30,72.2343277163348,72.28128981843685,70.26174026544355,71.76466369628906,35686075,74.76581382751465,84.8362625548466,64.6953651001827,-4.918909169981703,-5.271649986510126,0.3527408165284234,44.945568791038774,-0.0006540243212903585,0.03733877356025883,0.036481061067112304,NotLabeled
2022-06-03 00:00:00+05:30,72.70399722901551,72.70399722901551,70.91927238470865,71.06017303466797,21785047,74.09654273986817,83.19010717252735,65.00297830720899,-4.683125525895804,-5.153945094387262,0.470819568491458,40.483887829075876,-0.009816678924359334,0.019541952612420532,0.03647902428479296,NotLabeled
2022-06-06 00:00:00+05:30,70.8722923365551,71.38892558568455,69.18150629363846,71.10712432861328,27661489,73.5235523223877,81.77504785881115,65.27205678596425,-4.441280396386759,-5.011412154787162,0.5701317584004029,31.41263418579983,0.0006607258600737076,0.012708962870482843,0.035638739060521625,NotLabeled
2022-06-07 00:00:00+05:30,70.4496078491211,71.34196668194141,69.97994379679362,70.4496078491211,18218210,73.09615821838379,81.03335811692807,65.15895831983951,-4.2536391691082684,-4.859857557651383,0.6062183885431143,31.88679823580074,-0.00924684390910746,-0.012508056682686064,0.035482862973509346,NotLabeled
2022-06-08 00:00:00+05:30,70.68443179834887,71.76466042856794,70.54353116545005,71.20106506347656,21951937,72.71807899475098,80.22764204623044,65.20851594327152,-3.9982069862593477,-4.687527443372976,0.6893204571136282,40.39301449437795,0.010666591870388098,-0.008502316176775215,0.03466412915183541,NotLabeled
2022-06-09 00:00:00+05:30,70.68443714893858,71.29500182671535,69.6511777069726,70.49657440185547,21014709,72.45271949768066,79.87777830867903,65.0276606866823,-3.8087171295553617,-4.511765380609454,0.7030482510540921,30.935255441866545,-0.009894383756661962,-0.01767010711288497,0.03468334892245704,NotLabeled
2022-06-10 00:00:00+05:30,69.55724105399904,69.69813452036527,68.19521115825975,68.85274505615234,29410059,72.15448265075683,79.65835431280956,64.6506109887041,-3.7479839174980043,-4.359009087987164,0.6110251704891594,47.601495921820764,-0.023317861323767564,-0.031064207758665252,0.03414280776302474,NotLabeled
2022-06-13 00:00:00+05:30,67.63161313783873,67.63161313783873,65.94081994279132,67.16194915771484,30530740,71.68246994018554,79.195976070156,64.16896381021509,-3.792567154450964,-4.245720701279924,0.45315354682896025,40.86374793032508,-0.02455669555452844,-0.0554821363984046,0.03438734648399709,NotLabeled
2022-06-14 00:00:00+05:30,66.69229200932018,68.94668077814737,66.41049072577765,66.9271240234375,29432739,71.0038055419922,77.55395513881054,64.45365594517385,-3.8030093917843573,-4.157178439380811,0.3541690475964536,50.40987180895507,-0.0034964014180992598,-0.05000004873309649,0.033770402219776466,NotLabeled
2022-06-15 00:00:00+05:30,67.584657030626,67.86645834016294,66.22263408970916,66.45746612548828,23770095,70.35332107543945,75.86645359330275,64.84018855757616,-3.805317080793259,-4.0868061676633,0.2814890868700415,35.78428015613777,-0.007017452263222146,-0.06662258399869869,0.031170171061010412,NotLabeled
2022-06-16 00:00:00+05:30,67.63161539411013,67.63161539411013,62.465311440393386,63.16980743408203,39971288,69.74510612487794,75.61690545586089,63.87330679389498,-4.026023033823606,-4.074649540895361,0.048626507071755753,23.574090236124476,-0.04947011800296941,-0.10393082259583664,0.03241899557843375,NotLabeled
2022-06-17 00:00:00+05:30,63.16980636606963,65.7999275646413,62.23047839036599,64.2969970703125,68542282,69.0617446899414,74.01540229876674,64.10808708111607,-4.063141937338116,-4.072348020183912,0.009206082845795827,27.173837553544757,0.017843803583012185,-0.06616654110340026,0.03150128401835109,NotLabeled
2022-06-20 00:00:00+05:30,64.43790176226335,64.43790176226335,59.741261587659544,60.9623908996582,44821242,68.63669910430909,74.7648729657092,62.50852524290897,-4.311928556983304,-4.120264127543791,-0.19166442943951267,15.789414127555816,-0.0518625491484106,-0.09230759880864037,0.03141671198592323,NotLabeled
2022-06-21 00:00:00+05:30,61.61992388291412,65.18937364283342,60.68059575309377,64.62577819824219,51488728,68.38073253631592,74.73736985921894,62.02409521341289,-4.165472037935274,-4.129305709622088,-0.036166328313186114,30.43476002946427,0.06009257912167154,-0.03438584667689282,0.026337510441904688,NotLabeled
2022-06-22 00:00:00+05:30,63.87430888011043,63.87430888011043,61.197225308877286,62.46531677246094,38976592,68.16233921051025,75.02299443241586,61.30168398860465,-4.175601636316841,-4.138564894961039,-0.03703674135580215,27.2935425183951,-0.03343033516987526,-0.06007074277386937,0.027087861712676017,NotLabeled
2022-06-23 00:00:00+05:30,62.465311440393386,63.87430342777068,61.948678178420174,63.16980743408203,33483121,67.8617540359497,75.0532027072531,60.67030536464629,-4.079754042254933,-4.126802724419818,0.04704868216488478,30.733888896547427,0.011278109165559824,0.0,0.025926184151624513,NotLabeled
2022-06-24 00:00:00+05:30,63.874305725097656,64.86060301833683,63.075878336834755,63.874305725097656,29172632,67.57056255340576,74.91884605476359,60.22227905204794,-3.901967555974352,-4.081835690730725,0.1798681347563731,32.88889314050412,0.011152452724361606,-0.006574044892836972,0.02469056497527286,NotLabeled
2022-06-27 00:00:00+05:30,65.09543615842327,66.22262694189641,64.62577213755876,65.70599365234375,31633555,67.34512386322021,74.62820273842303,60.06204498801739,-3.5720917271596875,-3.9798868980165176,0.40779517085683015,39.368401793378446,0.02867644362553734,0.07781195393883644,0.0255794834359419,NotLabeled
2022-06-28 00:00:00+05:30,65.56509468384493,67.06801799134062,65.00149217284338,66.78621673583984,35159121,67.11733684539794,74.15491033336177,60.07976335743412,-3.186762763710803,-3.821262071155375,0.634499307444572,40.24894664365044,0.016440251846911336,0.033429981004954756,0.02582891862267899,NotLabeled
2022-06-29 00:00:00+05:30,65.89385812093035,66.41048420133032,65.47115623714458,65.7999267578125,24035362,66.8167516708374,73.51549456435774,60.11800877731707,-2.9272288702107403,-3.6424554309664483,0.715226560755708,39.754080898286944,-0.01476786717727141,0.05338338389443176,0.025622894532362047,NotLabeled
2022-06-30 00:00:00+05:30,65.65902918248149,66.50442582285328,64.06216726922278,64.39093780517578,25854133,66.44806537628173,72.80303260883528,60.09309814372819,-2.802929595226317,-3.4745502638184225,0.6716206685921056,40.16562871951616,-0.021413229802257017,0.019330918055560087,0.025798101448465657,NotLabeled
2022-07-01 00:00:00+05:30,64.06217268085088,65.94082885526298,63.733409283629676,65.6590347290039,20563587,66.17800846099854,72.15558160105417,60.200435320942915,-2.5724431767966536,-3.2941288464140692,0.7216856696174156,46.624494119638804,0.019693717269112287,0.02794126658045215,0.02634052222920788,NotLabeled
2022-07-04 00:00:00+05:30,65.00149187552945,65.65902574652252,63.40463721233865,64.81362915039062,22848966,65.8633337020874,71.39428016437572,60.33238723979909,-2.4299868190354914,-3.121300440938354,0.6913136219028626,45.37986292692739,-0.01287569307259151,-0.013581173533037227,0.026383333651975777,NotLabeled
2022-07-05 00:00:00+05:30,64.81363241291336,66.97408969327873,64.6257696783181,65.37722778320312,27353438,65.6097146987915,70.70305272300547,60.51637667457754,-2.245724119949415,-2.9461851767405665,0.7004610567911516,47.64823889902454,0.008695680834423847,-0.02109700206870091,0.026512860996161736,NotLabeled
2022-07-06 00:00:00+05:30,65.04846441440942,65.65902905159999,63.45160967083778,65.37722778320312,24025696,65.31852283477784,69.67911032101107,60.95793534854461,-2.075766459754348,-2.772101433343323,0.696334973588975,55.608589896082584,0.0,-0.0064240037251893645,0.026492171396538557,NotLabeled
2022-07-07 00:00:00+05:30,65.94082534948666,69.04061073906685,65.51813059931854,68.43004608154297,36413399,65.2151964187622,69.13480346775948,61.295589369764926,-1.6754236257196595,-2.5527658718185906,0.8773422460989311,59.565226757145396,0.04669543818014543,0.06272789951573787,0.02852490795789078,NotLabeled
2022-07-08 00:00:00+05:30,69.04059903535043,69.3224002653612,66.83317995527587,67.25587463378906,37768322,65.13535289764404,68.79971541041411,61.47099038487397,-1.4363376618298815,-2.329480229820849,0.8931425679909673,66.18351516992112,-0.01715871192538343,0.024320185506470304,0.02867542552646916,NotLabeled
2022-07-11 00:00:00+05:30,66.22262420654297,69.4163408498047,66.22262420654297,68.10128021240234,40747355,65.18231945037842,68.97778461879926,61.38685428195757,-1.1652113173336431,-2.0966264473234077,0.9314151299897646,60.45192295779088,0.012569988617597394,0.05072468715466005,0.028399965653765107,NotLabeled
2022-07-12 00:00:00+05:30,67.77251396358893,67.77251396358893,66.31655275434096,66.78621673583984,34393160,65.17527408599854,68.95760255355347,61.392945618443605,-1.0444169792651223,-1.8861845537117508,0.8417675744466284,63.690423527603045,-0.019310407564452903,0.021551677861120888,0.028196777428560065,NotLabeled
2022-07-13 00:00:00+05:30,66.69228092148909,67.30284548998644,66.31654832806738,66.73925018310547,23680129,65.18936328887939,68.99383643773422,61.38489014002456,-0.9416219724009096,-1.6972720374495827,0.755650065048673,61.80120369482856,-0.000703237210158858,0.020833284709148803,0.028185494515403992,NotLabeled
2022-07-14 00:00:00+05:30,66.5044272298601,66.78622133827652,65.33026719519805,65.84689331054688,21598574,65.32321758270264,69.01522819328059,61.63120697212468,-0.921539002755253,-1.5421254305107168,0.6205864277554638,56.44170250636195,-0.013370795597947627,-0.03774880946182535,0.028301198555137796,NotLabeled
2022-07-15 00:00:00+05:30,65.84689872768094,66.03476864858513,64.39094446482311,65.14240264892578,57717709,65.3654878616333,69.0272621260419,61.70371359722469,-0.9515012986578597,-1.4240006041401454,0.4724993054822857,48.013268721737134,-0.010698920270977408,-0.03142434763314317,0.026095278567950374,NotLabeled
2022-07-18 00:00:00+05:30,65.612062126566,67.63161884481622,65.42419938526541,67.44375610351562,33245541,65.68955612182617,68.81912099522735,62.559991248424986,-0.7805489609087601,-1.2953102754938683,0.5147613145851082,52.13417427500973,0.035328040738574096,-0.009655091752107325,0.026899685719134002,NotLabeled
2022-07-19 00:00:00+05:30,66.83319370447376,68.99364396850218,66.83319370447376,68.7588119506836,39257553,65.89620780944824,69.26657236515574,62.52584325374075,-0.5328120593550949,-1.1428106322661136,0.6099985729110187,59.40297450802689,0.01949855588039262,0.029535962826670925,0.02402689043733435,NotLabeled
2022-07-20 00:00:00+05:30,69.79206104829487,71.52981611077003,69.65116043966118,70.40261840820312,61219545,66.29307289123535,69.82767276277012,62.75847301970059,-0.2015144041550201,-0.9545513866438948,0.7530369824888747,68.82345493505842,0.02390684787716424,0.054890760909762415,0.02107068554516985,NotLabeled
2022-07-21 00:00:00+05:30,70.44960345817452,71.3889315042835,69.88600806380997,71.01319885253906,31038381,66.6852424621582,70.49084760039621,62.8796373239202,0.10905301817558666,-0.7418305056799985,0.8508835238555852,67.48461397023101,0.008672695109089856,0.07845936660408381,0.01922365864503164,NotLabeled
2022-07-22 00:00:00+05:30,71.43589551889707,71.67072751315182,70.16779701671842,70.73139953613281,21258642,67.02809715270996,70.99934989618684,63.05684440923307,0.3286525857221392,-0.5277338873995711,0.8563864731217102,70.06368405260271,-0.003968266758288319,0.08579660344012807,0.01931396025351081,NotLabeled
2022-07-25 00:00:00+05:30,70.68443524210076,71.52983191417756,70.26174048931448,71.38893127441406,19924422,67.31224403381347,71.6787591382065,62.94572892942044,0.5494108746232484,-0.31230493499500717,0.8617158096182556,70.25315479629793,0.009296178820063616,0.05849578076350337,0.01929138952814346,NotLabeled
2022-07-26 00:00:00+05:30,71.62374746102493,71.95251077016846,69.9799237488047,70.40261840820312,24458733,67.49306411743164,72.06265348624841,62.92347474861488,0.6374283267469139,-0.12235828264662296,0.7597866093935368,65.87528981909503,-0.013816047510497365,0.02390684787716424,0.018963053442954316,NotLabeled
2022-07-27 00:00:00+05:30,70.4495997990188,71.38892779633906,69.79207306749619,71.20106506347656,17084580,67.76312103271485,72.54487121649969,62.98137084893002,0.7628174788115274,0.05467686964500712,0.7081406091665203,60.20757861484977,0.01134114999308622,0.01134114999308622,0.018820682372783084,NotLabeled
2022-07-28 00:00:00+05:30,72.60475013527184,72.70155499163812,71.20106125361811,71.44307708740234,33296293,68.11572799682617,72.89051294799658,63.34094304565575,0.8716695687615044,0.21807540946830659,0.6535941592931978,66.5617521825331,0.003398994435125813,0.006053497685070353,0.01836453494735461,NotLabeled
2022-07-29 00:00:00+05:30,72.50795344212457,74.97651079320104,72.1207265873269,74.68609619140625,41224551,68.56708106994628,74.0222228894163,63.11193925047627,1.2057213675458627,0.4156046010838178,0.7901167664620449,71.89276392387242,0.045393049070891145,0.055911471866935125,0.019479232187567547,NotLabeled
2022-08-01 00:00:00+05:30,75.36373210124293,75.65415406740067,74.25045774528814,75.21852111816406,18151290,69.08732566833496,75.00061814945585,63.17403318721406,1.4961750916049397,0.6317186991880421,0.8644563924168975,79.57425493007267,0.007128835940136913,0.05364402821817471,0.019270268776313444,NotLabeled
2022-08-02 00:00:00+05:30,75.02491760253906,75.41214446086106,73.47601755498908,75.02491760253906,18742186,69.56971015930176,75.77547417879782,63.36394613980571,1.6912439671386181,0.8436237527781574,0.8476202143604608,78.76409773689309,-0.002573880910538784,0.06565521707637734,0.018874946957065635,NotLabeled
2022-08-03 00:00:00+05:30,75.4121375207962,76.08977892119387,73.04037784792966,73.91163635253906,23493253,69.99643058776856,76.16192483395999,63.830936341577136,1.7359935110224,1.022097704427006,0.713895806595394,77.57418769172979,-0.014838820029071553,0.038069252006918575,0.019468447935338036,NotLabeled
2022-08-04 00:00:00+05:30,74.10526554626705,75.65416570396134,73.52442152461047,74.49248504638672,24826809,70.29955253601074,76.7311612180965,63.86794385392497,1.7976058014830443,1.177199323838214,0.6204064776448304,82.24149379601948,0.007858690762536424,0.042683043386468,0.019422063920720555,NotLabeled
2022-08-05 00:00:00+05:30,74.87970350713798,75.94457178413023,74.63768765392437,75.12171936035156,19897620,70.69284477233887,77.30037310525243,64.08531643942531,1.875587332713124,1.316876925613196,0.558710407099928,79.92667953700102,0.008446950233611084,0.005832721097497107,0.017111462945057596,NotLabeled
2022-08-08 00:00:00+05:30,75.26692510121516,76.08977746761799,74.3956666132498,75.6541519165039,19680701,71.07048835754395,77.91351575537098,64.22746095971692,1.9577830117150938,1.4450581428335756,0.5127248688815182,78.62245266359514,0.007087598109919657,0.005791536337911962,0.016372622281315693,NotLabeled
2022-08-10 00:00:00+05:30,76.04138249775932,77.73549343602873,75.17012396664468,77.3482666015625,35559063,71.59859085083008,78.67570050958103,64.52148119207912,2.135013470006598,1.5830492082681802,0.5519642617384177,78.71136621672764,0.022392884490045173,0.03096769810973843,0.01671411081995575,NotLabeled
2022-08-11 00:00:00+05:30,77.25146708689981,77.25146708689981,75.55735603136024,76.33180236816406,31717052,72.07821846008301,79.06836614320173,65.08807077696429,2.1684531384253347,1.700129994299611,0.4683231441257236,71.27181740510191,-0.013141396414666495,0.03274404593183999,0.01629197320702897,NotLabeled
2022-08-12 00:00:00+05:30,76.33179840083824,79.57480934716885,76.28339966178117,78.99397277832031,40640281,72.73557243347167,79.73107838553565,65.7400664814077,2.382307462487532,1.8365654879371953,0.5457419745503365,77.76048395365528,0.03487629438272721,0.060428749680326854,0.0173221575022929,NotLabeled
2022-08-16 00:00:00+05:30,79.28438950233063,80.30085158403168,77.63867738294189,80.01043701171875,26851934,73.47897415161133,80.23277614845493,66.72517215476772,2.6037938095026476,1.9900111522502857,0.6137826572523619,78.28424055112868,0.01286761758711541,0.06507728647578581,0.016620469498827842,NotLabeled
2022-08-17 00:00:00+05:30,80.20404815673828,81.3657286239159,79.72001647518194,80.20404815673828,28056755,74.11698875427246,80.88109304448116,67.35288446406375,2.76309489853881,2.1446279015079908,0.6184669970308194,83.91937668482294,0.0024198236161512288,0.06014073418278332,0.016062441287346983,NotLabeled
2022-08-18 00:00:00+05:30,80.204054332767,80.63968731115555,79.42960801408383,80.49447631835938,20383265,74.70377197265626,81.54641313087824,67.86113081443428,2.8795832416048626,2.291618969527365,0.5879642720774974,83.33335157660147,0.0036211159947130422,0.04067589171718189,0.015026820261067218,NotLabeled
2022-08-19 00:00:00+05:30,80.44606715884552,80.54287202181351,78.8971671941448,79.1391830444336,16756741,75.14060020446777,81.94245485718685,68.3387455517487,2.829918710855054,2.3992789177929033,0.43063979306215083,75.5626994979418,-0.016837096604809698,0.036778650433654914,0.01577810721603523,NotLabeled
2022-08-22 00:00:00+05:30,78.60674068838901,78.60674068838901,75.50894093755349,75.6541519165039,18504246,75.37264785766601,81.8924347136967,68.85286100163532,2.480749786690822,2.415573091572487,0.06517669511833502,53.16453170617104,-0.04403673368693961,-0.04227943910592902,0.018782467707710228,NotLabeled
2022-08-23 00:00:00+05:30,75.26693322658538,77.7838967190728,74.54088563919068,77.44507598876953,18941205,75.70833168029785,81.90529694572378,69.51136641487192,2.3217794753845737,2.3968143683349044,-0.07503489295033061,56.725166412951154,0.023672515346443657,-0.03206282978523767,0.01926408092306927,NotLabeled
2022-08-24 00:00:00+05:30,76.961041928542,77.6870894939056,76.38020535339868,76.91263580322266,15002345,75.98451690673828,81.85467086952355,70.11436294395301,2.1282971998687117,2.3431109346416656,-0.21481373477295396,55.5873658918825,-0.006875068282250596,-0.04103798285946114,0.01933687147389463,NotLabeled
2022-08-25 00:00:00+05:30,77.29985355957321,78.36472171975072,76.96103287938995,77.20304870605469,14283751,76.32453842163086,81.58999281065039,71.05908403261134,1.9756212645779954,2.2696130006289317,-0.2939917360509363,60.24094269124678,0.003775880254254238,-0.04089010529476511,0.01930126639416559,NotLabeled
2022-08-26 00:00:00+05:30,78.41313313004467,80.25245501394629,78.02590630410684,79.09077453613281,29944031,76.71902389526367,81.53092808875414,71.90711970177321,1.984076979617683,2.212505796426682,-0.22842881680899918,63.23115729022371,0.024451441513216876,-0.0006116882489626274,0.01935018289908529,NotLabeled
2022-08-29 00:00:00+05:30,76.47701018569536,77.8806991905048,75.9445723503606,77.39666748046875,20571152,77.01670341491699,81.1419741499071,72.89143267992688,1.8329488205260844,2.1365944012465627,-0.3036455807204783,56.167972596165775,-0.02141978082273177,0.0230326494954034,0.020178478860662968,NotLabeled
2022-08-30 00:00:00+05:30,77.9291137309014,79.23599801197378,77.68709784974953,78.70356750488281,22790003,77.21757698059082,81.2553357431143,73.17981821806734,1.797909395031212,2.068857400003493,-0.270948004972281,57.93453821846348,0.01688574026451284,0.016250116615493804,0.020366304516566874,NotLabeled
2022-09-01 00:00:00+05:30,77.92909766360505,78.84875486807327,77.44506600109818,78.3647232055664,19557859,77.37488708496093,81.32900275313638,73.42077141678548,1.7229375432589222,1.999673428654579,-0.27673588539565674,52.845493032408925,-0.004305323253553706,0.01887969885805041,0.01818640460459534,NotLabeled
2022-09-02 00:00:00+05:30,78.3647270518259,79.13918070414306,76.5254125526131,76.67061614990234,23484601,77.4571720123291,81.2714007942356,73.64294323042259,1.5094218538885258,1.9016231137013686,-0.3922012598128428,50.91381319105978,-0.021618235685208487,-0.006896522418169626,0.01888512981865228,NotLabeled
2022-09-05 00:00:00+05:30,77.1546539523066,78.46154551740781,76.96104421674835,77.92910766601562,21881137,77.65804557800293,81.09007787640587,74.22601327959998,1.4253285788422545,1.8063642067295458,-0.3810356278872913,46.892679516806254,0.016414261151270093,-0.014687767023781939,0.019154017352785827,NotLabeled
2022-09-06 00:00:00+05:30,78.60673624167407,79.8168153549125,77.44506324725988,79.42959594726562,21769068,77.90490112304687,81.07875420528363,74.73104804081011,1.4628975444317405,1.737670874269985,-0.27477332983824443,48.35164454482941,0.019254529227778594,0.02626635658841381,0.019101478542722473,NotLabeled
2022-09-07 00:00:00+05:30,79.13918302124395,79.96203543483719,78.89716717102607,79.62321472167969,18135087,78.12997589111328,81.10501977281902,75.15493200940753,1.4911060944117196,1.688357918298332,-0.19725182388661233,48.35166690988264,0.002437614998603399,0.01168494956394217,0.01907779322704501,NotLabeled
2022-09-08 00:00:00+05:30,80.25245816560691,80.44606789331053,78.65515206197013,78.99397277832031,13192202,78.29696693420411,81.05380627871119,75.54012758969702,1.4460182096618297,1.6398899765710317,-0.19387176690920205,45.82209944845272,-0.007902744765567071,0.008029755571308028,0.01919269680171012,NotLabeled
2022-09-09 00:00:00+05:30,79.42960047704027,80.15564798638896,78.94556880414116,79.52640533447266,14149065,78.4058738708496,81.17696702798246,75.63478071371675,1.4366873561786235,1.59924945249255,-0.16256209631392649,51.1299316795851,0.006740166843443918,0.037247505341378995,0.019188759400618417,NotLabeled
2022-09-12 00:00:00+05:30,80.05884783069376,80.83330157855609,79.86523808659734,80.5912857055664,13787059,78.61884803771973,81.37344761622958,75.86424845920988,1.4979520748624822,1.5789899769665365,-0.08103790210405437,66.77629293493871,0.01339027416887606,0.03416153628962615,0.018820451294256826,NotLabeled
2022-09-13 00:00:00+05:30,80.83328700331705,81.55933449137079,80.83328700331705,80.93009185791016,14722171,78.71565399169921,81.65560891620119,75.77569906719724,1.5559080908289502,1.5743735997390194,-0.01846550891006915,63.13861138947342,0.004204004804955641,0.018890891899295603,0.01849465397857961,NotLabeled
2022-09-14 00:00:00+05:30,79.38119739643857,82.28538754508877,79.33279127299942,81.36573028564453,22582789,78.78341865539551,81.90584825437847,75.66098905641255,1.6183358629201905,1.5831660523752538,0.03516981054493673,66.91173317478476,0.005382897976925927,0.021884516595514825,0.017009467263032187,NotLabeled
2022-09-15 00:00:00+05:30,80.93009883570868,81.12371594732554,79.38119887146182,79.62321472167969,16676036,78.75437698364257,81.83164994698187,75.67710402030328,1.509799846060929,1.5684928111123888,-0.05869296505145982,58.27814846052994,-0.02141584126200957,0.007965695624971403,0.017506746034984855,NotLabeled
2022-09-16 00:00:00+05:30,79.38119434219627,79.76842115759833,77.05784083552113,78.07431030273438,22689826,78.63336868286133,81.61126363171404,75.65547373400862,1.2839994820979257,1.5115941453094963,-0.22759466321157062,46.44069644053615,-0.019452924933506588,-0.01825928162641144,0.01799421387094982,NotLabeled
2022-09-19 00:00:00+05:30,78.07431955101428,78.1711244198975,76.08978650308698,76.33180236816406,17209181,78.49299964904785,81.6308707701447,75.355128527951,0.9534544103424167,1.3999661983160805,-0.44651178797366375,46.283810049214075,-0.022318582486527405,-0.052852902148304404,0.018534312943233523,NotLabeled
2022-09-20 00:00:00+05:30,77.00945407817366,78.75196393991709,76.96104794906758,78.17112731933594,14219212,78.61884841918945,81.4657268263337,75.7719700120452,0.8303415506805436,1.286041268788973,-0.45569971810842946,48.20845467278395,0.024096443344812313,-0.034090713049209964,0.019080139642075646,NotLabeled
2022-09-21 00:00:00+05:30,78.12270662951077,78.94556635651713,77.3482604083254,77.5418701171875,10364275,78.62368812561036,81.46248239332552,75.7848938578952,0.6742258689999261,1.1636781888311636,-0.4894523198312375,47.2843518052704,-0.008049739382391952,-0.04699595462405237,0.01639289417000555,NotLabeled
2022-09-22 00:00:00+05:30,77.25145414766392,78.4131271511642,76.47700055483917,77.83229064941406,11718492,78.66967086791992,81.42018844264095,75.91915329319889,0.5673969771599587,1.0444219464969227,-0.4770249693369639,54.2253376512736,0.003745338251291308,-0.022492486375057075,0.015590334926104982,NotLabeled
2022-09-23 00:00:00+05:30,77.44506762825998,78.50993583100112,75.31533122277771,75.6541519165039,11815823,78.59222602844238,81.59250032570871,75.59195173117605,0.30347840825365324,0.8962332388482689,-0.5927548305946156,42.24420948590899,-0.02798502671238745,-0.030998139808680603,0.01671939582827353,NotLabeled
2022-09-26 00:00:00+05:30,74.54087976829518,74.83130173467441,71.44307992702463,72.3143310546875,15856055,78.25340385437012,82.34769315594212,74.15911455279812,-0.17317829890619407,0.6823509312973763,-0.8555292302035704,28.445786975191936,-0.04414590312904987,-0.052631684158320646,0.01917489417390088,NotLabeled
2022-09-27 00:00:00+05:30,73.33079452248191,73.42759937473717,71.15265211092304,72.50794219970703,14244016,78.00896759033203,82.83666343107375,73.18127174959032,-0.5292089804241158,0.44003894895307794,-0.9692479293771937,28.44575390044139,0.0026773551272030183,-0.07244599526490514,0.018183075836030144,NotLabeled
2022-09-28 00:00:00+05:30,71.63669518047065,72.70156349654627,70.86224146746767,71.2978744506836,11622517,77.63868293762206,83.30521741141948,71.97214846382465,-0.898649147000711,0.17230132976232015,-1.0709504767630311,27.47878023111005,-0.01668876142823883,-0.080524182058899,0.01798429608912422,NotLabeled
2022-09-29 00:00:00+05:30,72.1207223104505,73.23399668232308,71.20106504736393,71.68509674072266,31048983,77.30470161437988,83.54898902685764,71.06041420190212,-1.1469660276259788,-0.09155214171533962,-1.0554138859106392,26.857166789911858,0.005431049565256085,-0.07897999477338635,0.017494302142595036,NotLabeled
2022-09-30 00:00:00+05:30,72.02391874926174,74.63768698629342,71.24946507161062,74.29886627197266,23164910,77.1861141204834,83.56963842311657,70.80258981785022,-1.1199396207497472,-0.29722963752222115,-0.822709983227526,32.9842683499469,0.03646182609899684,-0.017914226915490605,0.01962480141587847,NotLabeled
2022-10-03 00:00:00+05:30,74.05684661865234,74.10525274067186,73.13718938617967,73.57281494140625,12532404,76.96829948425292,83.5396022344437,70.39699673406214,-1.1439208654275177,-0.46656788310328046,-0.6773529823242372,30.512848389369182,-0.009772037811568768,0.017402966581645085,0.019209095278019762,NotLabeled
2022-10-04 00:00:00+05:30,75.2669302354157,77.44507291103866,74.44407781288346,77.05784606933594,17021286,76.84971199035644,83.31880242756219,70.38062155315069,-0.8716652735262329,-0.547587361187871,-0.3240779123383619,40.17659898210454,0.04736846253205318,0.06275042059664582,0.021701430425677612,NotLabeled
2022-10-06 00:00:00+05:30,77.44507344668945,80.05884172122012,77.29986245682936,79.81682586669922,22003469,76.85939254760743,83.34651251101512,70.37227258419973,-0.4283365464802813,-0.523737198246353,0.09540065176607171,50.42193749066823,0.03580400878167267,0.11948394649419947,0.02272388624920752,NotLabeled
2022-10-07 00:00:00+05:30,79.38119748261053,79.47800234385646,77.78389142197149,78.46154022216797,12122823,76.8327709197998,83.28729550063225,70.37824633896734,-0.1842318511050962,-0.45583612881810165,0.27160427771300544,50.85107389075333,-0.01697994915000367,0.09453071544222058,0.023033052285813167,NotLabeled
2022-10-10 00:00:00+05:30,77.34826652584847,79.86522986880888,77.10625067776118,79.28439331054688,17325325,76.82067031860352,83.25480745745946,70.38653317974757,0.07475847683564041,-0.34971720768735326,0.42447568452299367,56.762742548789355,0.010487343047930864,0.06710098402207887,0.023084991736214443,NotLabeled
2022-10-11 00:00:00+05:30,79.23599269451405,79.57481342824099,76.18659131949553,76.81583404541016,15270763,76.6318977355957,82.81695365856724,70.44684181262416,0.07989707185710415,-0.26379435177846183,0.343691423635566,46.982748224631464,-0.031135500469401167,0.044079040697119654,0.02402749248925782,NotLabeled
2022-10-12 00:00:00+05:30,76.9610366821289,77.445068359375,75.6541526307119,76.9610366821289,12403161,76.43344497680664,82.28344802570307,70.58344192791021,0.09459564499555029,-0.19211635242365943,0.2867119974192097,48.67842304419422,0.0018902696107279127,-0.0012563209607484582,0.02380413488644985,NotLabeled
2022-10-13 00:00:00+05:30,76.91262983402082,77.29985664930956,75.02490926487685,75.6541519165039,12769213,76.1478660583496,81.52238287629278,70.77334924040643,0.0007806922764501678,-0.15353694348363753,0.1543176357600877,45.26316068914323,-0.016981122162150752,-0.05215283751257316,0.023979727867037663,NotLabeled
2022-10-14 00:00:00+05:30,77.44507154344606,77.44507154344606,75.21852278227696,75.41213989257812,8472934,75.93731231689453,81.06273675577421,70.81188787801486,-0.09203575056338309,-0.14123670489958665,0.049200954336203556,49.4252956861938,-0.0031989258724739456,-0.03886490528933417,0.023903939840745514,NotLabeled
2022-10-17 00:00:00+05:30,75.21852347763262,75.94457103006435,73.81483449722631,75.75096130371094,11143044,75.82114486694336,80.84698238821863,70.79530734566808,-0.13667785673710853,-0.14032493526709103,0.0036470785299825004,59.51745674901328,0.004492929276578739,-0.04456655161622958,0.023590967969727553,NotLabeled
2022-10-18 00:00:00+05:30,76.13819500384344,76.67062549216756,75.75096813050152,76.38021087646484,9906432,75.8235652923584,80.85048482212366,70.79664576259313,-0.11989973632034889,-0.13623989547774262,0.01634015915739373,60.471256684491976,0.008306819635344853,-0.005671007473378342,0.023346909397772845,NotLabeled
2022-10-19 00:00:00+05:30,76.38020326684384,77.25146179862668,75.60574959731741,75.89617156982422,8775176,75.7098175048828,80.61454289173176,70.80509211803385,-0.14400092870225478,-0.13779210212264506,-0.006208826579609722,62.942769110248506,-0.006337234488963284,-0.013836418507496062,0.02286541807815333,NotLabeled
2022-10-20 00:00:00+05:30,75.79936806597418,77.34826804704741,75.17012537142445,77.05784606933594,13611208,75.68561630249023,80.55694213723696,70.8142904677435,-0.06857340221760921,-0.1239483621416379,0.05537495992402869,64.49085484925718,0.015306101420978546,0.01855409276653086,0.02247896414007917,NotLabeled
2022-10-21 00:00:00+05:30,76.57381058886027,77.00944353395252,74.83130096570325,75.36373138427734,13898452,75.5621883392334,80.32845871168772,70.79591796677909,-0.14383935033582418,-0.12792655978047515,-0.015912790555349027,53.02196398429672,-0.02198497325676929,-0.0006419193033075921,0.022916177612689267,NotLabeled
2022-10-24 00:00:00+05:30,76.47700500488281,76.47700500488281,75.50894165039062,75.99297332763672,1726938,75.57912940979004,80.34918317557116,70.80907564400893,-0.15097326462957028,-0.1325359007502942,-0.01843736387927608,56.90607614525065,0.008349400060234435,0.003194837659623584,0.02298683195580963,NotLabeled
2022-10-25 00:00:00+05:30,75.55735597931897,77.44507677132478,75.02491812222088,76.81583404541016,14835434,75.80420455932617,80.3449224484898,71.26348667016254,-0.08920070985635675,-0.12386886257150673,0.034668152715149975,49.185680964378,0.010828115834154106,0.0057033512207746995,0.022247605438417,NotLabeled
2022-10-27 00:00:00+05:30,77.63867298212448,80.25244829920659,77.54186813017405,79.91362762451172,31614891,76.1744888305664,80.79061316899683,71.55836449213598,0.20733055970747216,-0.05762897811571095,0.2649595378231831,50.318456310143524,0.04032753946628098,0.05293357980502944,0.021300735142401266,NotLabeled
2022-10-28 00:00:00+05:30,80.15565420504235,80.15565420504235,75.84776755058247,76.42860412597656,29330156,76.43102531433105,80.4358344230092,72.4262162056529,0.15928531450018113,-0.014246119592532538,0.17353143409271365,44.13406837353204,-0.04360987734044752,-0.008165838723200092,0.02379957639032681,NotLabeled
2022-10-31 00:00:00+05:30,76.81582714202125,77.00944424799215,75.41213820598483,76.18658447265625,11696554,76.65609970092774,79.9871529465565,73.32504645529897,0.10052140001877774,0.008707384329729518,0.09181401568904822,40.75142770717698,-0.00316661093170556,0.010918422870852984,0.02342652114387553,NotLabeled
2022-11-01 00:00:00+05:30,76.18659054965683,77.68709185123443,75.89617594614174,77.44507598876953,15997988,76.81341018676758,79.96824280589436,73.6585775676408,0.15372823867605234,0.037711555198994086,0.11601668347705826,52.02492288322935,0.016518544896378273,0.019108380650829426,0.02359834747070678,NotLabeled
2022-11-02 00:00:00+05:30,77.44507357316093,78.84876257737936,77.15465159296646,77.88069915771484,14278917,77.028804397583,79.81925265216202,74.23835614300398,0.22841318570316105,0.07585188129982748,0.15256130440333357,52.905203346399375,0.005624930486329172,0.013862573068922135,0.022403368940937807,NotLabeled
2022-11-03 00:00:00+05:30,77.25147221797161,78.84877112498309,76.76744045566787,78.70356750488281,15209490,77.11109046936035,80.00045117216195,74.22172976655875,0.3499659532539994,0.13067469569066187,0.2192912575633375,59.93694145679058,0.010565754494596735,-0.015142099734410608,0.022286404524198805,NotLabeled
2022-11-04 00:00:00+05:30,78.8971677800049,81.70455314134894,78.84876165529266,81.41413116455078,33445593,77.19095573425292,80.45874143263363,73.92317003587222,0.6574386875393685,0.23602749406040321,0.4214111934789653,66.84780304149774,0.03444016256950233,0.0652311669902621,0.02116283098930758,NotLabeled
2022-11-07 00:00:00+05:30,82.14017856342753,84.56033707964954,80.88170056643467,84.31832122802734,38020780,77.48379478454589,82.03045048466926,72.93713908442253,1.1225172315726155,0.4133254415628457,0.7091917900097698,71.02135455022983,0.035671817925646554,0.10673449678387437,0.021152551511785543,NotLabeled
2022-11-09 00:00:00+05:30,84.65713982115186,84.80235080563288,82.76941918011099,83.3018569946289,22539789,77.68466796875,82.87561277412969,72.49372316337032,1.393017323161473,0.6092638178825711,0.783753505278902,66.6666421722258,-0.012055081488749675,0.07562496299582278,0.020948260180326413,NotLabeled
2022-11-10 00:00:00+05:30,82.28538657382364,83.88269261387475,81.0753073595027,81.51093292236328,16683921,77.91942291259765,83.36342098493287,72.47542484026243,1.4462070151012512,0.7766524573263072,0.669554557774944,62.71927914325673,-0.0214992094639751,0.04661275263203413,0.02153613874364951,NotLabeled
2022-11-11 00:00:00+05:30,81.70454859628808,84.7055435180664,81.51093149394728,82.76941680908203,33191044,78.20984191894532,84.04428355910922,72.37540027878141,1.5717907360447185,0.9356801130699895,0.636110622974729,62.88208209338158,0.015439448937695444,0.051660292323432166,0.020369405835804974,NotLabeled
2022-11-14 00:00:00+05:30,82.86621930456505,85.18957276624646,82.81782056966283,83.68907165527344,26520636,78.6115879058838,84.80081078548805,72.42236502627954,1.7256331748157407,1.0936707254191398,0.631962449396601,69.45700010092074,0.011111046587566342,0.027942820959725667,0.02042642231787768,NotLabeled
2022-11-15 00:00:00+05:30,84.07630998661108,84.41513072031339,82.38219893236148,83.44706726074219,13610421,79.01333427429199,85.36898935112686,72.65767919745713,1.8071944708724317,1.2363754745097983,0.5708189963626333,67.7419577435376,-0.0028917084362949375,-0.010332914064180354,0.01992114667247751,NotLabeled
2022-11-16 00:00:00+05:30,83.35025011276396,83.73747691669375,79.67161393977335,79.96202850341797,25739336,79.22388763427735,85.40098384200499,73.0467914265497,1.5724921726588121,1.303598814139601,0.26889335851921103,56.64619409340367,-0.04176346601174996,-0.040093085697072484,0.022333472872350175,NotLabeled
2022-11-17 00:00:00+05:30,80.34926229587754,80.34926229587754,78.17111964327844,79.1391830444336,22502719,79.36183624267578,85.39304524081155,73.33062724454001,1.305048373368379,1.3038887259853569,0.001159647383022211,48.190059126019015,-0.010290452535845818,-0.029097322198344933,0.022517359994132798,NotLabeled
2022-11-18 00:00:00+05:30,79.28438948478005,79.81681989343784,77.29985667193027,78.07431030273438,17752344,79.47074317932129,85.3141959510912,73.62729040755138,0.9956931737503538,1.2422496155383562,-0.2465564417880024,54.33672997539975,-0.013455695405666934,-0.0567251369811812,0.022728245005822965,NotLabeled
2022-11-21 00:00:00+05:30,79.6232123450145,80.34925987399639,78.41313313004467,79.09077453613281,26933770,79.57238960266113,85.30886349126341,73.83591571405886,0.8230594015144561,1.1584115727335762,-0.3353521712191201,57.352942312729425,0.013019189403749909,-0.054945012869561105,0.022795777069479783,NotLabeled
2022-11-22 00:00:00+05:30,79.09077689690533,79.81682444755894,78.26792448331209,79.62321472167969,14583252,79.78536376953124,85.16938495277918,74.4013425862833,0.7208992881936211,1.0709091158255852,-0.3500098276319641,55.72518287945858,0.006732013798949721,-0.04582368997000619,0.022625704731574842,NotLabeled
2022-11-23 00:00:00+05:30,80.0588433399708,81.17211777042439,79.47800675452396,80.49447631835938,12436505,80.01043891906738,85.09496525662496,74.9259125815098,0.7021462864586425,0.9971565499521967,-0.2950102634935542,56.71643254081992,0.010942306207117447,0.006658758224457051,0.022027630961362843,NotLabeled
2022-11-24 00:00:00+05:30,80.63967725672936,81.65613930809096,79.72001267417897,79.96202850341797,12007082,80.16774864196778,85.0257502813344,75.30974700260116,0.6369776270816772,0.9251207653780928,-0.2881431382964157,53.28277229661714,-0.006614712453504867,0.01039744697038869,0.022100525610699577,NotLabeled
2022-11-25 00:00:00+05:30,80.2040481524539,81.07530665635622,79.42960189344751,80.68807983398438,10734377,80.2064712524414,85.06828882257656,75.34465368230624,0.6365791809815988,0.8674124484987942,-0.23083326751719535,47.887315188642006,0.009079951373861972,0.03347797144944442,0.022071496457507434,NotLabeled
2022-11-28 00:00:00+05:30,79.86522363001023,80.54286499742462,79.18758226259584,79.47799682617188,12858389,80.35894088745117,84.90277391064252,75.81510786425982,0.5324817062801657,0.8004263000550685,-0.2679445937749029,34.37499846072686,-0.014997048018768666,0.004895922341260572,0.020592543611073322,NotLabeled
2022-11-29 00:00:00+05:30,79.91363667310257,81.89816221287207,79.62321469863015,80.10724639892578,19526525,80.55497398376465,84.6577766367409,76.4521713307884,0.4950522352519613,0.7393514870944472,-0.2442992518424859,39.42309538219666,0.007917280227006218,0.006079027064380682,0.01805736765472727,NotLabeled
2022-11-30 00:00:00+05:30,80.10725072133071,82.28539349018865,80.05884459439423,82.14018249511719,23604166,80.78972930908203,84.67481333239394,76.90464528577013,0.6222570706354276,0.7159326038026432,-0.09367553316721566,52.05049655743712,0.025377680391953428,0.02044495786579148,0.018681210832053166,NotLabeled
2022-12-01 00:00:00+05:30,82.9630196225816,83.49545737754465,82.04336246663084,83.10823059082031,24779245,81.05110588073731,84.81359546530958,77.28861629616505,0.7920509399448292,0.7311562710310805,0.06089466891374873,51.12537308440259,0.011785317079867408,0.039346201519485646,0.018547603415742058,NotLabeled
2022-12-02 00:00:00+05:30,83.20505370286371,84.65714893248254,82.76942808827337,83.97950744628906,20303404,81.31490287780761,85.12390549878248,77.50590025683275,0.9855576700115876,0.7820365508271819,0.20352111918440563,50.967795405386994,0.01048364102177124,0.0407919933040517,0.018605251523585133,NotLabeled
2022-12-05 00:00:00+05:30,84.41512604006326,85.81882241005881,84.2215163131786,85.28638458251953,21457721,81.50851554870606,85.71198486627146,77.30504623114065,1.2301863876832613,0.8716665181983979,0.35851986948486336,55.722867399099755,0.01556185760039508,0.07308170799839497,0.0187281424852027,NotLabeled
2022-12-06 00:00:00+05:30,85.23798668854964,85.28638542788171,82.72101589967482,83.20504760742188,16724879,81.45285186767578,85.52715457471085,77.3785491606407,1.241795266618439,0.9456922678824061,0.29610299873603296,61.05610543887695,-0.02440409433798707,0.038670673974603664,0.018344121457774924,NotLabeled
2022-12-07 00:00:00+05:30,83.68907259388115,83.68907259388115,81.75294591838835,82.5758056640625,12166267,81.41654930114746,85.43402624827203,77.39907235402288,1.1865430906259462,0.9938624324311142,0.19268065819483204,61.872868619168344,-0.00756254531970546,0.005303411262462365,0.0166273814295034,NotLabeled
2022-12-08 00:00:00+05:30,82.76942584575447,83.39866857202186,81.4141355243489,82.9630355834961,14100639,81.4891544342041,85.56586250489656,77.41244636351163,1.1606226261920511,1.0272144711833016,0.13340815500874958,67.71926370379137,0.004689387119139132,-0.001747059301973164,0.01646443065553522,NotLabeled
2022-12-09 00:00:00+05:30,83.54386509533646,84.22150644577788,81.02689462629849,81.8497543334961,12784750,81.4431713104248,85.47962436204598,77.40671825880362,1.0382793406533324,1.0294274450773078,0.008851895576024615,59.93027321191924,-0.013419003320817136,-0.02536039061856965,0.01602704774383137,NotLabeled
2022-12-12 00:00:00+05:30,81.80135108094919,82.52739857575051,80.39766221196145,82.23697662353516,10442886,81.3705665588379,85.28739012143085,77.45374299624494,0.9614836233750879,1.0158386807368638,-0.05435505736177593,59.50697834982714,0.004730891292126893,-0.03575492118597068,0.015688759644344567,NotLabeled
2022-12-13 00:00:00+05:30,82.72101770907864,83.01143969437453,81.31732868020362,81.46253967285156,11388040,81.27134017944336,85.06529225856346,77.47738810032325,0.8285805140754832,0.9783870474045877,-0.14980653332910454,53.546092551769156,-0.00941713791630272,-0.020942334445763655,0.015588690973832689,NotLabeled
2022-12-14 00:00:00+05:30,81.8981651834114,82.8662286191154,81.80136031698858,82.43060302734375,10055122,81.39476890563965,85.16994388450996,77.61959392676934,0.7922360605486745,0.9411568500334051,-0.14892078948473064,58.76292456964143,0.01188354007105441,-0.001758416227986559,0.01583836654482477,NotLabeled
2022-12-15 00:00:00+05:30,82.23698143608307,82.96302897337306,80.68808150034529,80.88169860839844,10984645,81.4818946838379,85.11566898970123,77.84812037797455,0.6311734033049845,0.8791601606877211,-0.24798675738273657,50.64937058800049,-0.018790405044489478,-0.025087521936235646,0.013457538259261477,NotLabeled
2022-12-16 00:00:00+05:30,80.73648211127755,80.88169308596835,79.38119199039177,79.96202850341797,11710485,81.57628059387207,84.92420021483571,78.22836097290843,0.42442785545686945,0.7882136996415507,-0.3637858441846813,51.655627065195326,-0.01137055873953885,-0.023063304776537286,0.013503352457396652,NotLabeled
2022-12-19 00:00:00+05:30,80.34926366912542,80.54287339837039,79.4780051160476,80.30085754394531,8474568,81.6367847442627,84.836009520229,78.4375599682964,0.28464003794891823,0.6874989673030243,-0.40285892935410605,50.675669559058846,0.004237374249614678,-0.023543169497256877,0.013130675965532138,NotLabeled
2022-12-20 00:00:00+05:30,79.86523515546767,80.10725101957516,78.12271797959862,79.23599243164062,14817945,81.61742362976074,84.87216198876254,78.36268527075893,0.08692940230498891,0.5673850543034172,-0.4804556519984283,39.13044223164906,-0.013260943218718846,-0.0273321608944751,0.013222152795682679,NotLabeled
2022-12-21 00:00:00+05:30,79.67162016377185,80.97850426660968,78.21952507489925,78.80036163330078,14289387,81.53271789550782,84.99224645726936,78.07318933374627,-0.10371391611329273,0.4331652602200753,-0.536879176333368,33.20763268605431,-0.005497890352237023,-0.04403997133005022,0.0131879988411518,NotLabeled
2022-12-22 00:00:00+05:30,79.23598557362706,79.47800141678765,75.70255278633509,76.18658447265625,18920980,81.34394569396973,85.50519508650979,77.18269630142967,-0.46040285457088714,0.2544516372618828,-0.71485449183277,23.25579325065091,-0.03316960869808949,-0.058049153473820114,0.014713897876735925,NotLabeled
2022-12-23 00:00:00+05:30,75.75095898531296,75.79936510828864,71.97551035107001,72.3143310546875,15647334,80.92525825500488,86.72632495336768,75.12419155664207,-1.0435109524645583,-0.005140880683405402,-1.0383700717811528,12.146926490002826,-0.05082592223777305,-0.09564161379927438,0.018102872438398553,NotLabeled
2022-12-26 00:00:00+05:30,72.60475088808042,74.68608855735283,71.39467170661241,74.20205688476562,14027435,80.66146125793458,87.17563809558224,74.14728442028691,-1.3378823481019282,-0.27168917416710997,-1.0661931739348183,23.4286028242186,0.026104449872467628,-0.07594938392584494,0.019100651084799768,NotLabeled
2022-12-27 00:00:00+05:30,74.92811105488892,78.55834892202755,74.73449393719882,78.21952819824219,29894904,80.56707534790038,87.16917363238547,73.9649770634153,-1.232786643345591,-0.46390866800280617,-0.7688779753427848,39.2857491340196,0.054142317371546955,-0.012828314534904961,0.022695760759070416,NotLabeled
2022-12-28 00:00:00+05:30,78.1711173045452,78.848758710785,77.39666365249624,78.12271118164062,13888353,80.36620178222657,87.01110215601454,73.72130140843859,-1.1441211478568931,-0.5999511639736236,-0.5441699838832695,37.92270834880041,-0.0012377601710430453,-0.00859958555537621,0.02261347855560503,NotLabeled
2022-12-29 00:00:00+05:30,77.63868043723384,78.70355606815154,77.20305486875841,78.46154022216797,13574850,80.13386726379395,86.69955569517798,73.56817883240991,-1.0345863644221822,-0.6868782040633353,-0.3477081603588469,41.20606597292078,0.004337138783362837,0.029860319441518124,0.02184158339611135,NotLabeled
2022-12-30 00:00:00+05:30,79.9136321542811,81.75294660280792,79.4779992172059,80.01043701171875,29757458,79.93541374206544,86.24668798747615,73.62413949665472,-0.81341963789896,-0.7121864908304603,-0.10123314706849973,44.5497869307836,0.019740840992478637,0.10642573670786071,0.02215846675114718,NotLabeled
2023-01-02 00:00:00+05:30,80.63969243835612,86.64168317915293,80.39767656355403,86.10924530029297,86864774,79.9765567779541,86.44351440544153,73.50959915046667,-0.1443565027833955,-0.5986204932210473,0.45426399043765175,59.02253957202219,0.07622515907119665,0.16046978905206055,0.027858040579478785,NotLabeled
2023-01-03 00:00:00+05:30,86.15763926926721,86.8352806687755,84.89915394362343,85.52839660644531,37876426,80.09272422790528,86.87943251390325,73.3060159419073,0.3351478412057247,-0.41186682633569294,0.7470146675414177,56.10683601540358,-0.00674548582817136,0.09344045632286724,0.02772229052878695,NotLabeled
2023-01-04 00:00:00+05:30,84.85075842047826,85.52839984565077,82.14017794831298,82.52740478515625,20223708,80.09030418395996,86.87331784924524,73.30729051867468,0.4676131752116959,-0.2359708260262152,0.7035840012379111,53.06858240273134,-0.035087666089403946,0.05638172993349411,0.028294194232847826,NotLabeled
2023-01-05 00:00:00+05:30,82.96302956586767,85.044367331444,81.94656743784495,84.6087417602539,24321965,80.17258949279785,87.13976559245629,73.20541339313942,0.73210021069184,-0.04235661868260418,0.7744568293744442,58.30449968530236,0.025219949427902177,0.07834668451167048,0.028757454571506757,NotLabeled
2023-01-06 00:00:00+05:30,85.044367385864,85.2379844954238,82.72101377130925,83.15664672851562,19627104,80.23793411254883,87.29527289253937,73.18059533255828,0.8151397349812868,0.129142652050174,0.6859970829311128,54.908482453126595,-0.01716247046732966,0.03932249134367383,0.029032101848654634,NotLabeled
2023-01-09 00:00:00+05:30,84.2215080587273,85.33478234354752,84.0278983508181,84.94755554199219,16860710,80.37346305847169,87.6917263951439,73.05519972179947,1.0137743703574102,0.3060689957116213,0.707705374645789,59.57789142226364,0.021536568439602943,-0.013490883055002567,0.029195390499873845,NotLabeled
2023-01-10 00:00:00+05:30,84.94756389334978,85.9156272995418,83.44706265945709,84.80235290527344,21375875,80.54045372009277,88.11140800243045,72.96949943775509,1.1462636963371295,0.47410793583672295,0.6721557605004066,60.16392133698292,-0.0017093209544678523,-0.008488919820544893,0.02920098128444908,NotLabeled
2023-01-11 00:00:00+05:30,85.23799405959609,86.6900893084087,84.99597818479398,86.10924530029297,24955585,80.72438583374023,88.65870915714196,72.7900625103385,1.3412565650539818,0.6475376616801747,0.6937189033738071,67.58147591701047,0.015411039319620734,0.04340183148205523,0.029223989150223343,NotLabeled
2023-01-12 00:00:00+05:30,85.91562271118164,85.91562271118164,84.41512155742384,85.1895751953125,11442821,80.93977966308594,89.12210130045611,72.75745802571578,1.4053797835652801,0.7991060860571957,0.6062736975080845,75.478888677519,-0.010680271343376124,0.006864934083341323,0.029297547679121506,NotLabeled
2023-01-13 00:00:00+05:30,85.47999028357462,86.7384681117936,85.14116222815348,86.01242065429688,18350692,81.24229927062989,89.71466508797728,72.76993345328249,1.5052431419923664,0.9403334972442299,0.5649096447481365,74.39995031767057,0.009658992395464416,0.034342100579218826,0.02894510732381948,NotLabeled
2023-01-16 00:00:00+05:30,86.39965753653539,86.83528310763467,84.80235146627545,85.0927734375,12333401,81.48189506530761,90.11172561761722,72.852064512998,1.4929677258361522,1.0508603429626144,0.4421073828735378,66.28438575967168,-0.010692028079213656,0.0017095005804614871,0.028928254199110125,NotLabeled
2023-01-17 00:00:00+05:30,85.04436349504662,85.04436349504662,83.3018539031543,84.3667221069336,12532647,81.73843154907226,90.39215982424663,73.08470327389789,1.4084177326676013,1.122371820903612,0.2860459117639893,64.36525987760265,-0.008532467579044023,-0.005137013106540245,0.029042860344274436,NotLabeled
2023-01-18 00:00:00+05:30,84.7055448960863,88.28737641168298,84.56033391340267,87.8033447265625,39056707,82.18858070373535,91.1306344396894,73.2465269677813,1.6002710497547525,1.2179516666738401,0.3823193830809124,68.81090755463379,0.04073433853780695,0.019673838974684,0.02993096634159208,NotLabeled
2023-01-19 00:00:00+05:30,87.56132441458045,90.9011473028786,87.12569887450275,89.15863037109375,63481359,82.83718299865723,91.82788554947713,73.84648044783732,1.8404607251018206,1.3424534783594364,0.49800724674238417,68.56580851021661,0.01543546716531008,0.046590855356203775,0.029901157529860938,NotLabeled
2023-01-20 00:00:00+05:30,89.40064931020606,89.98148584575392,88.2873749753926,88.57779693603516,27855347,83.65035629272461,91.50367872629752,75.7970338591517,1.96133531666419,1.466229846020387,0.49510547064380295,56.45567670499074,-0.006514606972326309,0.029825649158847556,0.02868195604756663,NotLabeled
2023-01-23 00:00:00+05:30,89.0134269642245,90.41712333021685,87.41612825763724,90.12670135498047,37644720,84.44658851623535,91.44956031405027,77.44361671842043,2.157245559238163,1.6044329886639423,0.5528125705742206,61.44580784319535,0.017486373250667153,0.059158113129052614,0.025413184736463076,NotLabeled
2023-01-24 00:00:00+05:30,89.98148584575392,90.17510294809472,87.8033432981465,88.09376525878906,15154378,84.9403003692627,91.47117049128295,78.40943024724245,2.12398095461576,1.708342581854306,0.4156383727614541,64.55696657137521,-0.02255642407441849,0.044176697384680885,0.02615941730193133,NotLabeled
2023-01-25 00:00:00+05:30,87.99696353546477,88.48099522995496,86.30285260474909,87.02890014648438,17092770,85.38560981750489,91.1258642263206,79.64535540868917,1.9887675265982097,1.764427570803087,0.22433995579512267,56.68450099356658,-0.01208786012468055,-0.008820217299123412,0.024311805869484854,NotLabeled
2023-01-27 00:00:00+05:30,87.12570896461199,88.287382129845,83.54387721702864,85.33479309082031,21874770,85.7292724609375,90.45796952303057,81.00057539884442,1.725024619561708,1.7565469805548113,-0.03152236099310324,55.9366949942732,-0.019466028558474124,-0.042888021769266316,0.024878342031779105,NotLabeled
2023-01-30 00:00:00+05:30,85.33478690053231,86.73847582217508,83.25344919354619,84.07630157470703,13314265,85.93256568908691,89.91709912072456,81.94803225744927,1.3983375529963098,1.6849050950431113,-0.28656754204680146,47.554354925962684,-0.014747695172517616,-0.05081968074436083,0.02523076900515386,NotLabeled
2023-01-31 00:00:00+05:30,84.60874302870872,88.23898079550912,84.22151618976915,87.70654296875,26331826,86.01243057250977,90.07513950501935,81.94972164000019,1.4160425829556544,1.63113259262562,-0.2150900096699655,56.81818181818182,0.04317793868248687,-0.02685284549246103,0.026468719037584583,NotLabeled
2023-02-01 00:00:00+05:30,88.38419504599054,89.44906335308025,84.0279095650198,86.15764617919922,25911790,86.04389305114746,90.10056057964846,81.98722552264647,1.2902180895071496,1.5629496920019261,-0.27273160249477657,50.11235429716225,-0.017659991342979464,-0.021977935372636148,0.021187340347321656,NotLabeled
2023-02-02 00:00:00+05:30,86.01243518601927,87.36772547946887,84.85076201205558,86.15764617919922,22866118,86.22540512084962,89.92908570117447,82.52172454052476,1.1769343058707875,1.4857466147756986,-0.30881230890491107,52.347438772561496,0.0,-0.010011087877919711,0.02112720470612764,NotLabeled
2023-02-03 00:00:00+05:30,86.59326956165118,86.83528541552471,82.67261716034275,83.20504760742188,21487839,86.15522041320801,90.03682013683802,82.27362068957801,0.839231919166366,1.356443675653832,-0.5172117564874661,43.82980864036059,-0.03426972187281252,-0.02495752794679873,0.021058842376123297,NotLabeled
2023-02-06 00:00:00+05:30,83.64067286389043,83.93108743031883,81.41412425925407,81.75294494628906,15025899,86.08503532409668,90.23631779374227,81.93375285445109,0.4492491313256437,1.1750047667881944,-0.7257556354625507,42.82742552292069,-0.01745209819462068,-0.027633906165027033,0.020618498299943482,NotLabeled
2023-02-07 00:00:00+05:30,81.75295270286645,81.75295270286645,78.8487624486156,79.81682586669922,19123174,85.82849884033203,90.8240297772965,80.83296790336756,-0.01586083280547257,0.9368316468694611,-0.9526924796749336,40.71146614433421,-0.02368256068159813,-0.0899558554583767,0.02091417400780654,NotLabeled
2023-02-08 00:00:00+05:30,79.81681551069823,82.09177015661615,79.67161192541563,81.8497543334961,17280945,85.68086891174316,90.96997101103814,80.39176681244818,-0.21791154429985227,0.7058830086355984,-0.9237945529354507,37.106916160729305,0.02546992372500556,-0.05000011068945809,0.021149378747064514,NotLabeled
2023-02-09 00:00:00+05:30,81.99496387996217,83.78588700984336,81.12371276197787,82.62420654296875,13368881,85.50661697387696,90.96327410707441,80.0499598406795,-0.31195039791384715,0.5023163273257093,-0.8142667252395565,35.4838819023084,0.009461875796439978,-0.041011329730170076,0.02128538574237047,NotLabeled
2023-02-10 00:00:00+05:30,82.23697374189874,82.38218471291813,81.0753007452172,81.8497543334961,8282686,85.33962593078613,91.03627623537857,79.64297562619369,-0.4438522355703469,0.31308261474649807,-0.7569348503168449,35.181238106952904,-0.009373187857119158,-0.0162885944170158,0.021013920037275913,NotLabeled
2023-02-13 00:00:00+05:30,81.80135417865195,82.52740170094768,80.3492591340605,80.68807983398438,11254227,85.0734088897705,91.12429773936174,79.02252004017927,-0.6348051768797092,0.12350505642125664,-0.7583102333009658,28.850321893731476,-0.01419276708856676,-0.013025403708750716,0.021098566945547757,NotLabeled
2023-02-14 00:00:00+05:30,80.9785024995045,81.80135488809526,79.42960258232118,81.51093292236328,19252645,84.89431686401367,91.1513103633645,78.63732336466285,-0.7115372329422343,-0.043503401451441534,-0.6680338314907928,34.40366723726237,0.010197951048927179,0.02122493643750456,0.021114254801042873,NotLabeled
2023-02-15 00:00:00+05:30,81.31732868020362,82.62421284255932,80.9301018283884,81.46253967285156,12266197,84.74910774230958,91.18975777526718,78.30845770935197,-0.7674066844287211,-0.18828405804689746,-0.5791226263818237,36.14458517731886,-0.0005937025596040035,-0.004730798079940812,0.021029492542107748,NotLabeled
2023-02-16 00:00:00+05:30,82.28538371673855,83.20504093339548,81.65614106999254,83.0598373413086,10475328,84.51193237304688,90.8271537316617,78.19671101443205,-0.6750139143554179,-0.2856300293086016,-0.3893838850468163,44.309908232020895,0.01960775682751459,0.005272435483096416,0.02147522729285745,NotLabeled
2023-02-17 00:00:00+05:30,82.72100997865775,84.85075377174427,82.57580638531722,83.3986587524414,21525591,84.22393379211425,90.16094191789169,78.28692566633681,-0.5679054615369097,-0.34208511575426326,-0.22582034578264643,48.22335269069455,0.004079244818895322,0.018923751592879734,0.019337260631341578,NotLabeled
2023-02-20 00:00:00+05:30,83.25345087122274,83.83428742340936,82.18858262792436,83.3018569946289,12315939,83.96013679504395,89.54075429129693,78.37951929879097,-0.4852388029828063,-0.3707158531999719,-0.1145229497828344,35.82552956837581,-0.0011607112063977132,0.03239359724537216,0.018911911696265854,NotLabeled
2023-02-21 00:00:00+05:30,83.73747945469309,84.80234765847237,83.39865876063656,84.3667221069336,14079807,83.6721378326416,88.44950906276912,78.89476660251407,-0.3299951862909438,-0.3625717198181663,0.032576533527222507,44.0514141892296,0.012783209771342063,0.03503565818944021,0.019202314186674816,NotLabeled
2023-02-22 00:00:00+05:30,84.22150644577788,84.31831129787854,81.31731656833726,81.8497543334961,19537168,83.35993728637695,87.71838870825606,79.00148586449784,-0.40538869717649106,-0.3711351152898313,-0.03425358188665978,37.74100317067727,-0.02983365609780686,0.004753284911071631,0.019556993895669138,NotLabeled
2023-02-23 00:00:00+05:30,82.28538823597708,83.54387359858704,81.51093456887287,82.18858337402344,24771081,83.1179214477539,87.143388206736,79.0924546887718,-0.4328087757236574,-0.3834698473765965,-0.049338928347060884,46.60194471905022,0.0041396463958436325,-0.01048947355513119,0.01918149476358103,NotLabeled
2023-02-24 00:00:00+05:30,82.6242112235736,82.96303194262116,80.10724781470034,80.30085754394531,19305545,82.86622467041016,86.93730680466388,78.79514253615645,-0.5999472650107123,-0.4267653309034197,-0.17318193410729255,45.28303570189404,-0.02296822444897817,-0.03714449674414466,0.01957856181170524,NotLabeled
2023-02-27 00:00:00+05:30,80.058836462209,80.73648524179589,78.50993657216895,80.34925842285156,16861726,82.67987251281738,86.85754277083609,78.50220225479868,-0.7201981792116356,-0.48545190056506293,-0.23474627864657271,51.97132069758206,0.0006027442344531675,-0.03544457084513397,0.01925466477412665,NotLabeled
2023-02-28 00:00:00+05:30,80.44606711198519,80.93009881228082,79.18758912265913,80.10724639892578,14683471,82.29990768432617,85.89419952026516,78.70561584838718,-0.8255102742496092,-0.5534635753019722,-0.272046698947637,42.561996928323644,-0.00301200071632457,-0.0504876283163993,0.019056383000272757,NotLabeled
2023-03-01 00:00:00+05:30,80.34926213686767,82.76942063496608,80.34926213686767,82.52740478515625,13629694,82.11839561462402,85.22613168572228,79.01065954352576,-0.7055511580786487,-0.5838810918573075,-0.12167006622134113,49.637697712881156,0.03021147892387077,0.008279199579501295,0.01767503079512264,NotLabeled
2023-03-02 00:00:00+05:30,82.38218858158388,83.68907261065604,82.23697760374539,83.54386901855469,13107291,81.98770675659179,84.55267107626744,79.42274243691614,-0.5224401606014908,-0.5715929056061442,0.049152745004653386,56.22778355850108,0.01231668723916135,0.016489950171833856,0.01762064214739289,NotLabeled
2023-03-03 00:00:00+05:30,84.07629944753863,85.28637862031765,83.30185320840235,84.99596405029297,14681544,82.07725257873535,84.93005446749709,79.22445068997362,-0.2571867536576349,-0.5087116752164423,0.25152492155880746,65.50526111716152,0.01738122795600683,0.05846894603557895,0.018087650726331537,NotLabeled
2023-03-06 00:00:00+05:30,84.89915849277209,85.38319019999597,83.97950120334183,84.65714263916016,15255919,82.2224624633789,85.29309457728203,79.15183034947577,-0.07346471829445989,-0.42166228383204585,0.34819756553758596,61.732886908149005,-0.003986323526283253,0.05361448631719323,0.016387094282435056,NotLabeled
2023-03-08 00:00:00+05:30,83.49546738464447,84.99596859338817,83.01143568966103,84.6087417602539,10100796,82.46205825805664,85.48985339298812,79.43426312312516,0.06745321329722742,-0.3238391844061912,0.3912923977034186,61.73285178013269,-0.0005717282369492871,0.05619336032237521,0.015844197582650384,NotLabeled
2023-03-09 00:00:00+05:30,84.75394583408298,86.157634680767,84.70553971423722,84.94755554199219,12585135,82.61694831848145,85.82446557730508,79.40943105965782,0.20411818259407255,-0.21824771100613846,0.42236589360021104,57.768913544630585,0.004004477252461003,0.02932541939415545,0.014734655505742024,NotLabeled
2023-03-10 00:00:00+05:30,84.02790658629394,85.38318944596186,83.64067974678696,85.28638458251953,10662815,82.75005722045898,86.17259154698152,79.32752289393645,0.33589484060269115,-0.10741920068437254,0.4433140412870637,57.768940064731744,0.003988684999415293,0.02085749181161134,0.013819384031664536,NotLabeled
2023-03-13 00:00:00+05:30,85.52838571529686,86.49644895460014,83.93107989329918,84.173095703125,14288810,82.86622428894043,86.31768830343603,79.41476027444483,0.34650143025200464,-0.0166350744970971,0.36313650474910175,53.30875130602885,-0.013053535858556176,-0.009681263767783999,0.014086550851536851,NotLabeled
2023-03-14 00:00:00+05:30,84.31832292153224,85.09277661657299,83.01143877367156,84.02790832519531,10616254,83.03321571350098,86.36195317202147,79.70447825498049,0.33928080304551145,0.05454810101142461,0.28473270203408685,48.61663428045607,-0.0017248667964139264,-0.007432737443630377,0.013903182750964957,NotLabeled
2023-03-15 00:00:00+05:30,84.75395654738303,85.77041872099733,84.41512843710706,84.85076141357422,13398597,83.20020713806153,86.5424643907505,79.85794988537256,0.3953978707966428,0.12271805496846826,0.2726798158281745,64.22024849319189,0.009792616581557612,0.00286045683088032,0.01354359965872649,NotLabeled
2023-03-16 00:00:00+05:30,84.07629940612713,84.51193233955529,81.3657264918795,82.5758056640625,20684933,83.25587043762206,86.51225421665623,79.9994866585879,0.2533803242497612,0.14885050882472683,0.10452981542503437,51.55037670421083,-0.02681125910495097,-0.027920166304929883,0.014836098536066268,NotLabeled
2023-03-17 00:00:00+05:30,83.2534551948,86.20605161821304,83.0598454625956,85.8188247680664,26577314,83.39381980895996,86.84327050807552,79.9443691098444,0.3979278693059314,0.19866598092096777,0.19926188838496361,69.93010076226157,0.03927323600325816,0.00624296818481862,0.017045330272869624,NotLabeled
2023-03-20 00:00:00+05:30,85.81882248899379,85.81882248899379,82.72101515582635,83.83428955078125,14909136,83.41560134887695,86.87067769246792,79.96052500528597,0.34833207822113366,0.22859920038100096,0.1197328778401327,61.04295338746626,-0.02312470745956441,-0.0040251121752573615,0.01746177808452712,NotLabeled
2023-03-21 00:00:00+05:30,84.26992797851562,84.75395971329002,83.49547424858136,84.26992797851562,9170696,83.4640048980713,86.93943603999473,79.98857375614786,0.3402571640198744,0.25093079310877564,0.08932637091109874,63.03031924116161,0.0051964229680803165,0.002880229415965996,0.017474646679917855,NotLabeled
2023-03-22 00:00:00+05:30,84.36671744856883,84.46352230070596,81.70454339324573,82.33378601074219,19851740,83.36235809326172,86.84552989709175,79.87918628943169,0.17560301826752323,0.23586523814052515,-0.060262219873001927,49.374981528731446,-0.022975479085102002,-0.02966355706066026,0.018219577079154493,NotLabeled
2023-03-23 00:00:00+05:30,82.14016731687776,83.93108289652415,81.51092471166778,83.10823059082031,17338653,83.42528190612794,86.83815938168895,80.01240443056692,0.10637836324535499,0.20996786316149113,-0.10358949991613614,48.57139854828073,0.009406157758578892,0.006447710954511798,0.0181119982792252,NotLabeled
2023-03-24 00:00:00+05:30,83.30414146554459,83.30414146554459,80.31674726710635,80.65956115722656,20599895,83.34883079528808,86.9420883030095,79.75557328756666,-0.14440522001591205,0.1390932465260105,-0.28349846654192257,36.65196392246232,-0.029463621306650922,-0.06011808743341862,0.018082249704614528,NotLabeled
2023-03-27 00:00:00+05:30,80.41468401934638,81.19826494282101,79.23932010691595,79.53315734863281,11701170,83.31044578552246,87.05405444241737,79.56683712862755,-0.4290980153361801,0.025454994153572386,-0.45455300948975247,34.957046755582,-0.013964913674624269,-0.05130516671872187,0.018278415978659417,NotLabeled
2023-03-28 00:00:00+05:30,79.58214761404858,80.16982967110346,78.9944655569937,79.14138793945312,11090113,83.25005226135254,87.2265315983301,79.27357292437497,-0.6785101808881819,-0.1153380408547785,-0.5631721400334034,34.266200094233696,-0.0049258626494905755,-0.06085848370927771,0.0176265345887102,NotLabeled
2023-03-29 00:00:00+05:30,79.14137670891327,81.24723649179644,78.9454777358388,80.85545349121094,13616947,83.2874626159668,87.15194941368094,79.42297581825267,-0.7294516890193279,-0.2381607704876884,-0.4912909185316395,39.0876124177746,0.021658270045366912,-0.017955356982349513,0.018281742563447397,NotLabeled
2023-03-31 00:00:00+05:30,81.73698481511013,82.56954249655497,76.00707164633889,81.00238037109375,20583852,83.21121139526367,87.19711694469238,79.22530584583497,-0.749329624470235,-0.34039454128419777,-0.4089350831860372,38.45773408468353,0.0018171548552230465,-0.025338648227208993,0.018266279733469695,NotLabeled
2023-04-03 00:00:00+05:30,82.1287726110973,82.61850889079709,81.59006718709709,82.07980346679688,7075382,83.13800811767578,87.15186839090701,79.12414784444455,-0.6704158554429824,-0.40639880411595475,-0.2640170513270277,44.34918359613135,0.013301128815809582,0.017607860608141568,0.017243797903813946,NotLabeled
2023-04-05 00:00:00+05:30,81.49210816145536,81.73697628390298,80.41468991724224,80.80648040771484,8559285,82.92853393554688,86.9713061851968,78.88576168589697,-0.702524390343342,-0.4656239213614322,-0.2369004689819098,41.80305305159561,-0.015513232309299019,0.01600996491941631,0.01730969826222795,NotLabeled
2023-04-06 00:00:00+05:30,80.6105870875771,80.95340095674445,79.63111461979504,80.41468811035156,9141521,82.71641120910644,86.82200295973034,78.61081945848254,-0.7509287603216848,-0.5226848891534828,-0.228243871168202,38.45921161119089,-0.004848525704701734,0.01608892899215486,0.016772361343662376,NotLabeled
2023-04-10 00:00:00+05:30,80.80648393996199,81.49211172367295,80.5616158068106,80.75750732421875,7342069,82.52384948730469,86.61698202568665,78.43071694892272,-0.7529474176278796,-0.5687373948483622,-0.18421002277951748,44.74084201959716,0.004263141745905141,-0.001211373664521398,0.0168323390114597,NotLabeled
2023-04-11 00:00:00+05:30,81.29622020626479,81.34519682200802,80.02290292476455,80.75750732421875,18451727,82.31434707641601,86.31297907364024,78.31571507919179,-0.7459483893905343,-0.6041795937567966,-0.14176879563373768,31.98043861016781,0.0,-0.0030230351966592517,0.0168354108343673,NotLabeled
2023-04-12 00:00:00+05:30,81.29622513781344,81.68801566917874,80.7085430771569,81.00238037109375,13125615,82.10014686584472,85.88150390094634,78.3187898307431,-0.712429951683049,-0.6258296653420472,-0.08660028634100181,38.49218848822011,0.0030322016489674475,-0.013126531134287744,0.016819167039292406,NotLabeled
2023-04-13 00:00:00+05:30,80.95340243152647,81.29621630693909,79.48419370308781,79.87598419189453,12468154,81.8852912902832,85.65902779487861,78.1115547856878,-0.7679051734531015,-0.6542447669642582,-0.11366040648884335,33.09377691487107,-0.013905717017683838,-0.011515118727179141,0.016946620709503965,NotLabeled
2023-04-17 00:00:00+05:30,80.16982097416727,80.80647958057058,79.97392946732715,80.61058807373047,6426817,81.71442527770996,85.38780951617004,78.04104103924989,-0.7440167307224499,-0.6721991597158965,-0.0718175710065534,42.69429595956525,0.009196805388602458,0.002436121658646151,0.01698081882919843,NotLabeled
2023-04-18 00:00:00+05:30,80.95340194709165,81.29621582045282,80.31674334068833,80.61058807373047,6301411,81.50241661071777,84.89212920819669,78.11270401323885,-0.7168218911959059,-0.6811237060118984,-0.03569818518400747,38.66672298034122,0.0,-0.001819264305650714,0.01698598095939605,NotLabeled
2023-04-19 00:00:00+05:30,80.6595549334692,82.42260833630924,80.61058579453471,80.95339965820312,12688176,81.42129631042481,84.78036463633323,78.06222798451638,-0.6599996894870372,-0.6768989027069262,0.016899213219888964,51.64833189531205,0.004252686807830974,0.0024256857408677668,0.01683869902636313,NotLabeled
2023-04-20 00:00:00+05:30,80.80649099190386,81.9328859972567,80.7085452246521,81.49211883544922,6865529,81.20496101379395,83.85375836429071,78.55616366329718,-0.5649847573195643,-0.6545160736294539,0.08953131630988953,61.7647948257171,0.006654682564545045,0.006045976206030534,0.015943050315646006,NotLabeled
2023-04-21 00:00:00+05:30,81.443142692119,81.68801082560536,79.09240711609348,79.92495727539062,16876304,81.00949440002441,83.40631256461087,78.61267623543795,-0.6091200231495009,-0.6454368635334633,0.036316840383962434,54.12365173483744,-0.0192308358458938,0.0006131139915401818,0.013580529895363208,NotLabeled
2023-04-24 00:00:00+05:30,79.53316098406752,80.61058667128928,79.19034711667052,80.31674194335938,7946999,80.8118350982666,82.66744378529154,78.95622641124166,-0.6055039186124844,-0.6374502745492675,0.03194635593678308,46.70659241224265,0.004901906504858111,-0.0036452547660653645,0.012894045291124874,NotLabeled
2023-04-25 00:00:00+05:30,80.12085396222147,80.90442748317913,80.02290073341736,80.26776885986328,7788276,80.70853424072266,82.43277926210516,78.98428921934016,-0.5996771434437278,-0.6298956483281597,0.030218504884431896,45.45451970493348,-0.0006097493786616504,-0.004252781452898313,0.012794800489711126,NotLabeled
2023-04-26 00:00:00+05:30,80.12084677762954,80.12084677762954,79.19034349690573,79.53315734863281,9901624,80.52978057861328,81.91433903582391,79.14522212140265,-0.646879566717999,-0.6332924320061275,-0.013587134711871451,33.54426760321745,-0.009152011095674095,-0.01754394893317368,0.012005709624262097,NotLabeled
2023-04-27 00:00:00+05:30,79.58214378897225,80.21880243384051,79.28829903817692,80.02290344238281,8977490,80.4979476928711,81.89911824540839,79.0967771403338,-0.6374216109019102,-0.6341182677852841,-0.0033033431166260563,44.366235039982975,0.006157759984344757,-0.018028926159510905,0.011877355396136777,NotLabeled
2023-04-28 00:00:00+05:30,80.31674554366897,81.1982722941925,80.2187997875624,81.10032653808594,11438678,80.57630615234375,81.92458488024846,79.22802742443903,-0.5367991864782198,-0.6146544515238712,0.07785526504565143,54.48720765343826,0.013463934065812477,0.014705910428521651,0.01047755062515532,NotLabeled
2023-05-02 00:00:00+05:30,81.29622576731555,83.45106249733605,81.29622576731555,82.8633804321289,20210134,80.76240577697754,82.29203392830699,79.2327776256481,-0.3112041081430732,-0.5539643828477117,0.24276027470463846,61.62161388357208,0.021739171336320195,0.03170744264708181,0.010932020985861846,NotLabeled
2023-05-03 00:00:00+05:30,83.40209197998047,83.6959292713622,82.27569701439353,83.40209197998047,14993568,80.88973770141601,82.82276847307935,78.95670692975267,-0.0879352012639174,-0.46075854653095283,0.3728233452670354,63.77550087708631,0.0065012016772934,0.039048339883338334,0.010853528619166317,NotLabeled
2023-05-04 00:00:00+05:30,83.40209047092677,84.82232270219818,83.25516809150288,83.9407958984375,13452219,81.0366584777832,83.40368820832157,78.66962874724484,0.13096622299140392,-0.3424135926264815,0.47337981561788545,64.85143322515763,0.0064591175792849675,0.055418880586921127,0.009988304036344422,NotLabeled
2023-05-05 00:00:00+05:30,83.9407981471593,83.98977476587352,80.80648884180252,81.00238037109375,16749470,80.98278732299805,83.29833762858468,78.66723701741142,0.0665741774433144,-0.26061603861252236,0.32719021605583676,54.81171793573165,-0.03500580970067313,0.01223995739439987,0.012821488137369597,NotLabeled
2023-05-08 00:00:00+05:30,81.6390384914336,82.71645684072334,81.2472479627511,82.56954193115234,14678832,81.07094039916993,83.49014903643506,78.6517317619048,0.1403816260078372,-0.18041650568845047,0.3207981316962877,57.81251711509743,0.019347105021840116,0.018116023150368532,0.01319565523470585,NotLabeled
2023-05-09 00:00:00+05:30,82.4715805053711,83.40208385269543,81.93287512060841,82.4715805053711,13523848,81.1737850189209,83.6497450079574,78.69782502988438,0.18879359731650425,-0.10657448508745952,0.2953680824039638,57.36429474568964,-0.0011864111570696334,-0.004728263856900283,0.012694423557612132,NotLabeled
2023-05-10 00:00:00+05:30,82.52055217642688,82.71644367319298,80.90442117337079,82.2267074584961,13487783,81.24724502563477,83.75813607999635,78.73635397127319,0.20503767825128705,-0.04425205241971021,0.24928973067099724,55.07807817127724,-0.0029691809636054334,-0.014092986082009928,0.012657338334820557,NotLabeled
2023-05-11 00:00:00+05:30,82.17775044211284,82.56954096621674,81.68801415517866,82.37364196777344,8109668,81.3280517578125,83.87632500013964,78.77977851548536,0.22714918196589906,0.010028194457411647,0.2171209875084874,53.62900667551543,0.0017869438509563462,-0.01866975305500096,0.01263829447061203,NotLabeled
2023-05-12 00:00:00+05:30,81.78595157975772,82.03081969825999,80.75750249293542,81.3451919555664,12358464,81.34519233703614,83.88884964611076,78.80153502796152,0.15984281858087002,0.039991119282103325,0.11985169929876668,56.11811267400105,-0.012485183216852103,0.004232117413119685,0.012977813527770086,NotLabeled
2023-05-15 00:00:00+05:30,81.34519716331636,82.71645273649182,80.51263952888245,82.52056121826172,7462528,81.4774211883545,83.97401442311616,78.98082795359284,0.19904999279815172,0.071802893985313,0.12724709881283872,58.89326140540248,0.014449154700345801,-0.0005932055785348167,0.0133268894007103,NotLabeled
2023-05-16 00:00:00+05:30,82.76542853231877,83.20618818036019,81.932878378917,82.32466888427734,7376841,81.56312522888183,84.05209753054865,79.07415292721501,0.211872749456262,0.09981686507950281,0.11205588437675919,58.203116917890334,-0.002373860903178482,-0.0017813605631600282,0.012914500334223387,NotLabeled
2023-05-17 00:00:00+05:30,82.07979904471604,82.07979904471604,80.61059028477088,81.10032653808594,13496921,81.58761215209961,84.04658212134291,79.12864218285631,0.12183622919926052,0.10422073790345436,0.017615491295806154,56.01506313397522,-0.014872119897772706,-0.013698480155960202,0.013262383924389701,NotLabeled
2023-05-18 00:00:00+05:30,81.49210816145536,81.9818444063506,80.56161228526722,80.80648040771484,8234890,81.5802661895752,84.04807558561666,79.11245679353374,0.02646563194039686,0.08866971671084287,-0.062204084770446005,53.05341945519184,-0.0036232422594882907,-0.01902503668190003,0.013291013281251813,NotLabeled
2023-05-19 00:00:00+05:30,80.80648270987916,81.24724235372922,79.28829731833821,80.46366882324219,13720610,81.52884368896484,84.04673877992924,79.01094859800044,-0.07590331717408105,0.055755109933858085,-0.13165842710793912,47.368427691678924,-0.0042423773779401985,-0.010836819130081277,0.013290784214864444,NotLabeled
2023-05-22 00:00:00+05:30,80.46366077427082,80.65955226910152,79.9249479543141,80.36571502685547,6918411,81.55088157653809,84.01684921240528,79.0849139406709,-0.16305589277696697,0.011992909391693077,-0.17504880216866003,38.02817004420494,-0.0012173667671293575,-0.026112839752832184,0.013198350318202143,NotLabeled
2023-05-23 00:00:00+05:30,80.56160509902188,81.4431317557559,80.12084550704556,80.9044189453125,9357512,81.58026542663575,83.99784481179695,79.16268604147454,-0.18650610646041343,-0.027706893778728224,-0.1587992126816852,38.028124718873485,0.006703155920121162,-0.017251814774515206,0.012563931810683196,NotLabeled
2023-05-24 00:00:00+05:30,80.41468991724224,81.34519326621243,80.12085265397432,80.80648040771484,7904196,81.60720100402833,83.97469416671596,79.23970784134069,-0.2105661161180734,-0.06427873824659727,-0.14628737787147614,34.31376217549513,-0.001210546208407437,-0.0036232422594882907,0.012531405604973815,NotLabeled
2023-05-25 00:00:00+05:30,80.90442887861508,81.05135125157318,79.97393297118425,80.56161499023438,9575601,81.6586238861084,83.87637856760838,79.44086920460842,-0.2465503607928241,-0.10073306275584265,-0.14581729803698146,46.97986085989172,-0.0030302695556715387,-0.0030302695556715387,0.012551932174856973,NotLabeled
2023-05-26 00:00:00+05:30,79.19034752562398,81.00237009646442,78.79855704395476,80.41468811035156,26673130,81.67821311950684,83.8413828338809,79.51504340513277,-0.2836541171435556,-0.13731727363338525,-0.14633684351017034,31.66665152091477,-0.0018237827022289377,-0.0006087307925048968,0.012378152261264494,NotLabeled
2023-05-29 00:00:00+05:30,80.70854252449763,83.10824736940582,80.365728614194,82.56954193115234,20634118,81.75167388916016,83.93193339658008,79.57141438174024,-0.13759431527876131,-0.13737268196246047,-0.00022163331630084548,50.61737061662053,0.02679676899130312,0.027422476158650788,0.013600615696109522,NotLabeled
2023-05-30 00:00:00+05:30,82.66749046081947,82.81441284808862,81.2962273009457,81.49211883544922,11048903,81.68311080932617,83.80153794127062,79.56468367738171,-0.10754025233218556,-0.1314061960364055,0.023865943704219933,45.81016137258076,-0.013048674735309684,0.007264125962439305,0.013672782347313752,NotLabeled
2023-05-31 00:00:00+05:30,81.00237191656012,81.39416240703272,80.41468991724224,80.80648040771484,12966397,81.55333023071289,83.54242993781206,79.56423052361372,-0.1374628952294188,-0.13261753587500816,-0.004845359354410633,41.57894175842287,-0.0084135550471921,0.0,0.01287055506605322,NotLabeled
2023-06-01 00:00:00+05:30,80.80648666554423,81.2472463309705,80.12085885870721,80.51264190673828,22911903,81.38192253112793,83.07331788758546,79.6905271746704,-0.182780140936444,-0.14265005688729535,-0.04013008404914867,45.142877490341306,-0.0036363234668058686,-0.0006078959998757627,0.01276016869080117,NotLabeled
2023-06-02 00:00:00+05:30,80.9534000294023,82.17774060010476,80.85545427830246,81.88389587402344,12665361,81.42599830627441,83.12168684538315,79.73030976716566,-0.10681436008658807,-0.1354829175271539,0.028668557440565845,46.368672297576616,0.017031536101790756,0.0182703906238586,0.013291532317451879,NotLabeled
2023-06-05 00:00:00+05:30,82.17774866461617,82.47158594675139,81.39416763335717,81.98184967041016,11749146,81.3966136932373,83.02801398360806,79.76521340286654,-0.03826577469375536,-0.11603948896047421,0.07777371426671885,48.022580968827064,0.0011962522708668377,-0.007117542946189714,0.010784930592897177,NotLabeled
2023-06-06 00:00:00+05:30,82.17775415177762,82.22672329901198,81.14930491367654,81.49211883544922,9032643,81.3476406097412,82.90006269946264,79.79521852001977,-0.02319038807580398,-0.09746966878354017,0.07427928070773619,52.4691530169989,-0.005973649495952915,0.0,0.009972253695644556,NotLabeled
2023-06-07 00:00:00+05:30,81.6880057097631,83.25516017137375,81.443137591612,83.01029205322266,18300344,81.38681983947754,83.06695261582135,79.70668706313373,0.10999292522873816,-0.05597714998108451,0.16597007520982265,62.032080215534265,0.01862969376019019,0.027272709247925686,0.010813861909855883,NotLabeled
2023-06-08 00:00:00+05:30,83.20618818036019,84.0387458065443,82.17774651066942,82.32466888427734,17361553,81.38437118530274,83.05858064173158,79.7101617288739,0.15839175920984871,-0.013103368142897864,0.17149512735274658,59.793832645814376,-0.008259495924983873,0.0225061174819976,0.010956114364002881,NotLabeled
2023-06-09 00:00:00+05:30,82.47158248647126,82.47158248647126,80.70853644928488,81.19827270507812,15482610,81.37702522277831,83.05324657249828,79.70080387305835,0.10465107342746194,0.010447520171174096,0.09420355325628785,53.95352072568708,-0.013682365133865004,-0.008373113682819011,0.011350899641044063,NotLabeled
2023-06-12 00:00:00+05:30,81.73697719162936,82.56953479542285,81.29621755544164,81.83493041992188,10006837,81.34274368286133,82.94699190358124,79.73849546214142,0.11214145272023757,0.030786306680986794,0.08135514603925077,54.37794072672293,0.00784077904164504,-0.0017920948487858412,0.011153733348729582,NotLabeled
2023-06-13 00:00:00+05:30,82.03082806147604,83.206192161005,82.03082806147604,82.37364196777344,14147667,81.34519233703614,82.95588770400022,79.73449697007206,0.15970615880135597,0.05657027710506063,0.10313588169629534,57.07966645320812,0.006582904697141734,0.0108172807987017,0.010782275036448345,NotLabeled
2023-06-14 00:00:00+05:30,82.96131544047967,83.98976452582706,82.52055581692045,83.01029205322266,20418160,81.44069061279296,83.20902687079044,79.67235435479549,0.24593884236169572,0.09444399015638766,0.15149485220530806,60.68373963009541,0.007728808272169152,0.0,0.010897226720354392,NotLabeled
2023-06-15 00:00:00+05:30,83.10824190849166,83.45105579626953,82.17774600269715,83.05927276611328,12731420,81.55333023071289,83.43493896339064,79.67172149803514,0.3146046331610819,0.13847611875732652,0.17612851440375538,61.63796605617015,0.0005900559036609021,0.00892325340377087,0.01031702494267412,NotLabeled
2023-06-16 00:00:00+05:30,83.50003774377439,83.84285165344447,82.9613248337337,83.40209197998047,11501358,81.7002513885498,83.67993694300397,79.72056583409564,0.3921647810968949,0.1892138512252402,0.2029509298716547,54.3589690329611,0.004127404472135554,0.027141208814956963,0.010274869047808366,NotLabeled
2023-06-19 00:00:00+05:30,83.84284349684387,84.67539361727215,83.45105300700054,84.13668823242188,16961035,81.88880004882813,84.04385340005832,79.73374669759794,0.5070624353029274,0.2527835680407776,0.25427886726214977,64.36169551609527,0.008807887608115905,0.028126837778060354,0.010301216679064832,NotLabeled
2023-06-20 00:00:00+05:30,83.98976627615995,85.26308350619416,83.59797578439695,84.23463439941406,18507799,82.0553108215332,84.39668364831543,79.71393799475096,0.5991168451070195,0.322050223454026,0.27706662165299345,69.88642650207612,0.0011641314752206533,0.022592086341996165,0.010275043469463037,NotLabeled
2023-06-21 00:00:00+05:30,84.28360649129364,84.67538948925508,83.25515743969068,84.08770751953125,12679704,82.21937217712403,84.65041541253427,79.78832894171379,0.6526910407736182,0.3881783869179445,0.2645126538556737,71.09825600609457,-0.0017442573465225042,0.012979299791136656,0.01025903583964851,NotLabeled
2023-06-22 00:00:00+05:30,83.8918282717328,84.3325879451968,82.76543330614587,83.40209197998047,10984829,82.36139602661133,84.71532286999367,80.00746918322899,0.6325340736448339,0.4370495242633224,0.19548454938151155,59.748547219410774,-0.008153576304735566,0.004127404472135554,0.010473561516214487,NotLabeled
2023-06-23 00:00:00+05:30,82.81440283826056,83.59797635434667,82.07979846348988,82.66748046875,10873933,82.47403564453126,84.6441618755417,80.30390941352081,0.5509317244441263,0.4598259642994832,0.09110576014464311,54.069779553418826,-0.008808070562628112,-0.008808070562628112,0.010674104424970549,NotLabeled
2023-06-26 00:00:00+05:30,82.37363205779647,83.0102906487741,81.68800432768627,82.71644592285156,9941493,82.48138084411622,84.65386133672224,80.30890035151019,0.48462591187110604,0.4647859538138078,0.019839958057298268,57.668653021824426,0.0005923182105456171,-0.016880178426407655,0.010651936186175591,NotLabeled
2023-06-27 00:00:00+05:30,82.81439786144149,83.84283944064588,82.52055314007927,83.25515747070312,10320705,82.56953277587891,84.71591849025504,80.42314706150279,0.47012825157133875,0.46585441336531397,0.004273838206024783,51.748236511697584,0.006512750177322779,-0.011627959635540974,0.0090298562266617,NotLabeled
2023-06-28 00:00:00+05:30,83.89182456083175,84.28361507145958,83.35311167462069,83.45105743408203,11545483,82.70176162719727,84.71237336722388,80.69114988717067,0.46903944640293105,0.4664914199728374,0.002548026430093664,58.64658395569591,0.0023530069407151633,-0.007571262247830224,0.008489445009541012,NotLabeled
2023-06-30 00:00:00+05:30,83.64695018290729,83.98976405182776,83.15721394936894,83.7448959350586,10543357,82.86337432861328,84.63897911405725,81.0877695431693,0.4862813233841763,0.4704494006551052,0.01583192272907108,72.41378384149576,0.003521087808967094,0.0041102560731978155,0.00821099620890824,NotLabeled
2023-07-03 00:00:00+05:30,84.1366876866602,86.43844652448382,83.84284295298825,85.70384216308594,21458900,83.0543716430664,85.17469677578272,80.93404651035009,0.6505174637291162,0.5064630132699074,0.14405445045920884,77.62237914603138,0.02339182831567954,0.03672982020401294,0.009364363054393405,NotLabeled
2023-07-04 00:00:00+05:30,86.04665875875519,86.68331738666,85.11616286066665,85.45897674560547,14758818,83.22822799682618,85.53985765016861,80.91659834348374,0.752245774414277,0.5556195654987813,0.19662620891549565,72.9927189903242,-0.0028571113184694408,0.033155810699504906,0.008869222289422293,NotLabeled
2023-07-05 00:00:00+05:30,85.89973236925216,86.87920483628027,85.80178661710572,86.2425537109375,12358194,83.46574974060059,85.992491069195,80.93900841200617,0.8858824050982008,0.6216721334186652,0.2642102716795356,73.57147069722,0.009169042213839962,0.03588241654921642,0.008999443021364142,NotLabeled
2023-07-06 00:00:00+05:30,86.09563404867777,86.43844792834139,85.21410730612692,85.99768829345703,9906211,83.6151195526123,86.37128193375666,80.85895717146794,0.9609545194236517,0.6895286106196625,0.2714259088039892,70.83336939494387,-0.0028392644575576664,0.030516460038706894,0.008877852460733592,NotLabeled
2023-07-07 00:00:00+05:30,85.60590102035623,86.29152880547736,84.43052949514262,85.01821899414062,10250502,83.74979705810547,86.50369236988173,80.99590174632921,0.9306863512781831,0.7377601587513667,0.19292619252681642,60.50956994059284,-0.011389484051874565,0.01520478406313197,0.008580096328071538,NotLabeled
2023-07-10 00:00:00+05:30,85.21411325257556,88.74021299605664,85.11616749051994,88.20150756835938,35951620,84.09995880126954,87.24149369630872,80.95842390623035,1.1503034123408895,0.8202688094692713,0.33003460287161823,70.04837643913885,0.037442428362774116,0.029142980550634245,0.011400292302390857,NotLabeled
2023-07-11 00:00:00+05:30,88.74020887328209,88.74020887328209,87.66279059516059,88.15252685546875,17114253,84.41583862304688,87.854817974052,80.97685927204176,1.3053518971897518,0.9172854270133675,0.3880664701763843,69.41749702040644,-0.0005553273888506682,0.03151863282755474,0.01076168518104028,NotLabeled
2023-07-12 00:00:00+05:30,88.15252505289699,88.8871294283378,87.41792067745618,87.76073455810547,10421729,84.68519325256348,88.29053938377523,81.07984712135173,1.380698738837907,1.0099680893782754,0.37073064945963163,67.77254963921906,-0.004444481756100349,0.017603616565628588,0.010874365485630805,NotLabeled
2023-07-13 00:00:00+05:30,89.13200253820662,89.52379305490909,87.51587132729802,88.00560760498047,17704740,84.93495903015136,88.73842481860927,81.13149324169345,1.44353073829771,1.0966806191621623,0.34685011913554775,73.26727099133616,0.0027902347001536043,0.023348526586803642,0.010850155195289726,NotLabeled
2023-07-14 00:00:00+05:30,88.74020298157805,89.86659780005886,88.15252100278254,89.37686157226562,13245628,85.25083847045899,89.429276225239,81.07240071567898,1.5856953764237431,1.1944835706144785,0.3912118058092646,81.86044489529743,0.015581438553780913,0.05126715931823256,0.011145002840672935,NotLabeled
2023-07-17 00:00:00+05:30,89.71967315673828,90.5522232282693,89.27891355203998,89.71967315673828,16244703,85.56671752929688,90.09705742838891,81.03637763020485,1.7063541181451143,1.2968576801206058,0.4094964380245085,82.35292873683134,0.003835574201668246,0.017212467566977585,0.01112390098181505,NotLabeled
2023-07-18 00:00:00+05:30,89.76865941482247,90.06249669193949,87.90766010195169,88.44637298583984,8317264,85.78220176696777,90.43448283126939,81.12992070266615,1.679867886565745,1.3734597214096338,0.30640816515611125,72.45770180058209,-0.014191984055425766,0.003333382953989217,0.01179019599780637,NotLabeled
2023-07-19 00:00:00+05:30,88.93610382080078,89.27891769288637,88.39739096982206,88.93610382080078,6640273,86.01727523803712,90.81320790959435,81.22134256647988,1.6790396191820207,1.4345757009641114,0.24446391821790936,73.14054481361029,0.005537036945984619,0.013392883145447065,0.011729217693386617,NotLabeled
2023-07-20 00:00:00+05:30,89.08302234667168,89.37686709060301,87.9076583165109,88.05458068847656,9799742,86.21561889648437,91.00365631849411,81.42758147447464,1.5889354034773788,1.4654476414667648,0.12348776201061407,67.32288994204634,-0.009911870370445053,0.000556476852201504,0.012046925394076195,NotLabeled
2023-07-21 00:00:00+05:30,87.8586790035953,89.37686434598233,87.27099700656169,88.29944610595703,14106972,86.4604866027832,91.14242017639123,81.77855302917519,1.5197668301348273,1.4763114792003773,0.043455350934449966,62.10049559921836,0.0027808367897039776,-0.012054747138748545,0.012013601149066577,NotLabeled
2023-07-24 00:00:00+05:30,88.39739457454161,88.54431694650727,87.36894544356423,88.05458068847656,8631435,86.72984161376954,91.10261821989998,82.3570650076391,1.4287222242112136,1.4667936282025447,-0.03807140399133102,62.10049559921836,-0.0027731251811776714,-0.01855883341608744,0.011833341247980016,NotLabeled
2023-07-25 00:00:00+05:30,88.15253281011815,90.84608242376063,87.90766466342336,90.3563461303711,25710455,87.11183662414551,91.34084344301804,82.88282980527298,1.5247258619525326,1.4783800749525424,0.046345786999990146,66.80006106813147,0.02614021239891895,0.021594702869693005,0.012574998627626104,NotLabeled
2023-07-26 00:00:00+05:30,90.94402406457803,91.28683795985134,90.11147389811929,90.30736541748047,9021181,87.46444702148438,91.5115933073723,83.41730073559646,1.5786593006138219,1.4984359200847983,0.08022338052902356,67.8861876143855,-0.0005420838157836894,0.01541850314741322,0.012594226876477141,NotLabeled
2023-07-27 00:00:00+05:30,90.8950563041468,91.48273834395474,90.20942103038541,90.60121154785156,8458483,87.82195472717285,91.63268411040558,84.01122534394013,1.6263651412969864,1.524021764327236,0.10234337696975038,74.56897014821142,0.003253844567524311,0.028921049188622927,0.012585211372796059,NotLabeled
2023-07-28 00:00:00+05:30,90.503251386288,91.28682482375972,89.86659283080505,90.79708862304688,9734958,88.17456436157227,91.69054950529579,84.65857921784874,1.6608329581863188,1.5513840030990527,0.10944895508726615,65.49699451012975,0.002161969711540257,0.028286049655314338,0.012586613196311883,NotLabeled
2023-07-31 00:00:00+05:30,91.28682581267486,93.14782489010021,91.13991092909457,92.65808868408203,21053644,88.52227668762207,92.36934432569062,84.67520904955352,1.817366632034748,1.6045805288861918,0.21278610314855606,72.11538965654381,0.02049625256996168,0.052280164866061574,0.013082881128643519,NotLabeled
2023-08-01 00:00:00+05:30,93.34373596413077,94.17628612779848,92.85399969458713,93.6375732421875,13110258,88.93120651245117,93.12989415152914,84.7325188733732,1.997431764248816,1.6831507759587168,0.3142809882900992,77.27279486585756,0.010570955779640734,0.03631429614342818,0.01246161123063788,NotLabeled
2023-08-02 00:00:00+05:30,93.3926970556206,93.3926970556206,90.30735732893989,91.04196166992188,18295129,89.17117691040039,93.27027469534247,85.07207912545832,1.9086883462386481,1.7282582900147032,0.18043005622394492,61.56713706665489,-0.02771976550003319,0.008134400212490345,0.014230836429440116,NotLabeled
2023-08-03 00:00:00+05:30,90.74812809224318,91.28683348044362,90.1114694763862,90.99299621582031,9432214,89.42094230651855,93.30918918810318,85.53269542493393,1.8135025170289936,1.7453071354175616,0.06819538161143202,56.846503606348826,-0.0005378339087099837,0.004324276257186899,0.014181886672235943,NotLabeled
2023-08-04 00:00:00+05:30,91.87452017830095,92.31527979830479,91.18888496933938,92.0704116821289,7594563,89.77355194091797,93.23649098560352,86.31061289623241,1.8042077020884477,1.757087248751739,0.04712045333670867,59.37503042695098,0.011840641709974564,0.014023831362791395,0.014259281982103194,NotLabeled
2023-08-07 00:00:00+05:30,92.56014436874449,92.56014436874449,91.28682722429463,92.119384765625,7753436,89.96944580078124,93.50053680483359,86.4383547967289,1.7802713528602112,1.7617240695734335,0.018547283286777683,66.23372594508382,0.0005319090313744557,-0.005813889819093365,0.013875241501301459,NotLabeled
2023-08-08 00:00:00+05:30,92.1193896640537,92.26630455771797,90.25839045889244,90.69915008544922,10695875,90.09677696228027,93.53442845161896,86.65912547294158,1.6279347360678145,1.7349662028723098,-0.10703146680449538,57.1999815549662,-0.01541732702393983,-0.031380812797638824,0.012180730250880881,NotLabeled
2023-08-09 00:00:00+05:30,90.89504677995092,91.4337521463353,89.08301676063657,91.04196166992188,13978237,90.26083831787109,93.53854079689391,86.98313583884827,1.5173775161335072,1.6914484655245494,-0.17407094939104217,62.76146263944131,0.003779655974170515,0.0,0.012182645840686629,NotLabeled
2023-08-10 00:00:00+05:30,90.60120572354047,92.02143785117502,90.4053142137916,90.99299621582031,10588532,90.41020774841309,93.52332429155989,87.29709120526628,1.4095604840499902,1.6350708692296378,-0.2255103851796476,61.70213612236415,-0.0005378339087099837,0.0,0.012115248042696238,NotLabeled
2023-08-11 00:00:00+05:30,89.42584894954122,90.50326728583322,88.49534552104788,89.22994995117188,19474269,90.40286216735839,93.52691905747444,87.27880527724234,1.168383215761338,1.541733338535978,-0.37335012277463986,54.51128920415679,-0.019375626014850433,-0.030850972414065647,0.012960203957179601,NotLabeled
2023-08-14 00:00:00+05:30,89.13200192950983,89.18097854605662,84.87129783732603,85.31205749511719,23189557,90.18248138427734,94.04422125929392,86.32074150926076,0.6535733285477647,1.3641013365383354,-0.7105280079905707,32.775890806079914,-0.04390781859900883,-0.07389679477156053,0.01575399054113403,NotLabeled
2023-08-16 00:00:00+05:30,85.31205550070405,85.65486939016986,83.0102965596823,83.15721893310547,28322838,89.91802368164062,94.85506729312218,84.98098007015906,0.0708881660570313,1.1054587024420748,-1.0345705363850435,28.654956908332267,-0.02525831195824868,-0.08315327260771865,0.016469438689277048,NotLabeled
2023-08-17 00:00:00+05:30,83.30414130652862,84.23463721690476,82.86337418625914,83.15721893310547,12271217,89.62907943725585,95.41204784111908,83.84611103339263,-0.38643939049335074,0.8070790838549897,-1.1935184743483405,27.380917607294123,0.0,-0.08660558924908734,0.01629819208251115,NotLabeled
2023-08-18 00:00:00+05:30,83.30414264800895,83.74490230259383,82.17774773066903,82.6185073852539,9315437,89.35727577209472,95.91141414252245,82.803137401667,-0.783314729038139,0.48900032127636395,-1.272315050314503,25.656014944537077,-0.00647822948822907,-0.09203443318542348,0.016201340790638796,NotLabeled
2023-08-21 00:00:00+05:30,82.66748392567072,84.47950663132231,82.27569341485302,84.28361511230469,11090878,89.1564842224121,96.08257753011905,82.23039091470515,-0.9525011758365451,0.20070002185378213,-1.1532011976903274,24.778809456519,0.02015417343823822,-0.055433571817241956,0.016907980205614227,NotLabeled
2023-08-22 00:00:00+05:30,84.92026846421989,84.92026846421989,83.6959277569919,83.9407958984375,8750174,88.95079498291015,96.24901686351929,81.65257310230102,-1.1015473472168935,-0.05974945196035297,-1.0417978952565405,19.631886595534013,-0.004067447906813126,-0.016073479376091382,0.016878297822868173,NotLabeled
2023-08-23 00:00:00+05:30,84.57745239083111,85.36103341246651,84.03874697714143,84.28361511230469,11386589,88.64715843200683,96.20002185909165,81.09429500492202,-1.178420765315039,-0.2834837146312902,-0.8949370506837487,25.357167099343584,0.004084059606511037,0.013545380589330858,0.01693433037164438,NotLabeled
2023-08-24 00:00:00+05:30,85.11616748020462,86.63434547383947,84.52848543515944,84.77335357666016,21699641,88.37045783996582,96.07125897018196,80.66965670974969,-1.1861524744710863,-0.4640174665992494,-0.7221350078718369,28.02770292451504,0.005810601072378185,0.01943468846468721,0.015791061107516532,NotLabeled
2023-08-25 00:00:00+05:30,84.38155907483858,84.72437296221014,83.54900892756984,83.8918228149414,7514441,88.03498840332031,95.909226484391,80.16075032224963,-1.2490142164886322,-0.6210168165771259,-0.6279973999115063,20.7017900598873,-0.010398677467933215,0.015411987821929207,0.015863407443508303,NotLabeled
2023-08-28 00:00:00+05:30,84.23462718626692,85.36102195133724,84.03873569355096,85.16512298583984,7685360,87.75339012145996,95.61452969990837,79.89225054301154,-1.1824572860148805,-0.7333049104646769,-0.4491523755502036,27.09673950241995,0.015177881802702409,0.010458828472895698,0.016319635295701768,NotLabeled
2023-08-29 00:00:00+05:30,85.89974157926675,86.78126838866413,85.45898191095941,86.63434600830078,11995479,87.4522029876709,94.97648111618108,79.92792485916073,-0.999633269908756,-0.7865705823534929,-0.21306268755526314,36.65597706193158,0.017251463638527476,0.03208868918901242,0.0168725002953317,NotLabeled
2023-08-30 00:00:00+05:30,87.17306037463665,89.71968761012566,86.97716884605396,89.52379608154297,24500533,87.24651412963867,94.26688525600841,80.22614300326893,-0.614505806776009,-0.7521576272379962,0.1376518204619872,45.73007885843034,0.033352246613200576,0.062173187069111124,0.017933077393814854,NotLabeled
2023-08-31 00:00:00+05:30,89.96454485927426,90.20941297673161,88.59328190695672,88.83815002441406,11300175,87.13632354736328,93.97263056171711,80.30001653300944,-0.3604602626477771,-0.6738181543199524,0.3133578916721753,44.148930880983244,-0.0076588134902633165,0.04794898722601704,0.017760798376079814,NotLabeled
2023-09-01 00:00:00+05:30,89.37686396856013,95.49856698010534,88.98507348126483,94.95985412597656,52388079,87.3346664428711,94.83959258834444,79.82974029739775,0.3310271462684682,-0.4728490942022683,0.8038762404707365,62.580598041994406,0.06890850495963918,0.1319321828952309,0.022692156276705993,NotLabeled
2023-09-04 00:00:00+05:30,95.74343066435951,101.52231953405365,95.69445405342366,100.64079284667969,65068908,87.76318550109863,97.14953335171305,78.37683765048422,1.3221986934097174,-0.11383953667987118,1.4360382300895886,81.23745320215426,0.05982463613693656,0.18171370296045875,0.025915459915626188,NotLabeled
2023-09-05 00:00:00+05:30,101.03259423050311,101.13053999017438,97.80033185187366,99.66133117675781,30394405,88.14028282165528,98.7851441870872,77.49542145622335,2.0055561120205283,0.31003959306020873,1.6955165189603196,85.32490109902312,-0.009732253117421541,0.15036744396049184,0.026063076208440027,NotLabeled
2023-09-06 00:00:00+05:30,99.66133195548367,100.2490139908858,96.38010040777118,97.26162719726562,25576766,88.4684066772461,99.82608356467722,77.11072978981497,2.3266653833712496,0.7133647511224169,1.6133006322488326,77.37640440286872,-0.024078586460340445,0.08643323288787519,0.02677499250124008,NotLabeled
2023-09-07 00:00:00+05:30,97.06573309080979,98.48597284338751,95.44960180749585,97.50650024414062,20324016,88.79163360595703,100.8066185690538,76.77664864286027,2.5712660483298464,1.084945010563903,1.4863210377659435,79.23075471228947,0.0025176737623189283,0.09757463676747391,0.026444658829431155,NotLabeled
2023-09-08 00:00:00+05:30,97.94724547618954,98.33903595265065,95.98830056666574,96.86982727050781,21381211,89.08547515869141,101.60403998967627,76.56691032770655,2.6828138415166762,1.4045187767544576,1.2782950647622187,75.75143875256703,-0.006529543897470291,0.020113480187084365,0.026540170405748294,NotLabeled
2023-09-11 00:00:00+05:30,97.45751762928332,98.53493592761339,96.77188984110485,97.89827728271484,16085094,89.51889152526856,102.64404876066678,76.39373428987034,2.8216770554827946,1.6879504325001249,1.1337266229826697,77.77772716519854,0.010616825085638881,-0.0272505361532962,0.02657136784163683,NotLabeled
2023-09-12 00:00:00+05:30,98.92672184244792,99.95517094972482,91.18888764932379,91.82554626464844,28381920,89.84456596374511,102.85292967724698,76.83620225024325,2.4138827737531443,1.8331369007507288,0.5807458730024155,62.22219474681135,-0.06203103043917013,-0.07862412451838463,0.029860007894588956,NotLabeled
2023-09-13 00:00:00+05:30,92.51117257978574,94.91088463512037,91.77656822111264,94.02935791015625,20853496,90.38817291259765,103.12572579595707,77.65062002923824,2.2426798321678234,1.9150454870341478,0.3276343451336756,64.2104937654131,0.023999984047535783,-0.033232728880359996,0.02830018687418786,NotLabeled
2023-09-14 00:00:00+05:30,94.71498602927686,97.40853535503251,94.32320301466528,96.62496185302734,24393971,91.06156005859376,103.61214645532704,78.51097366186048,2.2900455932383466,1.9900455082749877,0.30000008496335884,68.57140568047832,0.027604186613197523,-0.009040816652285288,0.027819044522891037,NotLabeled
2023-09-15 00:00:00+05:30,97.16367235041095,98.24109811566787,93.58860358076123,94.37217712402344,31058038,91.64924354553223,103.62267377185182,79.67581331921264,2.1213488112136503,2.0163061688627204,0.10504264235092986,63.055556817707284,-0.02331472826277059,-0.02578357179795232,0.02858953952859719,NotLabeled
2023-09-18 00:00:00+05:30,94.37217579682272,95.93933033408989,94.3232066544976,94.910888671875,20929184,92.18060722351075,103.71283482249254,80.64837962452896,2.00797819308886,2.0146405737079482,-0.006662380619088193,62.05419695615757,0.005708372576205267,-0.030515231664523967,0.028437722766232246,NotLabeled
2023-09-20 00:00:00+05:30,94.96011226445457,95.94466504070206,93.08946799881757,93.87710571289062,15206482,92.6774227142334,103.55240997317453,81.80243545529227,1.8138051001879063,1.97447347900394,-0.16066837881603369,56.702580753836386,-0.010892142866329668,0.022341924787786516,0.028527065423485966,NotLabeled
2023-09-21 00:00:00+05:30,94.02479245984541,94.61552263791305,92.64641703665974,92.8925552368164,12585171,93.10786972045898,103.24010058491824,82.97563885599972,1.5624654013885078,1.8920718634808535,-0.3296064620923458,56.185440175988916,-0.010487652645420509,-0.01208986957484115,0.028669125209447407,NotLabeled
2023-09-22 00:00:00+05:30,93.0402365439824,93.63096670227081,91.4649536180328,91.76031494140625,11754217,93.45721778869628,102.83306412474295,84.08137145264962,1.2574197972663512,1.7651414502379532,-0.507721652971602,44.2421849299759,-0.012188708691710182,-0.05034565414908554,0.028920332859755694,NotLabeled
2023-09-25 00:00:00+05:30,92.05568019904935,92.49872592266358,90.92344305792928,91.66185760498047,11187855,93.84571952819825,102.13348748509422,85.55795157130227,0.9962402367461749,1.6113612075395978,-0.6151209707934229,29.77884488833311,-0.001072983854606968,-0.02871947645629791,0.028943147300854916,NotLabeled
2023-09-26 00:00:00+05:30,92.0556869506836,93.33560859739536,91.4157261273277,92.0556869506836,10817622,94.19024772644043,101.47023009801535,86.91026535486552,0.81167579683067,1.4514241253978122,-0.6397483285671421,32.407539109279384,0.004296545542425534,-0.03008297320934783,0.028751514815140274,NotLabeled
2023-09-27 00:00:00+05:30,92.05568070007126,92.15413447123902,90.92344355278887,91.46495056152344,8375033,94.43177795410156,100.93538080442568,87.92817510377745,0.6106998906751926,1.2832792784532883,-0.6725793877780957,35.36727507478311,-0.0064171634445205905,-0.025694818060799762,0.02874880862990822,NotLabeled
2023-09-28 00:00:00+05:30,91.56340300903975,92.49872508892423,89.84043574811696,90.38194274902344,12288222,94.47468528747558,100.85204814794277,88.0973224270084,0.359886806614071,1.098600784085445,-0.738713977471374,32.74538715387486,-0.011840686578314163,-0.027027058103768598,0.028768841966697434,NotLabeled
2023-09-29 00:00:00+05:30,91.61263847311551,93.04023698842714,91.56340782988067,92.40027618408203,11588721,94.65279159545898,100.54809395767836,88.7574892332396,0.32028621071199836,0.9429378694107557,-0.6226516586987574,39.85439504393123,0.02233115790244944,0.006974270337720911,0.02827237580662709,NotLabeled
2023-10-03 00:00:00+05:30,92.5479597733712,92.5479597733712,89.98812409045858,90.28348541259766,15548573,94.41897315979004,100.62571703245698,88.21222928712311,0.11674931522060206,0.7777001585727251,-0.6609508433521231,33.528727187272466,-0.02290892255849164,-0.015037576461988666,0.028722023988772907,NotLabeled
2023-10-04 00:00:00+05:30,88.95433675093741,89.49584375156145,87.52673831153388,87.87133026123047,17453762,93.78050003051757,99.91916195747571,87.64183810355944,-0.2364700231249799,0.5748661222331841,-0.811336145358164,39.83742611213661,-0.02671756789565205,-0.04545462456539795,0.024749266084919203,NotLabeled
2023-10-05 00:00:00+05:30,88.26515423693192,88.7081999632756,87.13291708883654,87.28060150146484,9372979,93.16146354675293,99.30013203355928,87.02279505994657,-0.5576376676434194,0.3483653642578634,-0.9060030319012828,31.08713993164136,-0.006722656388715942,-0.045748114817424135,0.0200672368587715,NotLabeled
2023-10-06 00:00:00+05:30,88.21593078610559,88.90512226403395,87.3298317496502,87.4775161743164,12869247,92.67225799560546,98.99190015074777,86.35261584046316,-0.7872016013532601,0.12125197113563874,-0.9084535724888989,20.38324272731046,0.002256110400983724,-0.032135031471631104,0.020143002140802807,NotLabeled
2023-10-09 00:00:00+05:30,86.64064208137307,86.88678026910425,84.67153657952369,85.01612854003906,12795052,92.0477394104004,98.80909814119033,85.28638067961046,-1.1544384364659521,-0.13388611038467943,-1.0205523260812728,20.11157743883713,-0.028137374515441627,-0.07991477892698173,0.020343677109844867,NotLabeled
2023-10-10 00:00:00+05:30,85.55763950542094,87.72365265278178,85.16381688457122,87.42829132080078,12762654,91.57566261291504,98.2371071492864,84.91421807654368,-1.236580368228914,-0.35442496195352635,-0.8821554062753877,28.651742868125908,0.0283730019489854,-0.03162476591093677,0.021638046653418966,NotLabeled
2023-10-11 00:00:00+05:30,87.82209914505592,88.26515237358767,87.03446148023464,87.23136901855469,15503178,91.04231719970703,97.26602044157379,84.81861395784027,-1.3025534002083816,-0.5440506496044974,-0.7585027506038842,30.088536032967625,-0.0022523864903584156,-0.007282935637519694,0.021642623665268958,NotLabeled
2023-10-12 00:00:00+05:30,87.8713338239713,89.05279413127366,87.52674186030323,87.96978759765625,12154040,90.84952926635742,97.2084837707231,84.49057476199174,-1.2804925739367974,-0.6913390344709576,-0.5891535394658398,35.02997776898209,0.00846505778150175,0.00789621157892495,0.021571197625935897,NotLabeled
2023-10-13 00:00:00+05:30,87.37905661293851,88.4620631362554,86.83754959550939,87.52674102783203,11546230,90.5243984222412,96.86371345254904,84.18508339193338,-1.2839586891352042,-0.809862965403807,-0.4740957237313972,36.56254979385043,-0.005036349204917467,0.0005627143484221442,0.017150147200040863,NotLabeled
2023-10-16 00:00:00+05:30,87.62519024306465,88.11746659274479,87.03446012575668,87.82209777832031,10487993,90.08425521850586,95.83520718190456,84.33330325510715,-1.2484810763413492,-0.8975865875913154,-0.3508944887500338,37.96297757885286,0.00337447444083816,0.03300514015949041,0.016139043749626433,NotLabeled
2023-10-17 00:00:00+05:30,88.31438497643573,89.20048401701555,87.87133921191679,88.11747741699219,10121691,89.77152023315429,95.21258741827471,84.33045304803387,-1.1828944731889521,-0.9546481647108428,-0.22824630847810934,37.57767726974534,0.0033633862791284663,0.007882872760975879,0.01462756320201544,NotLabeled
2023-10-18 00:00:00+05:30,88.21592954291957,89.00357478901152,86.09913951664647,86.3945083618164,15854654,89.34570121765137,94.41344071346286,84.27796172183987,-1.2554735039161784,-1.01481323255191,-0.24066027136426849,35.07251116428901,-0.0195530910062518,-0.009593574721500464,0.014404103006971996,NotLabeled
2023-10-19 00:00:00+05:30,86.000689664801,87.32983450565914,85.45919010599175,87.13292694091797,8686749,89.00849227905273,93.68942713895483,84.32755741915064,-1.2391248407238038,-1.0596755541862888,-0.17944928653751502,40.23673658412448,0.008547054588343705,-0.00951304623543936,0.014513636412552494,NotLabeled
2023-10-20 00:00:00+05:30,86.59141601182003,87.47751503675252,85.21304809697145,85.5576400756836,11025391,88.6417465209961,93.18881856610379,84.0946744758884,-1.3378588876918087,-1.115312220887393,-0.22254666680441582,28.875456111971076,-0.018079122560665573,-0.02249713549282384,0.014767712283193105,NotLabeled
2023-10-23 00:00:00+05:30,85.36072759939785,85.50841202662669,81.71788512264378,82.0624771118164,16394075,88.1568546295166,93.32903260725155,82.98467665178165,-1.678784786135438,-1.228006733937002,-0.4507780521984359,26.610722813110485,-0.040851558794461784,-0.06558281813128952,0.01675592549996552,NotLabeled
2023-10-25 00:00:00+05:30,82.70243612048151,84.03158091296659,81.81633708831085,82.8501205444336,14344290,87.71626777648926,93.12704287806211,82.30549267491641,-1.8639285662328007,-1.3551911003961619,-0.5087374658366388,34.25933189576824,0.0095980947728882,-0.059776528186709754,0.017009952885403516,NotLabeled
2023-10-26 00:00:00+05:30,82.21015797291432,82.4070655263166,80.53642123436985,81.96401977539062,11702863,87.21168441772461,92.79792739163624,81.62544144381299,-2.0584289844523056,-1.4958386772073906,-0.562590307244915,33.63642383577225,-0.010695226068714536,-0.05128206260369106,0.017036559725426958,NotLabeled
2023-10-27 00:00:00+05:30,82.70243651698269,83.19471292482187,82.11170632988404,82.65320587158203,7823423,86.77109718322754,92.33481681592718,81.2073775505279,-2.132379663595316,-1.6231468744849757,-0.5092327891103401,35.58826881088153,0.008408397954126734,-0.05141249383684188,0.017173896205217833,NotLabeled
2023-10-30 00:00:00+05:30,83.14547869680118,83.34239375837718,82.11170279180794,82.55474853515625,10725366,86.37973747253417,91.97507911541426,80.78439582965409,-2.1738717534240095,-1.7332918502727825,-0.44057990315122697,41.43838742824144,-0.0011912101338059644,-0.03509787714891399,0.017189824143343208,NotLabeled
2023-10-31 00:00:00+05:30,83.14547869680118,83.63775508342887,82.40706411685963,82.55474853515625,9635615,85.8874610900879,90.96059386532517,80.81432831485063,-2.181606333735104,-1.822954746965247,-0.358651586769857,29.62965797558435,0.0,0.0059987395051344095,0.017138943257231438,NotLabeled
2023-11-01 00:00:00+05:30,82.70243714515608,82.85012157093796,81.32406169042844,81.61943054199219,6612710,85.45425834655762,90.42548025104745,80.4830364420678,-2.2374168410262882,-1.9058471657774554,-0.33156967524883285,27.90704938752168,-0.011329669216613936,-0.014854414143928407,0.01607842509930298,NotLabeled
2023-11-02 00:00:00+05:30,82.60397652884743,84.08080564136004,82.0624695163096,83.73621368408203,11759902,85.2475025177002,90.13877198328798,80.35623305211242,-2.0867852004634813,-1.9420347727146607,-0.14475042774882052,34.965050501875766,0.025934794301226916,0.021621608036646034,0.016982030221271288,NotLabeled
2023-11-03 00:00:00+05:30,84.47463048752842,84.52385361899682,83.2931626591642,83.58853149414062,7685817,85.06289901733399,89.90957080019014,80.21622723447784,-1.9567688453686998,-1.9449815872454685,-0.011787258123231226,35.71429757514268,-0.0017636597529783193,0.011316265505923795,0.016123141092029922,NotLabeled
2023-11-06 00:00:00+05:30,84.67153923059334,86.14836840321996,83.93312464428003,85.50840759277344,11705948,84.96444358825684,89.68289142529835,80.24599575121533,-1.6794523103423273,-1.8918757318648405,0.21242342152251315,42.49204789878351,0.022968175948483882,0.03577818490185769,0.01699000519163861,NotLabeled
2023-11-07 00:00:00+05:30,84.62231418105435,84.67154482801307,83.0962617753817,83.98236083984375,17638494,84.91275520324707,89.65142465594724,80.17408575054691,-1.5647783864346536,-1.826456262778803,0.2616778763441494,37.573971822616194,-0.017846745084967086,0.01729291567134439,0.017369052142468273,NotLabeled
2023-11-08 00:00:00+05:30,84.3761762406243,85.21305217236039,83.63776160312219,84.622314453125,18334392,84.77245635986328,89.3613205107077,80.18359220901887,-1.40605148104369,-1.7423753064317804,0.33632382538809047,44.303794364242286,0.007620095540082028,0.036791287211785484,0.016382227741346032,NotLabeled
2023-11-09 00:00:00+05:30,84.76999613840098,86.14837158608675,84.67154235889669,85.80377960205078,14898986,84.70107688903809,89.17178690012834,80.23036687794784,-1.1714214836744503,-1.6281845418803145,0.45676305820586416,45.846145189164034,0.013961626511411973,0.024691418766188855,0.015402736809692582,NotLabeled
2023-11-10 00:00:00+05:30,85.80377546767882,87.2806046237093,85.26226843918437,86.73909759521484,14776717,84.63954238891601,88.95189323939097,80.32719153844106,-0.8996327685182308,-1.482474187207898,0.5828414186896671,53.846142382971024,0.010900661923075816,0.03769136799938955,0.015605912355067723,NotLabeled
2023-11-13 00:00:00+05:30,87.92056903304963,88.2651610146153,86.19760161367945,86.83755493164062,20080996,84.60508308410644,88.83042893995302,80.37973722825986,-0.6685865201935712,-1.3196966538050328,0.6511101336114615,69.95888185693029,0.0011350975414252673,0.015544054395178808,0.015485033918053507,NotLabeled
2023-11-15 00:00:00+05:30,88.0682455444822,88.36361439107465,86.88678518119596,87.03446960449219,16145878,84.56570167541504,88.67797006013522,80.45343329069486,-0.46423986717390164,-1.1486052964788065,0.6843654293049048,68.3983084791408,0.0022676211117018674,0.03634225966175064,0.015460094726817617,NotLabeled
2023-11-16 00:00:00+05:30,87.28060103573608,87.3790548064492,86.44373271736285,86.64064025878906,9828235,84.49185981750489,88.38266612900328,80.6010535060065,-0.33026531626389044,-0.9849373004358233,0.6546719841719328,71.49322917031915,-0.0045249812803225264,0.023850987989486816,0.015466054499476726,NotLabeled
2023-11-17 00:00:00+05:30,87.03446377525262,88.16670092930167,86.73909494844285,87.92056274414062,15173874,84.56816253662109,88.67019708975222,80.46612798348995,-0.11943371411247483,-0.8118365831711536,0.6924028690586788,72.96140279460077,0.014772772702608572,0.02467004544446949,0.015806319534301692,NotLabeled
2023-11-20 00:00:00+05:30,88.31438486840344,90.08658294739517,88.16670795477236,88.954345703125,30213668,84.65923347473145,89.07025969527054,80.24820725419237,0.12957582520279232,-0.6235541014963645,0.7531299266991568,75.79369911574089,0.011758147658731621,0.0255392109132615,0.015338200075563918,NotLabeled
2023-11-21 00:00:00+05:30,89.44661763234753,90.08657843501385,89.10202566523228,89.24971008300781,13384773,84.84383697509766,89.69976651450222,79.9879074356931,0.3467539524039438,-0.4294924907163028,0.7762464431202466,76.35663431664892,0.0033204041640479964,0.0277777875398042,0.015260413912816653,NotLabeled
2023-11-22 00:00:00+05:30,89.5942975212546,89.5942975212546,87.37905390122357,87.87133026123047,11701214,85.13427963256837,89.98462654795983,80.2839327171769,0.40299991867442486,-0.26299400883815727,0.6659939275125821,73.78273849084707,-0.015444081784639518,0.009615278412578254,0.015103514268919128,NotLabeled
2023-11-23 00:00:00+05:30,88.11746707663589,88.9051122450658,86.7883224275088,88.4620590209961,13092010,85.41487655639648,90.35727955053486,80.4724735622581,0.4895983412474152,-0.11247553882104279,0.602073880068458,70.33895077221726,0.006722656388715942,0.02102268354396486,0.011617875925529791,NotLabeled
2023-11-24 00:00:00+05:30,88.21592036037262,89.24970369931731,87.62519024306465,87.82209777832031,9598262,85.70778045654296,90.48051767266112,80.9350432404248,0.5008156006424542,0.01018268907165662,0.4906329115707976,67.47962869861814,-0.007234301911556162,-0.0011199310234951687,0.011766421826275984,NotLabeled
2023-11-28 00:00:00+05:30,88.16670654739056,89.98812773133717,88.01902212457505,89.54507446289062,19252753,86.0523738861084,90.89124835939643,81.21349941282037,0.641342184970199,0.1364145882513651,0.5049275967188339,66.94213288213572,0.019618942477546364,0.006640808328095771,0.011881191816590756,NotLabeled
2023-11-29 00:00:00+05:30,90.08657518475768,90.77575909412293,89.49584504651014,89.79120635986328,22993584,86.41419677734375,91.23404659762639,81.5943469570611,0.7637670711966535,0.26188508484042283,0.5018819863562307,77.3146982197913,0.0027486927499809077,0.006067204883375421,0.011847203165775578,NotLabeled
2023-11-30 00:00:00+05:30,90.08657659738273,91.0711293470809,89.24970826244756,90.87422180175781,26327767,86.83017044067383,91.68344549530308,81.97689538604457,0.9373745008278007,0.39698296803789845,0.5403915327899023,78.22213466723056,0.012061486706772317,0.03417373484161579,0.011908612924282082,NotLabeled
2023-12-01 00:00:00+05:30,91.56340567320622,92.74486596759878,90.77576046925026,91.71109008789062,28208739,87.33475341796876,92.00182306732702,82.66768376861049,1.129468110961625,0.5434799966226438,0.5859881143389811,77.52284022894614,0.00920908338514792,0.03672796114912247,0.01189837703863385,NotLabeled
2023-12-04 00:00:00+05:30,93.4832881871336,94.02479524815335,92.35105844207004,92.54796600341797,30750546,87.77534103393555,92.67019459509484,82.88048747277625,1.3338567034907527,0.7015553379962656,0.6323013654944871,77.31474705033163,0.009125133227893434,0.05381183488723584,0.011309830157613242,NotLabeled
2023-12-05 00:00:00+05:30,92.64641386153136,95.35393397046397,91.95722992932873,94.27092742919922,34837108,88.30946083068848,93.59629947276275,83.0226221886142,1.6162337862640328,0.8844910276498191,0.7317427586142137,80.32120390155124,0.018616956159983156,0.052776246986841135,0.010766616936296719,NotLabeled
2023-12-06 00:00:00+05:30,95.10779515539484,99.53828257733753,94.02478862122824,97.81531524658203,74817529,88.9248062133789,95.53752153375137,82.31209089300643,2.101793961490003,1.1279516144178559,0.9738423470721471,84.54250824898565,0.03759788849053991,0.08936408376740035,0.012659563329183244,NotLabeled
2023-12-07 00:00:00+05:30,98.25836939352035,98.79986890978078,96.63385582165603,97.42149353027344,22413672,89.5967628479004,96.79973640465225,82.39378929114854,2.4268505548932495,1.3877314025129346,1.039119152380315,84.54254958194036,-0.0040261764256017685,0.07204762361320127,0.012387391255155233,NotLabeled
2023-12-08 00:00:00+05:30,97.61840865735837,98.79986897685734,94.81243476489216,96.58462524414062,25014086,90.19487838745117,97.64115860815586,82.74859816674648,2.58710938382373,1.6276069987750938,0.9595023850486362,78.57139981784606,-0.008590181240372363,0.05314008536567916,0.011626408502352446,NotLabeled
2023-12-11 00:00:00+05:30,96.58463042255903,99.39060446546851,96.2400384368582,99.24292755126953,29721883,90.86683578491211,99.03517754270707,82.69849402711715,2.895243871060771,1.8811343732322294,1.0141094978285414,80.64514223098281,0.027523037961884933,0.07234045043847104,0.012481220712994977,NotLabeled
2023-12-12 00:00:00+05:30,99.63673680251232,100.91665840148926,97.47072372436524,98.45527648925781,40788275,91.45264472961426,100.0440890780034,82.86120038122513,3.0408329843645276,2.113074095458689,0.9277588889058386,76.63812531349568,-0.007936596404865326,0.04438642086343303,0.012840761935629405,NotLabeled
2023-12-13 00:00:00+05:30,99.14446246633239,102.04889768963571,98.99678555778374,101.65507507324219,42797594,92.19352073669434,101.62386299621238,82.7631784771763,3.3754997495287427,2.3655592262727,1.0099405232560428,86.08244148940632,0.032500021310015725,0.03925520065012855,0.014010174959095675,NotLabeled
2023-12-14 00:00:00+05:30,103.47649017673486,110.5160436819466,103.47649017673486,109.23612213134766,177834487,93.30360336303711,105.10559000973119,81.50161671634304,4.203991712631279,2.7332457235444156,1.470745989086863,89.81129063009173,0.07457617883458689,0.1212733265827306,0.02012651686123302,NotLabeled
2023-12-15 00:00:00+05:30,109.53150125404112,111.59906067428092,107.71008003886656,109.72840881347656,69403738,94.45799179077149,107.91622836686518,80.99975521467779,4.8444570975380685,3.1554879983431463,1.6889690991949222,92.2200917539113,0.004506629057528855,0.13608567135930683,0.020082857480771106,NotLabeled
2023-12-18 00:00:00+05:30,110.26990677269532,115.34035488106949,109.03921584889292,113.66661071777344,78649010,95.74529418945312,111.32821155016381,80.16237682874242,5.605197284944111,3.6454298556633393,1.959767429280772,92.83214215848577,0.035890449400312496,0.14533713910296076,0.020426006974565283,NotLabeled
2023-12-19 00:00:00+05:30,113.66661323568111,114.74962728185085,108.49771124121109,109.33458709716797,35413677,96.76430625915528,113.12352337727677,80.40508914103378,5.791767373319999,4.074697359194672,1.7170700141253272,80.30534983318742,-0.038111663515344785,0.11050002595947372,0.02328331935309907,NotLabeled
2023-12-20 00:00:00+05:30,110.61450480595776,111.20523497952802,101.06434571720389,102.0981216430664,41617472,97.4067268371582,113.53085243099707,81.28260124331933,5.294669573021565,4.318691801960051,0.9759777710615145,64.61538155854194,-0.06618642504837347,0.004358332031184853,0.028689174787159866,NotLabeled
2023-12-21 00:00:00+05:30,102.24580531246285,108.20235267171952,100.57206858106495,107.31625366210938,52112170,98.37897300720215,114.42699276383372,82.33095325057057,5.261128613360725,4.507179164240186,0.7539494491205394,68.23935556060471,0.051108991380717894,-0.017575399343907394,0.030238236052705376,NotLabeled
2023-12-22 00:00:00+05:30,108.79308743698898,111.74674591944117,107.80853460950492,111.00833129882812,56223938,99.50628662109375,115.78703886148011,83.22553438070739,5.46941891383922,4.699627114159993,0.7697917996792274,70.22653608060932,0.034403713423909243,0.011664458631923225,0.03015914390483713,NotLabeled
2023-12-26 00:00:00+05:30,111.89442087415682,113.12511180433553,109.5807234277291,111.79596710205078,37093574,100.70498008728028,116.89352315152541,84.51643702303514,5.633111106051373,4.88632391253827,0.7467871935131036,69.60352280043449,0.007095285498008197,-0.016457283312223847,0.030156224869154525,NotLabeled
2023-12-27 00:00:00+05:30,113.37124940298564,116.37413075013873,113.22356498982109,113.66661071777344,87756029,101.91105690002442,118.19275699598383,85.62935680406501,5.846390107972638,5.078337151625144,0.7680529563474945,68.4210479651351,0.016732657395548856,0.03962171290550076,0.02985813985627989,NotLabeled
2023-12-28 00:00:00+05:30,114.60194616885845,121.93686144401669,114.30657732747233,120.95230865478516,112886813,103.4691120147705,120.79765935893931,86.14056467060169,6.528058789832443,5.368281479266604,1.1597773105658389,73.57002056796438,0.06409708084902443,0.18466732500361482,0.031876543654311466,NotLabeled
2023-12-29 00:00:00+05:30,121.39536011858424,123.80751141185262,118.9832013137743,121.73995208740234,65438649,105.01239852905273,123.09921140013444,86.92558565797103,7.050567816799386,5.704738746773161,1.345829070026225,75.22211140429668,0.006512016524341302,0.13440367076833226,0.03181532268856213,NotLabeled
2024-01-01 00:00:00+05:30,121.73995151539513,124.93974801796313,120.75539874537421,122.77372741699219,37525817,106.5655303955078,125.17043311628716,87.96062767472846,7.4620590429453415,6.056202806007597,1.405856236937744,74.38774617815302,0.008491668608902048,0.10598660461341658,0.03184178991336452,NotLabeled
2024-01-02 00:00:00+05:30,122.72450441934217,122.72450441934217,118.39247072421438,121.09999084472656,38718627,107.99313163757324,126.4503307629037,89.53593251224278,7.5658972964921105,6.358141704104501,1.2077555923876098,73.04610108490498,-0.013632693308894162,0.0832232502106518,0.03243099406368124,NotLabeled
2024-01-03 00:00:00+05:30,120.50925809755479,120.80461941561832,116.86640841577366,117.2602310180664,30459539,109.1425968170166,126.84973951195028,91.43545412208292,7.254725374534573,6.537458438190515,0.7172669363440578,65.67754642216202,-0.03170735026382843,0.03161544342353695,0.03391679391361003,NotLabeled
2024-01-04 00:00:00+05:30,117.40791459167822,118.83551306427707,116.42336184877107,116.81718444824219,21439561,110.0926902770996,127.27203664273435,92.91334391146486,6.892912029829347,6.608549156518282,0.284362873311065,58.89146376884995,-0.003778319094015381,-0.034188055213937196,0.034046183213913214,NotLabeled
2024-01-05 00:00:00+05:30,117.65406054066608,118.88475155050568,113.91275686613696,115.14344787597656,22784093,110.97878799438476,127.20816204204029,94.74941394672923,6.397370884710568,6.566313502156739,-0.168942617446171,56.179777041835735,-0.014327828394179454,-0.05418520459651466,0.03388882926475639,NotLabeled
2024-01-08 00:00:00+05:30,115.29112895632974,115.78340534599089,112.23901684273902,112.53438568115234,21830246,111.77627601623536,126.52771116055837,97.02484087191235,5.728091568751637,6.39866911547572,-0.6705775467240827,48.66745121434584,-0.022659232834806975,-0.08340010482098215,0.03446777704031834,NotLabeled
2024-01-09 00:00:00+05:30,113.42047346244192,114.79884881070402,111.99287498374912,112.43592071533203,16993314,112.43592567443848,125.9560513226788,98.91580002619816,5.130595280413502,6.145054348463277,-1.0144590680497751,54.05404381141433,-0.0008749767035588496,-0.07154476287701406,0.034329065094050835,NotLabeled
2024-01-10 00:00:00+05:30,112.2390208008921,113.86353444637128,110.46682273099812,113.2728042602539,20963866,113.17680206298829,124.98700635732241,101.36659776865416,4.670763026405439,5.850196084051709,-1.1794330576462704,67.54250982470043,0.007443204445674478,-0.034004936909924344,0.034031185364161866,NotLabeled
2024-01-11 00:00:00+05:30,114.15888579793291,114.74962344391903,111.25445825517966,111.74673461914062,16565652,113.6813850402832,124.21191425624686,103.15085582431955,4.135529773103428,5.507262821862054,-1.3717330487586255,57.867114488197004,-0.013472515764746174,-0.043404999470331496,0.03417271410495904,NotLabeled
2024-01-12 00:00:00+05:30,112.23901544822891,114.55271294858147,111.8944234820558,113.12511444091797,19498240,113.87583465576172,124.20239803214022,103.54927127938322,3.7790151613065603,5.161613289750956,-1.3825981284443953,54.09522375678783,0.012334855479000595,-0.017528860497842524,0.03368843641776286,NotLabeled
2024-01-15 00:00:00+05:30,114.20811963209883,114.50348846335012,112.0421065747273,112.87897491455078,16054366,114.03336296081542,124.18823073759847,103.87849518403237,3.436993834732064,4.816689398747178,-1.3796955640151136,52.14007453595937,-0.002175816816483711,0.0030620794818640995,0.02977129511658336,NotLabeled
2024-01-16 00:00:00+05:30,113.27280514873503,118.09710796615235,112.23902168126452,117.70329284667969,63560474,114.23519706726074,124.51901676472866,103.95137736979282,3.5147062619477225,4.556292771387287,-1.0415865094395649,57.14287257159396,0.04273885314586634,0.04684776980377747,0.031073699542250078,NotLabeled
2024-01-17 00:00:00+05:30,116.0295463471164,116.0295463471164,110.76219035265409,111.35292053222656,59898451,114.33611373901367,124.45574923702934,104.216478240998,3.0289560272805716,4.250825422565944,-1.2218693952853723,32.43246639481116,-0.05395237601997349,-0.016949202772593597,0.03258351677200226,NotLabeled
2024-01-18 00:00:00+05:30,111.35291881118182,112.28824846662862,105.83942470115112,111.30369567871094,39166751,114.7963924407959,123.27699987306235,106.31578500852945,2.6099376952548567,3.922647877103727,-1.3127101818488702,30.370409062639283,-0.00044206162963977835,-0.0039646701260638295,0.03142405796549619,NotLabeled
2024-01-19 00:00:00+05:30,112.53438607177371,113.07588559535563,111.74674084096524,112.33747100830078,14431734,115.04745330810547,122.86721940740591,107.22768720880504,2.334370507620733,3.6049924032071283,-1.2706218955863955,30.370409062639283,0.009287879645739183,-0.006962586835910334,0.02737182474655617,NotLabeled
2024-01-23 00:00:00+05:30,113.12511713882212,113.12511713882212,106.33170138157953,107.11934661865234,29014770,114.85300407409667,123.26653556566669,106.43947258252666,1.6756071414098272,3.219115350847668,-1.543508209437841,26.79742699968827,-0.04645043495115586,-0.051024810424248335,0.027418700710540492,NotLabeled
2024-01-24 00:00:00+05:30,108.15312512030565,113.71585002195647,107.31625673067754,113.2728042602539,37267385,114.92684593200684,123.25287596800854,106.60081589600514,1.6312608727238285,2.9015444552229006,-1.2702835824990721,43.85435103574363,0.0574448765404445,-0.03764116091634695,0.029252600216530533,NotLabeled
2024-01-25 00:00:00+05:30,114.10966522280722,118.09709935322512,112.23901349557273,117.2602310180664,62850007,115.10652694702148,123.47305140412121,106.74000248992175,1.8960121030349342,2.7004379847853075,-0.8044258817503733,50.615591507845664,0.03520197794919122,0.05305034172076528,0.0301568171737947,NotLabeled
2024-01-29 00:00:00+05:30,118.63860900013947,119.77084619000098,116.177227070676,118.5893783569336,45734036,114.9883804321289,123.06918149680334,106.90757936745447,2.1878601526409227,2.597922418356431,-0.4100622657155082,54.83424335178486,0.011335022345831947,0.06545768883769587,0.030054109970701962,NotLabeled
2024-01-30 00:00:00+05:30,119.82007333843059,122.92141617583015,118.78629740032525,119.32779693603516,54176726,114.86777267456054,122.58825512371897,107.14729022540212,2.450488338526739,2.5684356023904926,-0.11794726386375354,60.0582921103,0.006226683952074152,0.0622261286905581,0.026569923374744814,NotLabeled
2024-01-31 00:00:00+05:30,119.62316660978357,122.37991748688914,118.8355213558843,120.60771942138672,28514173,114.75947227478028,122.06247919207917,107.45646535748139,2.7304274477983483,2.600833971472064,0.12959347632628448,61.69014385800701,0.010726105050256285,0.1259191101188597,0.026639824678776885,NotLabeled
2024-02-01 00:00:00+05:30,121.59226422261716,121.59226422261716,116.8664080336398,117.45714569091797,23393545,114.57733001708985,121.37899889504868,107.77566113913102,2.667309159494579,2.614129009076567,0.05318015041801161,55.61425210320765,-0.026122488225327256,0.03694038880727435,0.027147222998375346,NotLabeled
2024-02-02 00:00:00+05:30,118.6386154510518,127.64726779349564,117.94943147794463,126.31813049316406,115557246,115.03022499084473,123.56860871116768,106.49184127052177,3.2943200100398258,2.750167209269219,0.5441528007706067,66.33554835348039,0.07544015095993628,0.0772461336333381,0.031764486275432074,NotLabeled
2024-02-05 00:00:00+05:30,127.99185882158167,136.26209599774302,127.99185882158167,133.20999145507812,130644925,115.84986534118653,127.63896344652383,104.06076723584923,4.297803801473933,3.059694527710162,1.2381092737637704,70.03928897714839,0.05455955479239005,0.12328771177245734,0.03268612691244125,NotLabeled
2024-02-06 00:00:00+05:30,135.12986590198634,144.43388645127703,131.733161894859,143.25242614746094,121450085,117.25531425476075,134.2448716808299,100.2657568286916,5.836137131460248,3.6149830484601795,2.2211540830000684,75.34921552024832,0.07538799892325931,0.20049502149319332,0.0358428342080331,NotLabeled
2024-02-07 00:00:00+05:30,146.10761805631913,147.68290842205397,140.4464399001404,141.2340850830078,100793018,118.69029922485352,138.59837581297916,98.78222263672788,6.813868092758568,4.254760057319857,2.559108035438711,70.60343012399622,-0.014089402314034771,0.17102027764537553,0.0358346584651175,NotLabeled
2024-02-08 00:00:00+05:30,142.02174061902727,143.64624672086077,135.86828565286493,136.90206909179688,34821242,119.91360664367676,141.16496637310723,98.66224691424627,7.156671780029512,4.835142401861789,2.3215293781677238,73.19036025901798,-0.030672595702835315,0.16554908844837035,0.036244345437847436,NotLabeled
2024-02-09 00:00:00+05:30,137.0989815942347,137.44358109401034,127.45036085444016,131.58547973632812,53110476,120.82924041748046,142.45067734427317,99.20780349068774,6.919577264149936,5.252029374319418,1.6675478898305176,66.8026108772055,-0.03883498175548994,0.041699075363129445,0.03772967723268758,NotLabeled
2024-02-12 00:00:00+05:30,132.17620806101627,133.89917539142056,119.13088398795506,120.85385131835938,54452795,121.2845962524414,142.48004142149134,100.08915108339146,5.798879552963001,5.3613994100481355,0.4374801429148656,56.0787064290277,-0.08155632703146931,-0.09275685706267434,0.04251269801802357,NotLabeled
2024-02-13 00:00:00+05:30,118.195561589919,119.77084450024282,114.5034887478125,116.029541015625,65167883,121.42981758117676,142.4287620810444,100.43087308130912,4.469910671866671,5.1831016624118424,-0.7131909905451712,56.39575351718607,-0.03991854831358188,-0.19003437403435874,0.04343621913904646,NotLabeled
2024-02-14 00:00:00+05:30,115.29112624075232,121.78917292891543,114.20811971131538,121.0507583618164,44986596,121.83840675354004,142.45126582825824,101.22554767882184,3.7783095342723527,4.902143236783945,-1.1238337025115923,55.675278110182354,0.04327533576570142,-0.1429069102499515,0.044296006961275114,NotLabeled
2024-02-15 00:00:00+05:30,122.08455055798025,124.93975525882205,121.34613593766989,123.8075180053711,41215523,122.14361801147462,142.67929920670363,101.60793681624561,3.413311582830758,4.604376905993307,-1.1910653231625492,54.86467372289602,0.02277358424566689,-0.09564903710582706,0.04445182147505392,NotLabeled
2024-02-16 00:00:00+05:30,125.13665498265327,129.37022736703707,125.0382012084195,125.48124694824219,52165364,122.85003433227538,142.7860509047077,102.91401775984305,3.2219632279094697,4.32789417037654,-1.1059309424670705,55.09461284470644,0.013518798937544929,-0.04638986611834106,0.04367348074147216,NotLabeled
2024-02-19 00:00:00+05:30,126.61349934537681,128.38568241248558,123.85674842986423,126.31813049316406,29556961,123.60075607299805,142.82410090887763,104.37741123711848,3.1020888368633877,4.08273310367391,-0.980644266810522,55.159888705886615,0.006669391365444977,0.04521394324795169,0.04160894052860497,NotLabeled
2024-02-20 00:00:00+05:30,128.00501111017724,130.3864936325326,125.32583948725332,129.3446044921875,35081976,124.45111274719238,143.07180729850418,105.83041819588058,3.21424683996176,3.90903585093148,-0.6947890109697203,56.28699403264232,0.023959141789129168,0.11475580580612177,0.041735765165435694,NotLabeled
2024-02-21 00:00:00+05:30,129.64228109428936,133.16490271711328,128.00501371943304,129.1957550048828,78653013,125.5549331665039,142.38048944341236,108.72937688959544,3.253616292519254,3.7779519392490353,-0.5243356467297811,58.82840125458762,-0.001150797807833448,0.06728579608498864,0.04178189336803953,NotLabeled
2024-02-22 00:00:00+05:30,130.4857320884774,131.1803299154818,124.6808550267879,128.30270385742188,59343469,126.30642814636231,142.13529280848005,110.47756348424457,3.1761425094831424,3.657590053295857,-0.4814475438127146,51.69580651630093,-0.006912387697468714,0.036307858557149686,0.04008510886226649,NotLabeled
2024-02-23 00:00:00+05:30,129.39420838295337,130.2872756961042,126.11966608747571,127.01272583007812,23535334,126.79405288696289,142.03966422797993,111.54844154594583,2.976344090285167,3.5213408606937193,-0.5449967704085523,44.14382848596949,-0.010054176479221022,0.012204842708230634,0.038722488760774255,NotLabeled
2024-02-26 00:00:00+05:30,127.01272831209408,127.01272831209408,122.79550881735659,123.24203491210938,23550719,127.02668571472168,141.88215747938133,112.17121395006204,2.485092559391404,3.3140912004332566,-0.8289986410418524,28.548275177294755,-0.029687504880521187,-0.024351972033192504,0.03887943384853405,NotLabeled
2024-02-27 00:00:00+05:30,123.53972108734851,125.3258405650235,123.24203198421988,124.38316345214844,17548565,127.27945404052734,141.75041539084157,112.8084926902131,2.162918935139956,3.083856747374597,-0.9209378122346408,31.58904674133686,0.009259247795225578,-0.038358314670471905,0.03886005540493728,NotLabeled
2024-02-28 00:00:00+05:30,124.53201203081888,125.72275334074271,120.21556531915918,120.8109359741211,22958071,127.28961486816407,141.74112398411302,112.83810575221511,1.6008910382896033,2.787263605557598,-1.1863725672679948,32.122360499370956,-0.028719541929013714,-0.06490011247230854,0.039458183815502396,NotLabeled
2024-02-29 00:00:00+05:30,120.41401942178032,122.84512698259265,119.52095965598292,120.26517486572266,48476583,127.4300163269043,141.52958784367678,113.33044481013181,1.098775520277755,2.4495659885016297,-1.3507904682238747,35.93145874779718,-0.0045174810044956715,-0.06264504761046219,0.03941680556618524,NotLabeled
2024-03-01 00:00:00+05:30,122.05129718063469,134.70295603472488,122.05129718063469,131.9741668701172,140528760,127.71281814575195,141.94475837092304,113.48087792058088,1.6269091572825403,2.285034622257812,-0.6581254649752717,63.49223657794784,0.09735978862931649,0.039062550682335884,0.044156474824121175,NotLabeled
2024-03-04 00:00:00+05:30,137.1340472868992,143.88160127128933,131.97415840745848,140.55743408203125,122158785,128.0801902770996,143.25752504569752,112.90285550850169,2.7068538737519816,2.369398472556646,0.33745540119533546,77.27199619692517,0.06503747979982566,0.14049913393811164,0.04339597760061723,NotLabeled
2024-03-05 00:00:00+05:30,140.2101477239706,141.54972600901695,137.6798129974202,139.16824340820312,46101452,127.87598114013672,142.28419322996388,113.46776905030956,3.4112984397545745,2.577778465996232,0.8335199737583423,71.91437769662213,-0.009883437919173788,0.11886721277789869,0.0420468726283571,NotLabeled
2024-03-06 00:00:00+05:30,138.7217084439425,140.9047365452983,132.1726089987789,137.9774932861328,60977883,127.71315155029296,141.5479290209811,113.87837407960484,3.829349888397658,2.828092750476517,1.001257137921141,67.81446886843904,-0.008556191361686172,0.1420943987694041,0.03866698686711135,NotLabeled
2024-03-07 00:00:00+05:30,138.42402621854254,142.14510219215927,137.28290230973883,137.87826538085938,69331029,127.7619613647461,141.7393924745972,113.784530254895,4.105328143313898,3.0835398290439935,1.0217883142699042,66.22796259573576,-0.0007191600811855547,0.14645212576959143,0.038551988808193625,NotLabeled
2024-03-11 00:00:00+05:30,138.67209005071302,139.51553994645812,132.47029711463463,133.26412963867188,36011903,127.84589385986328,141.93967320244482,113.75211451728174,3.9066868519961133,3.2481692336344175,0.6585176183616959,58.27422304138084,-0.0334652871461788,0.009774358112252468,0.038666122865176164,NotLabeled
2024-03-12 00:00:00+05:30,133.51220182148714,134.2564169764106,127.50886321021872,128.7492218017578,33809481,128.24066238403321,141.94678798701543,114.53453678105099,3.3463719746343656,3.267809781834407,0.07856219279995846,49.31505622932126,-0.03387939312068178,-0.08400987366759982,0.038435394367676005,NotLabeled
2024-03-13 00:00:00+05:30,128.99729956705917,129.4438256527258,116.44486851815489,117.78445434570312,54001247,128.32840805053712,141.72433626842624,114.932479832648,1.9945612397553134,3.0131600734185886,-1.0185988336632752,39.48811245350234,-0.08516375712886048,-0.15365422842751464,0.03882263493858846,NotLabeled
2024-03-14 00:00:00+05:30,118.18136850285963,122.54743238535438,117.68522505190678,120.56285858154297,34792279,128.30401306152345,141.75739778252336,114.85062834052354,1.1343593068571778,2.6373999201063065,-1.5030406132491287,43.109532859885135,0.023588887440825435,-0.12621358954881134,0.0380657313122423,NotLabeled
2024-03-15 00:00:00+05:30,120.16594375786602,123.44049360191954,117.6356166697777,120.76131439208984,38312218,128.15170288085938,141.88548205752375,114.41792370419499,0.4633159846944892,2.202583133023943,-1.739267148329454,44.324319082454046,0.0016460775141013961,-0.12414538971380007,0.03690291150538669,NotLabeled
2024-03-18 00:00:00+05:30,121.05900069285444,125.62351887699998,120.51323987462641,124.97853088378906,31290052,128.1265670776367,141.88274715643402,114.37038699883941,0.2687059682673265,1.8158077000726198,-1.5471017318052933,51.56389138689598,0.0349219161196499,-0.06217426082583599,0.03736142904557185,NotLabeled
2024-03-19 00:00:00+05:30,125.77236894219553,126.51658414303692,121.10862337847553,121.60476684570312,26647871,127.89089889526367,141.93599149957853,113.84580629094881,-0.15596061708009756,1.4214540366420765,-1.577414653722174,47.59450630341468,-0.026994748731868357,-0.055491247683464806,0.03773263940336663,NotLabeled
2024-03-20 00:00:00+05:30,122.64666405797178,124.63123793454267,119.12404996938756,122.69628143310547,23242684,127.55848274230956,141.77239553664555,113.34456994797358,-0.39982688504294117,1.0571978523050731,-1.4570247373480143,51.70556662004672,0.00897591941265996,0.04170182826492441,0.037758884024860564,NotLabeled
2024-03-21 00:00:00+05:30,126.36774511405271,131.08111582935044,126.02044618591782,128.00502014160156,82318813,127.4989459991455,141.69394584605334,113.30394615223769,-0.16284464091677364,0.8131893536607038,-0.9760339945774774,56.446289845741774,0.04326731541078077,0.06172847631200673,0.03861504565671703,NotLabeled
2024-03-22 00:00:00+05:30,126.91349818299865,131.08110777622161,125.22660588197446,128.99729919433594,35650313,127.5336757659912,141.7403495911143,113.3270019408681,0.1038371516043668,0.6713189132494364,-0.5674817616450696,46.981881885412626,0.007751876072022101,0.06820052302101787,0.03864824543260735,NotLabeled
2024-03-26 00:00:00+05:30,128.00501670638704,131.4780210356301,127.36003624453795,129.59268188476562,27547560,127.66267356872558,141.89625742243723,113.42908971501393,0.35908746405145564,0.6088726234098403,-0.24978515935838463,36.734711207596774,0.004615466324862538,0.03691954904852435,0.03861759814910964,NotLabeled
2024-03-27 00:00:00+05:30,129.98958634693955,133.85949927334866,129.98958634693955,132.619140625,34505131,128.13152885437012,142.36975637004124,113.89330133869899,0.7964046457987877,0.6463790278876298,0.15002561791115787,42.37873869778608,0.023353623802040868,0.09057518109690843,0.03881924999574361,NotLabeled
2024-03-28 00:00:00+05:30,133.76028416728778,135.64562331978232,132.1230016117135,133.2145233154297,32144564,128.57309684753417,142.86951360061138,114.27668009445696,1.1774511464521993,0.7525934516005437,0.4248576948516556,44.37939759478709,0.004489417497533177,0.0857258407465169,0.0381001702843138,NotLabeled
2024-04-01 00:00:00+05:30,134.55411139162683,140.1109090169766,134.55411139162683,139.6643829345703,44340181,129.51576919555663,144.1397123560698,114.89182603504347,1.9770923214659035,0.9974932255736157,0.9795990958922878,51.8329957716841,0.04841709040889208,0.09108519947163751,0.0392896008606144,NotLabeled
2024-04-02 00:00:00+05:30,139.66438214859016,149.48801647063138,138.47364088850887,146.70962524414062,109998430,130.83799171447754,146.67215452778822,115.00382890116684,3.1430744824655505,1.4266094769520028,1.7164650055135477,63.14259191092026,0.050444087186286124,0.13730772783948653,0.03956210340254763,NotLabeled
2024-04-03 00:00:00+05:30,145.86617403359713,152.11758452039916,145.12195885995632,147.05691528320312,84535270,131.59212913513184,149.01148621283068,114.17277205743301,4.048478805653019,1.9509833426922063,2.097495462960813,69.48258845743024,0.002367193280499391,0.13476249695925557,0.039463903650703715,NotLabeled
2024-04-04 00:00:00+05:30,148.54535591088532,148.84304502916316,142.64125148628136,144.82427978515625,39242074,131.8054714202881,149.78273380875572,113.82820903182044,4.533602679466782,2.4675072100471214,2.0660954694196603,85.3437519446142,-0.015182118391013799,0.09203150542701866,0.034371830447253636,NotLabeled
2024-04-05 00:00:00+05:30,143.7823659192396,146.36231791865103,141.89702686350574,145.0723419189453,27927587,132.1006763458252,150.76767986424326,113.43367282740716,4.881808931110669,2.950367554259831,1.931441376850838,84.30559539326781,0.001712849075839129,0.08901295675876342,0.03149920846569802,NotLabeled
2024-04-08 00:00:00+05:30,146.16387204168717,147.25537861157602,144.17929812432848,145.1715850830078,17159687,132.46038093566895,151.8668083935515,113.0539534777864,5.106903780316884,3.3816747994712415,1.7252289808456425,84.2618854203098,0.0006840943128769705,0.039431686395073884,0.03138430714201482,NotLabeled
2024-04-09 00:00:00+05:30,145.81656088316814,152.26642590816996,143.68315004672166,150.18263244628906,73641695,133.07559928894042,153.93124162038268,112.21995695749817,5.624803479981608,3.830300535573315,1.7945029444082934,84.60495144174727,0.03451810049753168,0.023672660852135596,0.03202731985024891,NotLabeled
2024-04-10 00:00:00+05:30,151.81990471855983,154.30062211592193,151.37337861525415,151.86952209472656,60992105,134.00586891174316,156.4929065361911,111.51883128729523,6.101031723981947,4.284446773255041,1.8165849507269058,93.57145461886667,0.011232255161333526,0.03272615097532339,0.032035370580319,NotLabeled
2024-04-12 00:00:00+05:30,151.96873583656256,155.39213782558008,150.33146847397776,154.1517791748047,73596074,135.2759967803955,159.32803884610092,111.22395471469007,6.586677987361867,4.744893016076407,1.8417849712854597,93.78455535196306,0.015027749140177127,0.06440563283646616,0.030841263577846563,NotLabeled
2024-04-15 00:00:00+05:30,151.72067052663888,156.18596185838416,145.3700400223735,149.88494873046875,89754583,136.8810214996338,160.29412529404448,113.46791770522312,6.5517342780701995,5.106261268475166,1.4454730095950339,81.36560124349194,-0.02767941094924009,0.03317384104967669,0.03045339431276354,NotLabeled
2024-04-16 00:00:00+05:30,148.34689185218497,151.2741351849285,147.25537020352292,148.1484375,30401301,138.26030044555665,160.8618737639082,115.6587271272051,6.311167977156771,5.347242610211487,0.9639253669452836,76.88022976147897,-0.011585627811044885,0.020505751282456908,0.02240154680875706,NotLabeled
2024-04-18 00:00:00+05:30,148.84304027993556,150.43070543269368,142.88931866873813,143.6831512451172,31187482,139.406392288208,160.54936459763616,118.26341997877984,5.694562792551267,5.416706646679444,0.27785614587182295,67.83920025129308,-0.03014062335205403,-0.043277182556354044,0.023933849127614596,NotLabeled
2024-04-19 00:00:00+05:30,141.79779480785334,146.3623206961727,139.71400136056593,144.9235076904297,34742999,140.40364112854004,160.53873928041799,120.26854297666212,5.245518073269267,5.382468931997409,-0.1369508587281425,66.31580566042088,0.008632581026821295,-0.04573672392255501,0.023879987042432497,NotLabeled
2024-04-22 00:00:00+05:30,147.10653411398562,149.93455785828166,145.9654102262011,147.25537109375,27095176,141.6861713409424,159.96129793900397,123.41104474288082,5.019942019700466,5.309963549538021,-0.29002152983755547,67.79874048389898,0.016090304744081907,-0.04473777803909951,0.02320151774066325,NotLabeled
2024-04-23 00:00:00+05:30,148.54534891913286,151.77028140963984,147.2553728947107,151.07568359375,39973475,143.10514144897462,159.4802425486459,126.73004034930337,5.090755601437735,5.266121959917964,-0.17536635848022897,65.49866100535058,0.025943450969729387,0.00794432578699067,0.02204543380451035,NotLabeled
2024-04-24 00:00:00+05:30,151.9191335817383,164.6700114252324,150.38108582677683,163.38003540039062,176471110,144.87389221191407,162.00602129047934,127.7417631333488,6.069765752884848,5.426850718511341,0.642915034373507,69.81132212330068,0.0814449520528242,0.10281308502082998,0.026910957413344233,NotLabeled
2024-04-25 00:00:00+05:30,163.52888213947782,165.95998198639558,161.04816491995024,163.67771911621094,59808767,146.6079132080078,163.99243685305674,129.22338956295886,6.791372227754891,5.699755020360051,1.0916172073948402,69.77568598288842,0.001822032386581407,0.1391573590767361,0.0261719967102826,NotLabeled
2024-04-26 00:00:00+05:30,164.12425648598216,169.18492601863844,162.38775431277034,167.24996948242188,91168616,148.49077758789062,166.26850298278328,130.71305219299796,7.564304711892021,6.072664958666445,1.4916397532255754,75.85812542182266,0.02182490314197638,0.1540568686736703,0.02623537055115074,NotLabeled
2024-04-29 00:00:00+05:30,168.58953901592164,168.8872281154871,163.08235880889544,163.5288848876953,30478737,150.0362648010254,167.37311886996355,132.69941073208724,7.7868370356464425,6.4154993740624455,1.371337661583997,69.70338582713079,-0.022248641397316637,0.11051219166453907,0.0272864291672517,NotLabeled
2024-04-30 00:00:00+05:30,164.5211672571193,167.39879314437087,161.7923783449994,162.93350219726562,40651688,151.5222137451172,167.85363504752283,135.19079244271157,7.824951923275677,6.697389883905092,1.1275620393705852,68.76307440754337,-0.003640841132369843,0.07848925996192668,0.02733511303170092,NotLabeled
2024-05-02 00:00:00+05:30,164.12425652532977,166.9522804073917,162.33815211676156,164.1738739013672,44264557,152.74768829345703,169.01077775297455,136.48459883393951,7.864587803958784,6.93082946791583,0.9337583360429544,66.05920747978348,0.007612748068226205,0.004858846425336738,0.027310981738314186,NotLabeled
2024-05-03 00:00:00+05:30,165.81115198652128,169.63144758068307,163.3304346626122,166.6545867919922,71734933,153.74493637084962,170.8721502964498,136.61772244524943,8.003908250994442,7.145445224531553,0.8584630264628892,66.66664373245963,0.015110278095255003,0.01818737267268289,0.025921378956496207,NotLabeled
2024-05-06 00:00:00+05:30,167.20035245087635,167.5476589426732,157.07902850580834,161.64353942871094,44387249,154.474267578125,171.6445708525933,137.3039643036567,7.622108147743631,7.240777809173969,0.38133033856966225,57.95573127653369,-0.03006846351931336,-0.0335212620430414,0.025396847335501984,NotLabeled
2024-05-07 00:00:00+05:30,161.7427741349297,161.7427741349297,154.05255021133644,154.9456024169922,33767901,154.9803337097168,171.53880794394613,138.42185947548748,6.701807015797527,7.132983650498681,-0.43117663470115364,55.11020716327301,-0.04143646591376893,-0.05248786767302771,0.02734199225841742,NotLabeled
2024-05-08 00:00:00+05:30,154.79676587908415,160.651252891149,153.9037136708361,159.11322021484375,26121298,155.68237762451173,171.65224869118316,139.7125065578403,6.2368590357162645,6.953758727542198,-0.7168996918259332,60.55396771777285,0.026897296424299943,-0.023446878210453104,0.027496538810156287,NotLabeled
2024-05-09 00:00:00+05:30,159.75820039011853,160.00627212985472,150.92685251194845,151.86952209472656,20993230,156.01727447509765,171.32632032792495,140.70822862227035,5.223663371817452,6.607739656397249,-1.3840762845797974,57.47959813028868,-0.04552543220692995,-0.07494707601303763,0.029616162449622743,NotLabeled
2024-05-10 00:00:00+05:30,153.7548627751504,156.7317236813144,150.52993012680608,155.6898193359375,18485806,156.2926338195801,171.3559418177785,141.22932582138168,4.675073234194798,6.221206371956759,-1.5461331377619612,59.39393132499803,0.025155127826293366,-0.06579337339055791,0.03001590113323198,NotLabeled
2024-05-13 00:00:00+05:30,156.13635793702997,156.6325014129772,149.83532973606134,155.8386688232422,20953744,156.49109115600587,171.41295704667314,141.5692252653386,4.203862991635049,5.817737695892418,-1.613874704257369,57.78578465744429,0.0009560643588615303,-0.03591155344645769,0.029178188018452907,NotLabeled
2024-05-14 00:00:00+05:30,156.78133343564554,165.36460924134818,156.78133343564554,163.38003540039062,39072871,156.95250396728517,172.13817605430697,141.76683188026337,4.388364403286602,5.531863037371254,-1.1434986340846525,60.45530029727885,0.04839213934573672,0.05443480067733408,0.030835414366594056,NotLabeled
2024-05-15 00:00:00+05:30,163.7273357914901,167.39879423253458,163.7273357914901,165.1165313720703,24990811,157.71408309936524,172.93507259234988,142.4930936063806,4.621430835759696,5.349776597048942,-0.7283457612892459,51.798553419579434,0.010628568952284256,0.0377298074234218,0.030771145158365064,NotLabeled
2024-05-16 00:00:00+05:30,167.15073261606798,167.44842172735827,160.35357613727498,162.33815002441406,20715081,158.42356872558594,173.0795249249556,143.76761252621628,4.529729604570747,5.185767198553303,-0.656037593982556,48.68037033206747,-0.016826790900757893,0.06893172366182743,0.030304982620388308,NotLabeled
2024-05-17 00:00:00+05:30,162.735060054171,167.6964948119201,162.735060054171,165.61268615722656,24968544,159.5200454711914,172.74398130089912,146.29610964148367,4.66747961802804,5.08210968244825,-0.41463006442021033,48.377570951502676,0.020171081981161132,0.0637348470414636,0.030268112278929334,NotLabeled
2024-05-21 00:00:00+05:30,168.83761651053484,173.74944896844056,165.16615786671312,173.00523376464844,66484390,160.92413177490235,173.57329647038188,148.27496707942282,5.3119316642857655,5.128074078815754,0.18385758547001174,58.75344687707722,0.04463756840707034,0.1101560034555813,0.03023300193799144,NotLabeled
2024-05-22 00:00:00+05:30,173.65021323040338,173.99751971330298,165.81115251815538,167.74610900878906,53954827,161.94866867065429,173.17567870894462,150.72165863236395,5.336778082803306,5.169814879613265,0.16696320319004165,54.092841086960306,-0.03039864541331594,0.026723421853218632,0.03145210115086123,NotLabeled
2024-05-23 00:00:00+05:30,167.44841033253434,168.6391515555687,165.21576486143388,167.99417114257812,24560357,162.7945930480957,173.0823667626392,152.5068193335522,5.315215098493354,5.1988949233892825,0.11632017510407167,53.30471683793006,0.0014787951580805814,0.017427932543128577,0.03141309777213998,NotLabeled
2024-05-24 00:00:00+05:30,166.10881843886017,171.1694876071626,166.10881843886017,168.192626953125,29513626,163.03522262573242,173.60200118603925,152.4684440654256,5.253580003382552,5.209831939387937,0.04374806399461573,51.38516210864227,0.0011813255733643668,0.03606346954077333,0.03112033212021714,NotLabeled
2024-05-27 00:00:00+05:30,169.18491945391753,169.9787520162315,164.71962832463527,165.36460876464844,22933660,163.11956710815429,173.73475782847538,152.5043763878332,4.9198236488345515,5.15183028127726,-0.23200663244270814,53.48836810105201,-0.01681416266400737,-0.0014979371347350057,0.026130095708872036,NotLabeled
2024-05-28 00:00:00+05:30,166.20805383158168,167.8949385138919,160.30394987294775,161.1473846435547,26336009,162.81443786621094,173.27949757083402,152.34937816158785,4.265850522091938,4.974634329440196,-0.708783807348258,56.09755365739201,-0.02550257973939163,-0.0685404069175436,0.026754767960939684,NotLabeled
2024-05-29 00:00:00+05:30,160.9489302940646,164.42193440397824,159.36128035704758,161.1473846435547,22527881,162.69536285400392,173.18037028749092,152.21035542051692,3.704864733081706,4.720680410168498,-1.0158156770867919,52.17850999597018,0.0,-0.03933757035692931,0.026267708432453355,NotLabeled
2024-05-30 00:00:00+05:30,160.2543401703026,160.99855537233188,155.49135984909586,156.53326416015625,19706386,162.37535095214844,173.21445808959191,151.53624381470496,2.855047284519628,4.347553785038724,-1.492506500519096,55.29279259778253,-0.028632921927988497,-0.06822205142281335,0.026555944758175902,NotLabeled
2024-05-31 00:00:00+05:30,158.76591149940853,160.00627018299764,155.5409789220768,157.27748107910156,23260857,162.03053131103516,173.06574039303456,150.99532222903576,2.2160674732313623,3.921256522677252,-1.70518904944589,51.93705163944467,0.00475436913002647,-0.06489669655415675,0.02658913284834295,NotLabeled
2024-06-03 00:00:00+05:30,166.70420771985545,166.70420771985545,161.8916099524564,165.0669403076172,33154820,161.9511489868164,172.86851416906222,151.0337838045706,2.3115692977363267,3.599319077689067,-1.2877497799527404,59.489808855631836,0.049526856451865386,-0.0018000735420654612,0.028778140987437088,NotLabeled
2024-06-04 00:00:00+05:30,163.6281014236938,163.6281014236938,123.83740638492341,132.02377319335938,114541715,160.47016067504882,177.7470620031693,143.19325934692833,-0.2758721685067087,2.824280828449912,-3.100152996956621,28.84872466382778,-0.20018040591701092,-0.18072655361186563,0.052192399348873854,NotLabeled
2024-06-05 00:00:00+05:30,137.63019652067393,146.31270730692353,127.06234659156334,144.4273681640625,61202268,159.94424896240236,178.52070578079469,141.36779214401002,-1.3104654886295748,1.9973315650340147,-3.3077970536635894,37.7998929970665,0.09394970822820725,-0.10375605236458252,0.05659160221043116,NotLabeled
2024-06-06 00:00:00+05:30,143.8815982320163,150.62915207387493,143.18700044118444,145.76693725585938,57006811,159.2769348144531,178.90801622634055,139.64585340256568,-1.9992500085981249,1.198015250307587,-3.197265258905712,40.059510526468976,0.009275036364819744,-0.06877980192939281,0.05597923775748472,NotLabeled
2024-06-07 00:00:00+05:30,145.81655610435826,152.66334476039947,144.47697788157154,151.5718231201172,41207266,159.26204986572264,178.91721658669385,139.60688314475144,-2.0530447059136065,0.5478032590633481,-2.6008479649769547,41.82553382920024,0.03982306257878432,-0.03627765348120471,0.056374215405842,NotLabeled
2024-06-10 00:00:00+05:30,151.42298935829865,151.81989806805095,148.89265469561178,149.43841552734375,23373558,158.94947967529296,179.03789192879148,138.86106742179444,-2.2419813883516895,-0.010153670419659366,-2.2318277179320303,35.38461189057955,-0.014075225519209922,-0.09467992046831586,0.055534348404189623,NotLabeled
2024-06-11 00:00:00+05:30,149.954397530374,151.81990182275896,148.34689753269586,149.84524536132812,20500708,158.64980850219726,179.10900712653282,138.1906098778617,-2.332005396230585,-0.4745240155818445,-1.8574813806487405,38.1875249333985,0.0027223912442375653,0.13498684166424924,0.05525818061061152,NotLabeled
2024-06-12 00:00:00+05:30,150.13301705294774,151.47259533731383,149.38880184793422,149.84524536132812,19275571,157.97306900024415,178.66751319840185,137.27862480208645,-2.3759614662641297,-0.8548115057183016,-1.521149960545828,37.984496124031004,0.0,0.03751281537659246,0.055257544129505495,NotLabeled
2024-06-13 00:00:00+05:30,150.6291518319498,151.34359959882832,147.85074553198848,148.47589111328125,17125245,157.1410369873047,177.9638831749518,136.31819079965757,-2.4925597350375597,-1.1823611515821533,-1.3101985834554064,37.14581648829495,-0.009138456443812393,0.018584144720465323,0.05413859845116788,NotLabeled
2024-06-14 00:00:00+05:30,148.54534253969018,152.71294439714376,146.62030357468495,152.44503784179688,30233323,156.64638137817383,177.41936801975982,135.87339473658784,-2.2388793264168214,-1.393664786549087,-0.8452145398677344,41.70066494896191,0.026732600819936003,0.005761062338002443,0.05445472513975787,NotLabeled
2024-06-18 00:00:00+05:30,153.19918258317142,153.9433978004239,151.32376084133904,152.22674560546875,18708072,155.97708435058593,176.39320293269714,135.56096576847472,-2.0320262008920906,-1.5213370694176878,-0.5106891314744029,43.959156993535125,-0.0014319405827736276,0.018658723516877807,0.054352249148807874,NotLabeled
2024-06-19 00:00:00+05:30,152.8618091031002,152.8618091031002,148.3469004102218,148.79342651367188,18855153,154.7664939880371,173.752480522358,135.78050745371618,-2.120687797038613,-1.6412072149418728,-0.47948058209674027,42.00591438459298,-0.022553980761666703,-0.00701936751559884,0.05429932481127443,NotLabeled
2024-06-20 00:00:00+05:30,149.33917792938934,153.10987116446364,149.33917792938934,152.84194946289062,28456396,154.0212860107422,172.0057721274548,136.03679989402957,-1.843025532577144,-1.6815708784689272,-0.1614546541082169,47.59378522329455,0.027209017522334955,0.01999865991300842,0.05365528122356716,NotLabeled
2024-06-21 00:00:00+05:30,153.40757144718143,158.0713171727555,152.72289101607015,154.2410888671875,69503068,153.33363189697266,170.0775087037662,136.58975509017912,-1.492868472242293,-1.6438303972236006,0.15096192498130767,48.03745883203193,0.009154158326386552,0.03882918439268801,0.05339000358098741,NotLabeled
2024-06-24 00:00:00+05:30,151.73059411180895,151.73059411180895,147.35460523167188,148.69419860839844,40874886,152.35871047973632,167.66899509835494,137.0484258611177,-1.6440031211455448,-1.6438649420079896,-0.0001381791375552055,39.101712233460155,-0.035962468234163825,-0.02460453476544744,0.05387342630484493,NotLabeled
2024-06-25 00:00:00+05:30,149.63687464108938,150.25208770309993,144.97312901824458,145.8760986328125,25039730,151.38428497314453,165.65463433295338,137.11393561333568,-1.9684840763598572,-1.7087887688783634,-0.25969530748149383,65.42882684450609,-0.018952319606010293,-0.041718338964661594,0.05395039794027093,NotLabeled
2024-06-26 00:00:00+05:30,146.31269693801366,146.4516164951048,142.49240154745942,142.8595428466797,31444537,150.4698928833008,164.44682494491553,136.49296082168604,-2.44091110881061,-1.8552132368648129,-0.5856978719457973,47.79204492367385,-0.020678889923741672,-0.03988001221577453,0.05399841410606661,NotLabeled
2024-06-27 00:00:00+05:30,143.58390834778004,145.81655382529212,136.1417567560731,141.7779541015625,57711655,149.50142135620118,163.0405787530601,135.96226395934227,-2.869510181038521,-2.0580726256995545,-0.8114375553389666,44.34123098822278,-0.007570994023675226,-0.07238847319213515,0.053806515523616594,NotLabeled
2024-06-28 00:00:00+05:30,142.88932024324552,150.0834006027145,142.7007833009046,147.50344848632812,72583869,149.04993057250977,162.19835391720991,135.90150722780962,-2.7158716094290867,-2.1896324224454613,-0.5262391869836254,44.21557690630504,0.040383530860264694,-0.04368252603987355,0.05469247254063587,NotLabeled
2024-07-01 00:00:00+05:30,148.74381100146658,149.28957186412137,146.5806326708863,147.91029357910156,25711956,148.58157119750976,161.15057147764455,136.01257091737497,-2.5320945261585166,-2.2581248431880723,-0.27396968297044433,47.715134045682255,0.0027582073297163223,-0.005271927463433634,0.05437487205559853,NotLabeled
2024-07-02 00:00:00+05:30,148.446136286694,148.72397542610454,144.27851891334092,145.54864501953125,24720763,147.60565643310548,157.54004065799327,137.6712722082177,-2.547647471069979,-2.316029368764454,-0.23161810230552504,43.93048059181597,-0.01596676270747388,-0.002244737940966579,0.05445023161601548,NotLabeled
2024-07-03 00:00:00+05:30,146.51115090439552,150.82760486316803,145.2311074988891,150.45053100585938,34424841,148.52699432373046,155.287684229668,141.76630441779292,-2.139766167221495,-2.280776728455862,0.14101056123436706,50.75103468906317,0.03367867825681459,0.05313602443293908,0.05380429919399521,NotLabeled
2024-07-04 00:00:00+05:30,151.81990527933888,152.4252009321749,149.49795742069472,149.88494873046875,29926272,148.79987335205078,155.29935923066532,142.30038747343625,-1.8409339178873552,-2.192808166342161,0.35187424845480564,51.78393285872034,-0.0037592574224187825,0.05718092548506393,0.02927509756588455,NotLabeled
2024-07-05 00:00:00+05:30,150.23224000768874,157.52555523566892,148.6942073292893,154.40977478027344,62621310,149.23201522827148,156.02509398004594,142.43893647649702,-1.2248719987051402,-1.9992209328147568,0.7743489341096166,52.45293528880821,0.03018866195792258,0.04682145647995095,0.022198249019003066,NotLabeled
2024-07-08 00:00:00+05:30,155.29290600856766,156.78133641759547,153.0205755795346,155.27305603027344,33290711,149.4170768737793,156.6649822939686,142.16917145359002,-0.6593780079076055,-1.7312523478333266,1.0718743399257211,53.74297733586661,0.0055908458595219646,0.04977856694763649,0.02216420001499335,NotLabeled
2024-07-09 00:00:00+05:30,156.08672809740418,156.99963020331847,153.99300219045085,154.78683471679688,21076732,149.68449783325195,157.32002692212328,142.04896874438063,-0.24759976652981663,-1.4345218315726247,1.186922065042808,57.9390078261432,-0.003131395271706139,0.06347149226999638,0.020542519027163836,NotLabeled
2024-07-10 00:00:00+05:30,154.99522067835863,155.09445543115268,145.22120317204534,149.70632934570312,39898433,149.67755203247071,157.31271815526185,142.04238590967958,-0.32744231623240694,-1.213105928504581,0.8856636122721742,45.95701883062511,-0.032822593603578865,-0.004946487427998969,0.02161869945660657,NotLabeled
2024-07-11 00:00:00+05:30,150.67877197265625,151.96873283107362,149.42848078709972,150.67877197265625,30388365,149.7192283630371,157.3673371787121,142.07111954736212,-0.3086917132369251,-1.03222308545105,0.7235313722141248,45.35574522126753,0.00649566809368185,0.005296217191327113,0.02165542669771475,NotLabeled
2024-07-12 00:00:00+05:30,151.37337211958493,152.1473547030613,148.01943749712282,149.25979614257812,16353263,149.75842361450196,157.3877150248182,142.12913220418574,-0.4036778686941602,-0.906514042099672,0.5028361734055118,50.82631823696186,-0.009417224546637737,-0.03335267242649487,0.021763248085781763,NotLabeled
2024-07-15 00:00:00+05:30,149.83532180357824,152.01834995395413,147.65229365320235,150.8573760986328,43598260,149.67904052734374,157.22319382052427,142.13488723416322,-0.34605462797173914,-0.7944221592740854,0.4483675313023463,57.546604972090876,0.010703350783948684,-0.02843815948840278,0.021775629517886443,NotLabeled
2024-07-16 00:00:00+05:30,151.32375674829242,152.7625697678437,149.43841763868693,149.82540893554688,17044483,149.55897369384766,157.00824047490502,142.1097069127903,-0.3792867386721639,-0.7113950751537012,0.33210833648153726,61.22844222227797,-0.00684068084553735,-0.03205328017933562,0.021009601103266273,NotLabeled
2024-07-18 00:00:00+05:30,149.63687195234218,149.63687195234218,145.56848948616266,146.7493133544922,24504144,149.45676803588867,157.00568490193925,141.9078511698381,-0.6463874787219481,-0.6983935558673505,0.052006077145402396,57.52931622513419,-0.020531200968575303,-0.01975211070991245,0.02145537597501564,NotLabeled
2024-07-19 00:00:00+05:30,146.3127001981397,146.3127001981397,139.74376577331094,140.72613525390625,34312977,148.85097732543946,157.1621497751617,140.5398048757172,-1.3287696451470197,-0.8244687737232843,-0.5043008714237354,39.82722512129696,-0.04104399511591694,-0.06605201640849656,0.022704531414364872,NotLabeled
2024-07-22 00:00:00+05:30,140.309361506792,142.49240479816356,137.1538964346946,142.17486572265625,23158599,148.2476661682129,156.6625216690457,139.8328106673801,-1.7326886310766838,-1.0061127451939642,-0.7265758858827196,41.652197589627214,0.010294679564219589,-0.047467105027760526,0.021886715173263654,NotLabeled
2024-07-23 00:00:00+05:30,142.790088573091,143.47476900327172,134.2564297368742,140.29945373535156,25864567,147.82792892456055,156.95622639432116,138.69963145479994,-2.17900915030998,-1.2406920262171675,-0.9383171240928128,42.25021367550249,-0.013190882775040547,-0.0699861195807776,0.021798500906289018,NotLabeled
2024-07-24 00:00:00+05:30,140.40860147634152,146.46155784377456,140.29944930771248,145.85626220703125,31951790,147.8269371032715,156.95613177912924,138.69774242741374,-2.060580287007639,-1.404669678375262,-0.6559106086323769,43.345806768717225,0.03960677197048512,-0.026491813082406557,0.02253116600798944,NotLabeled
2024-07-25 00:00:00+05:30,143.7823689662745,143.7823689662745,140.3192972981964,141.4901885986328,31653400,147.75846939086915,157.06337525762802,138.45356352411028,-2.292602516292476,-1.5822562459587046,-0.7103462703337713,39.047102561560386,-0.02993408402445652,-0.0358374743679738,0.023096890902781567,NotLabeled
2024-07-26 00:00:00+05:30,143.8816086091084,146.83861949825732,142.7305521063722,146.253173828125,25911057,147.98223037719725,156.88827822978115,139.07618252461336,-2.0683065520827313,-1.67946630718351,-0.3888402448992212,39.423565095752615,0.03366300714322623,0.0392751393637476,0.023837621647949548,NotLabeled
2024-07-29 00:00:00+05:30,147.989674796526,148.84304217731986,145.66772697242314,146.60047912597656,15136406,147.93708190917968,156.86248334685516,139.0116804715042,-1.8413003848295943,-1.711833122712727,-0.12946726211686732,38.60199657477931,0.002374685545352362,0.031127959086337142,0.02374935555254643,NotLabeled
2024-07-30 00:00:00+05:30,146.33255701610798,148.4560504731366,145.17158310718597,146.95770263671875,12316097,147.88945236206055,156.82561604008262,138.95328868403848,-1.6139666075227126,-1.692259819674724,0.07829321215201146,39.675493074738725,0.0024367144832808663,0.047457411444571385,0.022055025485401274,NotLabeled
2024-07-31 00:00:00+05:30,148.34689947155573,152.82210817873204,146.52109511192302,151.85958862304688,35735761,148.20499954223632,157.23830113065173,139.1716979538209,-1.0264296764495668,-1.5590937910296927,0.5326641145801259,52.85300694267542,0.03335576086437375,0.0411591955338495,0.023222338544095545,NotLabeled
2024-08-01 00:00:00+05:30,152.86180032095638,155.14406322436747,147.88051583211768,148.872802734375,37281190,148.1261131286621,157.10423439226616,139.14799186505803,-0.7926736369393268,-1.4058097602116197,0.6131361232722929,47.72839813260185,-0.019668075725437495,0.05217756940507412,0.023375174653840966,NotLabeled
2024-08-02 00:00:00+05:30,146.59054219378348,147.03706827877727,143.9808378947279,145.10211181640625,29660329,147.886971282959,156.92244460908535,138.85149795683265,-0.9012939796459989,-1.3049066040984956,0.4036126244524967,45.06245188899568,-0.025328272516616512,-0.00787033868455711,0.022833169438802644,NotLabeled
2024-08-05 00:00:00+05:30,139.91246009394285,140.90474704496373,133.95873838781762,135.5662384033203,49706240,146.94479446411134,156.98983510112302,136.89975382709966,-1.7368206858915016,-1.3912894204570967,-0.34553126543440493,34.72139553491277,-0.06571836407971388,-0.07526742605782566,0.026801456549057193,NotLabeled
2024-08-06 00:00:00+05:30,138.21563719604114,140.4085979318293,133.64119392986208,134.41519165039062,23211408,145.9019012451172,156.61507048751258,135.1887320027218,-2.463464191748983,-1.605724374715474,-0.8577398170335091,34.63896727154143,-0.00849065937424065,-0.08534776171163594,0.02560622379116873,NotLabeled
2024-08-07 00:00:00+05:30,138.7217108231191,141.74818887833726,136.15169140126844,140.53759765625,22300426,145.18943939208984,155.29257751462083,135.08630126955885,-2.5163010555089613,-1.7878397108741715,-0.7284613446347898,44.162624195747846,0.04554846762993536,-0.07455565413719689,0.027912127222672396,NotLabeled
2024-08-08 00:00:00+05:30,140.21014216906232,140.21014216906232,135.44716201503942,136.38983154296875,25849915,144.52361450195312,155.11669066560793,133.9305383382983,-2.8598975924999195,-2.0022512871993214,-0.857646305300598,45.77613503811502,-0.029513569197522016,-0.0838499105419469,0.02844256399845443,NotLabeled
2024-08-09 00:00:00+05:30,134.9510277239267,136.10208424131773,127.8958667718334,128.35232543945312,76287884,143.40729217529298,155.81878187006663,130.99580248051933,-3.737674311021152,-2.3493358919636878,-1.3883384190574644,38.06751092646404,-0.058930391016602024,-0.11543447691613318,0.030206908511324182,NotLabeled
2024-08-12 00:00:00+05:30,128.25308883314983,131.92454753555052,126.11967036746353,130.68418884277344,33401039,142.47851181030273,155.79322080766866,129.1638028129368,-4.196778940811129,-2.718824501733176,-1.4779544390779527,41.764399290700055,0.018167675539468853,-0.0360122816569004,0.030570202492747105,NotLabeled
2024-08-13 00:00:00+05:30,131.18032420814774,131.47801330422564,126.73488316763262,127.15164184570312,16376718,141.29322509765626,155.64736621168964,126.93908398362288,-4.79044838054611,-3.133149277495763,-1.6572991030503466,33.40375328790425,-0.027031173612902304,-0.05403816127852379,0.030899655369323143,NotLabeled
2024-08-14 00:00:00+05:30,128.0546271369226,128.50115321253062,124.03586217425737,124.26409149169922,22221242,140.01515922546386,155.66407495504814,124.36624349587959,-5.431327902816889,-3.592785002559989,-1.8385429002569005,34.30379217089886,-0.022709501128643783,-0.11579468011368177,0.030794659447741946,NotLabeled
2024-08-16 00:00:00+05:30,126.78449703936616,127.68747420416857,125.62352315438515,127.29056549072266,15743875,139.0422218322754,155.33464814597397,122.74979551857683,-5.63011788868738,-4.000251579785467,-1.6298663089019128,32.15684438939272,0.024355177450644305,-0.0667151352069778,0.03163178251298215,NotLabeled
2024-08-19 00:00:00+05:30,128.99730287091103,130.63457027398755,128.25308766204037,130.30712890625,14677989,138.5212715148926,155.2475098782406,121.79503315154457,-5.481066603573026,-4.29641458454298,-1.1846520190300467,35.40184135133052,0.023698248207933315,0.015229980914673868,0.03217126000382611,NotLabeled
2024-08-20 00:00:00+05:30,131.4681032200436,132.42069021131732,129.80105327366874,132.1230010986328,16842938,138.0186782836914,154.88615306461622,121.15120350276659,-5.15697033232675,-4.468525734099734,-0.688444598227016,37.04728439919124,0.013935325009649002,0.011009841883706573,0.03132989623277082,NotLabeled
2024-08-21 00:00:00+05:30,132.27184361183177,134.29610217698556,131.42839371071162,133.9984130859375,14879021,137.7036262512207,154.6270204671418,120.78023203529962,-4.694674344957576,-4.513755456271303,-0.18091888868627315,33.53455345450146,0.014194439815249593,0.05384728927482385,0.031421122753196945,NotLabeled
2024-08-22 00:00:00+05:30,134.12742509406405,134.34572943415571,132.2420859471968,132.84738159179688,17039181,137.05318222045898,153.6541468811528,120.45221755976515,-4.3707962478908655,-4.485163614595216,0.1143673667043501,34.70932722856793,-0.008589888996688555,0.06907297190251471,0.031357668488182944,NotLabeled
2024-08-23 00:00:00+05:30,132.86720923120393,133.98849826810263,130.48572673879752,130.7734832763672,14050547,136.5173469543457,153.20687935605682,119.82781455263458,-4.232675140047917,-4.434665919685756,0.20199077963783907,35.870821918138006,-0.015611134299975848,0.02736194762131361,0.02996786604415364,NotLabeled
2024-08-26 00:00:00+05:30,132.36115871007112,137.7095848883818,131.37878915610065,136.68753051757812,32800586,136.03906478881837,152.08987160194607,119.98825797569066,-3.604449134432798,-4.268622562635165,0.6641734282023668,51.19073622288132,0.04522359650474872,0.048964332687573275,0.031269732997708126,NotLabeled
2024-08-27 00:00:00+05:30,136.68752830847953,137.1836717869132,134.55411740765362,134.85179138183594,12380923,135.45163040161134,150.71561938897344,120.18764141424923,-3.217613657848432,-4.058420781677818,0.8408071238293866,50.45699374682166,-0.013430187295000673,0.020653408267391926,0.030320772678633638,NotLabeled
2024-08-28 00:00:00+05:30,134.8517883369463,135.3479318041773,132.32146876694586,133.00613403320312,11414976,134.75405197143556,149.04838577681704,120.45971816605409,-3.0251013930895283,-3.8517569039601605,0.8266555108706322,41.34153858892104,-0.013686561592695434,-0.007405155254323725,0.03036993660210951,NotLabeled
2024-08-29 00:00:00+05:30,132.86721682576618,133.95873852948236,130.83304068690003,133.2145233154297,12348963,133.8217987060547,145.63567762063934,122.00791979147004,-2.8231749592336826,-3.646040515014865,0.8228655557811826,45.985962819565174,0.0015667644484316234,0.0027636353779327827,0.030361050962967564,NotLabeled
2024-08-30 00:00:00+05:30,133.55189618749162,135.0006417881224,132.3214700669722,132.65884399414062,13016284,133.01110076904297,142.4659448050543,123.55625673303163,-2.6771252494012003,-3.4522574618921325,0.7751322124909321,56.71409614770669,-0.004171311861945415,0.014416995483626183,0.02911762404849555,NotLabeled
2024-09-02 00:00:00+05:30,132.8275332088882,133.10537234668834,130.6941222991164,132.14285278320312,12601742,132.3631378173828,139.91347481192736,124.81280082283826,-2.5733519807536993,-3.276476365664446,0.7031243849107467,52.41062809728957,-0.003889610337327265,-0.0332486637015551,0.028950636803017283,NotLabeled
2024-09-03 00:00:00+05:30,131.48793025317417,132.5695344697676,130.2475716415225,130.76356506347656,10986546,132.1230041503906,139.54886993431512,124.69713836646612,-2.572750839304291,-3.1357312603924155,0.5629804210881244,56.42654531277659,-0.010437853358512328,-0.03031644056387406,0.028614886099064988,NotLabeled
2024-09-04 00:00:00+05:30,128.00502021853777,130.823111603439,127.70733109678673,129.45376586914062,18956457,131.87493286132812,139.30986413870676,124.44000158394948,-2.6474461674684164,-3.038074241807616,0.39062807433919966,59.783036720779,-0.01001654546279862,-0.026708303266492206,0.025016639246196144,NotLabeled
2024-09-05 00:00:00+05:30,129.543055348818,131.27955739064907,129.45375316338692,130.2078857421875,8679395,131.358447265625,137.59878467314866,125.11810985810133,-2.61564011085855,-2.953587415617803,0.33794730475925316,56.014724300034196,0.005825399268872378,-0.02256989326999259,0.025023008839720355,NotLabeled
2024-09-06 00:00:00+05:30,130.3864886538168,130.93224946050358,127.31040844165713,128.382080078125,17177552,130.95805969238282,136.85741437200937,125.05870501275626,-2.70656128630759,-2.9041821897557605,0.19762090344817063,45.82613206573379,-0.014022235701435237,-0.03223881489729041,0.02272807596503486,NotLabeled
2024-09-09 00:00:00+05:30,127.90577812910509,128.35231935667218,125.1373042801119,126.92342376708984,19613019,130.88661460876466,136.951139232378,124.82208998515131,-2.863311869818233,-2.896008125768255,0.032696255950022124,38.54895918569659,-0.011361837338571767,-0.03949838304668973,0.022046234276543654,NotLabeled
2024-09-10 00:00:00+05:30,127.0127296395185,130.0392078661796,126.92342744785405,128.14393615722656,12603493,130.7596019744873,136.9471334869971,124.57207046197752,-2.856129009596941,-2.8880323025339925,0.0319032929370513,36.72370790420339,0.009616131947215667,-0.020033324305423705,0.018101856479426116,NotLabeled
2024-09-11 00:00:00+05:30,128.08439522088534,128.98737993622976,125.31591385381225,125.99066925048828,13139629,130.70155334472656,137.0512619116605,124.3518447777926,-2.9897235132705475,-2.9083705446813037,-0.08135296858924379,35.1269858449334,-0.016803502150084748,-0.026751609699427692,0.01796247761561458,NotLabeled
2024-09-12 00:00:00+05:30,128.5011524944833,130.05905018241293,125.92120808978477,129.68197631835938,19264974,130.97244758605956,136.58531331640086,125.35958185571826,-2.765857406594648,-2.879867917063973,0.11401051046932498,47.78762868359995,0.029298257480736334,-0.004038998259056514,0.018177614063027498,NotLabeled
2024-09-13 00:00:00+05:30,130.48573055032404,133.3534391560143,130.40634577944545,131.18032836914062,20166379,131.16693572998048,136.50548844142193,125.82838301853903,-2.439417331426199,-2.7917777999364186,0.3523604685102195,36.40369118010476,0.011554050094848334,0.0217962529452147,0.017457641287426228,NotLabeled
2024-09-16 00:00:00+05:30,131.97415490860152,133.04582655486607,130.73379630983646,132.0138397216797,13553090,131.25227127075195,136.58751702561318,125.91702551589073,-2.089368875961469,-2.651296015141429,0.5619271391799598,42.628825529688726,0.006353935554983314,0.040106197922386455,0.016770950960897393,NotLabeled
2024-09-17 00:00:00+05:30,131.73599920976935,131.9741535090012,129.4934363377794,130.9123992919922,10754987,131.1917411804199,136.5128429499826,125.87063941085722,-1.879168110362059,-2.496870434185555,0.617702323823496,44.3431284356997,-0.008343370907244463,0.021604324151311083,0.016130983845793416,NotLabeled
2024-09-18 00:00:00+05:30,130.63456774843846,130.8727220614678,127.65770697050733,128.64999389648438,10725965,130.92432022094727,136.18879664072884,125.6598438011657,-1.8735426633333532,-2.372204880015115,0.4986622166817618,38.89956353915494,-0.017281826685199286,0.02110731423061951,0.01625369697591893,NotLabeled
2024-09-19 00:00:00+05:30,130.5,130.99000549316406,123.80000305175781,126.54000091552734,25229973,130.60895118713378,136.13743856119774,125.08046381306983,-2.0161028766683273,-2.3009844793457574,0.2848816026774301,36.165508342863845,-0.01640103444275942,-0.024228312152790754,0.016181190459086225,NotLabeled
2024-09-20 00:00:00+05:30,127.25,128.2899932861328,125.41000366210938,126.27999877929688,13885160,130.38427696228027,136.240142363007,124.52841156155353,-2.125560731297668,-2.2658997297361396,0.14033899843847175,36.58905031427223,-0.002054703132205904,-0.03735567406154261,0.01612297860494322,NotLabeled
2024-09-23 00:00:00+05:30,126.5,130.0,126.5,129.67999267578125,13387033,130.03390007019044,135.08506439043248,124.9827357499484,-1.9158708110592215,-2.195893946000756,0.2800231349415343,47.73113432101447,0.02692424714405206,-0.01767880587988968,0.0170129461056516,NotLabeled
2024-09-24 00:00:00+05:30,131.5,135.07000732421875,131.2899932861328,133.8800048828125,41641928,129.98531074523925,134.85683848122497,125.11378300925354,-1.3947068420943083,-2.0356565252194665,0.6409496831251582,58.26735478163522,0.0323875111369869,0.02266863648416706,0.015456337832984491,NotLabeled
2024-09-25 00:00:00+05:30,135.0,137.14999389648438,134.0,134.22999572753906,35498522,130.04650382995607,135.10496317896082,124.98804448095132,-0.9425739005385765,-1.8170400002832887,0.8744660997447122,57.62767286716095,0.002614212966550955,0.04337351026650271,0.015199095598652478,NotLabeled
2024-09-26 00:00:00+05:30,135.0,139.58999633789062,132.3000030517578,139.1999969482422,49823297,130.34577751159668,136.72834993899204,123.96320508420132,-0.18112977316059187,-1.4898579548587494,1.3087281816981575,68.32958363043977,0.03702601042162934,0.10004738376101407,0.016871042376702474,NotLabeled
2024-09-27 00:00:00+05:30,140.0,144.1999969482422,139.66000366210938,140.5399932861328,37975068,130.73983497619628,138.53953779447556,122.94013215791699,0.5244017128295013,-1.0870060213210995,1.6114077341506008,73.16469161741698,0.00962641068439729,0.11292361929586758,0.01694494522347101,NotLabeled
2024-09-30 00:00:00+05:30,141.39999389648438,143.94000244140625,140.35000610351562,141.36000061035156,38187620,131.2006923675537,140.32601454131242,122.07537019379497,1.1366061483682017,-0.6422835873832393,1.778889735751441,72.79395780951384,0.005834690219098437,0.09006792561881172,0.016882998323858967,NotLabeled
2024-10-01 00:00:00+05:30,141.38999938964844,142.1199951171875,137.88999938964844,141.02999877929688,24528692,131.71401405334473,141.83635878769243,121.591669318997,1.5769757891378333,-0.19843171207902477,1.7754075012168582,77.67939261437276,-0.002334478138298235,0.053405987718202486,0.016853896708306237,NotLabeled
2024-10-03 00:00:00+05:30,138.5500030517578,141.64999389648438,136.14999389648438,137.02999877929688,35238490,132.09282569885255,142.42392188944504,121.76172950826007,1.5849351853061933,0.15824166739801881,1.4266935179081743,63.37185279965879,-0.02836275994201598,0.020859741793043618,0.017996339874924595,NotLabeled
2024-10-04 00:00:00+05:30,136.5500030517578,140.60000610351562,134.13999938964844,139.00999450683594,31936926,132.53293113708497,143.26797189266887,121.79789038150108,1.731057617147144,0.47280485734784383,1.2582527597993,64.0028752115611,0.014449359594084887,-0.0013649600974984244,0.017945231379568695,NotLabeled
2024-10-07 00:00:00+05:30,139.97000122070312,140.52000427246094,130.72000122070312,132.19000244140625,28331416,132.72332725524902,143.2820178344991,122.16463667599892,1.2817689004965303,0.6345976659775812,0.6471712345189491,50.25949150005193,-0.04906116347694922,-0.05941362774741543,0.02128368002982485,NotLabeled
2024-10-08 00:00:00+05:30,130.60000610351562,133.6199951171875,127.83999633789062,131.3699951171875,40037615,132.9456558227539,143.17216703132107,122.71914461418675,0.8497413285334687,0.6776263984887587,0.17211493004471,50.67968391264399,-0.006203247666798584,-0.07067066673762101,0.021076299568390716,NotLabeled
2024-10-09 00:00:00+05:30,131.39999389648438,133.32000732421875,129.86000061035156,130.3300018310547,14125865,133.05495910644532,143.11068242593885,122.9992357869518,0.41861209885914263,0.6258235385628355,-0.20721143970369282,52.58940906035644,-0.007916520703263319,-0.07587036120582413,0.02098595590850266,NotLabeled
2024-10-10 00:00:00+05:30,131.0,132.9499969482422,129.6199951171875,129.97000122070312,12920873,133.25392570495606,142.8689302550039,123.6389211549082,0.04734428220467635,0.5101276872912037,-0.4627834050865274,55.58814090094489,-0.002762223626899263,-0.05152154726327274,0.02091951761258364,NotLabeled
2024-10-11 00:00:00+05:30,130.1999969482422,135.1199951171875,129.97000122070312,134.02999877929688,22981754,133.47132682800293,142.94180935217534,124.0008443038305,0.07979985181100346,0.4240621201951637,-0.34426226838416024,61.2351438016295,0.03123795891714609,-0.03582473148931864,0.021507240295097388,NotLabeled
2024-10-14 00:00:00+05:30,135.8000030517578,137.3300018310547,133.66000366210938,134.3300018310547,16794560,133.62881050109863,143.04347222540295,124.2141487767943,0.1282504719925157,0.3648997905546341,-0.2366493185621184,57.40683218491378,0.002238327646721938,0.016188814207768853,0.020657420924085068,NotLabeled
2024-10-15 00:00:00+05:30,134.3300018310547,134.89999389648438,130.5,130.94000244140625,11128839,133.57511863708496,143.04067075107787,124.10956652309204,-0.10567848597958118,0.27078413524779105,-0.37646262122737223,45.192930457215,-0.02523635333461849,-0.0032731422072268535,0.021344782960171012,NotLabeled
2024-10-16 00:00:00+05:30,130.1999969482422,131.64999389648438,129.0800018310547,129.9199981689453,13606967,133.5254985809326,143.0599767714327,123.99102039043251,-0.3691197085645115,0.14280336648533054,-0.511923075049842,43.10400390625,-0.0077898598857699675,-0.0031458885624882083,0.021361721214761833,NotLabeled
2024-10-17 00:00:00+05:30,130.89999389648438,130.99000549316406,127.55000305175781,127.83000183105469,15490412,133.48449897766113,143.11383268347086,123.85516527185142,-0.7380363890133594,-0.033364584614407444,-0.7046718043989519,29.96123180454977,-0.016086794699402884,-0.01646533330421751,0.02156892078687371,NotLabeled
2024-10-18 00:00:00+05:30,126.5,130.58999633789062,125.41999816894531,129.02999877929688,26363209,133.6089988708496,142.91938735727672,124.2986103844225,-0.922936750883963,-0.21127901786831857,-0.7116577330156444,29.613892580919426,0.009387443722547628,-0.037305081291788666,0.021340812717198177,NotLabeled
2024-10-21 00:00:00+05:30,130.2100067138672,131.19000244140625,126.02999877929688,126.45999908447266,15437195,133.6179988861084,142.89885831769428,124.33713945452254,-1.2622981297043623,-0.4214828402355273,-0.840815289468835,25.15008765663741,-0.01991784638563121,-0.058587081361616056,0.021492162740509645,NotLabeled
2024-10-22 00:00:00+05:30,126.5999984741211,127.37999725341797,120.6500015258789,121.80000305175781,22167864,133.22399940490723,143.78899216203712,122.65900664777733,-1.8855319632451426,-0.7142926648374504,-1.1712392984076923,21.976092031314565,-0.03684956560534258,-0.06980295722644769,0.02296468401672484,NotLabeled
2024-10-23 00:00:00+05:30,120.5,122.63999938964844,116.30000305175781,118.12999725341797,37778891,132.4364990234375,144.9617242030274,119.91127384384761,-2.645097030835572,-1.1004535380370748,-1.5446434927984973,22.189511262790973,-0.030131409740444037,-0.09074816103519234,0.022812464024846837,NotLabeled
2024-10-24 00:00:00+05:30,118.69999694824219,118.88999938964844,116.69999694824219,117.12999725341797,16209896,131.58149909973145,145.80999446098338,117.35300373847952,-3.289826391131953,-1.5383281086560507,-1.7514982824759024,16.848481345548066,-0.00846525034496326,-0.08370495520901489,0.021224518329812196,NotLabeled
2024-10-25 00:00:00+05:30,117.12999725341797,118.01000213623047,110.4000015258789,111.4800033569336,30812614,130.19549942016602,146.5420528992356,113.8489459410964,-4.208177096597893,-2.0722979062444193,-2.135879190353474,17.467793187042915,-0.04823695064433631,-0.13601484606988323,0.02300340495802319,NotLabeled
2024-10-28 00:00:00+05:30,112.36000061035156,115.87000274658203,111.19999694824219,114.66999816894531,19503346,128.90199966430663,145.88382526792032,111.92017406069294,-4.625253680302777,-2.5828890610560906,-2.042364619246686,25.584786711461504,0.02861495080690024,-0.09323106911974488,0.022230408677560685,NotLabeled
2024-10-29 00:00:00+05:30,114.87999725341797,116.19999694824219,112.7300033569336,115.70999908447266,14707069,127.6194995880127,144.51389209753563,110.72510707848977,-4.816350603843688,-3.0295813696136102,-1.7867692342300776,28.625720303185986,0.009069511922334739,-0.05000003131935282,0.022207460003882396,NotLabeled
2024-10-30 00:00:00+05:30,115.05000305175781,117.58999633789062,113.5999984741211,116.02999877929688,16236280,126.3694995880127,142.77856259855312,109.96043657747228,-4.885656188183589,-3.400796333327606,-1.4848598548559826,29.596008235103355,0.002765531910432495,-0.01777701280747579,0.02211501346572418,NotLabeled
2024-10-31 00:00:00+05:30,116.19999694824219,117.69999694824219,114.36000061035156,115.75,15887511,125.30549964904785,141.56301948506962,109.04797981302607,-4.906614526534156,-3.7019599719689165,-1.2046545545652396,19.914409113488162,-0.0024131585128210897,-0.011781757754439792,0.022113812423705578,NotLabeled
2024-11-01 00:00:00+05:30,116.5199966430664,118.80000305175781,116.36000061035156,117.75,4260519,124.24249992370605,139.47495174699324,109.01004810041886,-4.707574882489325,-3.9030829540729983,-0.804491928416327,24.158340444274486,0.017278617710583255,0.056243240529795235,0.022370150189784055,NotLabeled
2024-11-04 00:00:00+05:30,118.0,118.2300033569336,112.5999984741211,113.9000015258789,21792990,123.32799987792968,138.74643939056207,107.90956036529728,-4.805106949820114,-4.083487753222421,-0.7216191965976932,23.81682786329263,-0.032696377699542145,-0.0067148919103666715,0.02248023444998271,NotLabeled
2024-11-05 00:00:00+05:30,113.75,118.79000091552734,113.75,118.52999877929688,25938942,122.68600006103516,137.75994528965802,107.6120548324123,-4.45741739888274,-4.158273682354485,-0.29914371652825444,34.246187938584924,0.0406496680543591,0.024371270565523906,0.023043260719972383,NotLabeled
2024-11-06 00:00:00+05:30,120.0,124.25,117.45999908447266,123.88999938964844,30950696,122.36399993896484,137.01975747358657,107.70824240434311,-3.7066358798139447,-4.0679461218463775,0.3613102420324328,45.00253152013526,0.045220624867565284,0.06774110741224981,0.025502011048705257,NotLabeled
2024-11-07 00:00:00+05:30,124.0,126.8499984741211,122.58000183105469,123.36000061035156,28078071,122.03349990844727,136.25886268266416,107.80813713423038,-3.1184549811163293,-3.878047893700368,0.7595929125840386,42.68387044948276,-0.004277978706174412,0.06574514566178458,0.02547556075842637,NotLabeled
2024-11-08 00:00:00+05:30,120.5,121.01000213623047,114.87999725341797,118.20999908447266,47743659,121.24249992370605,134.37665826350872,108.10834158390338,-3.032917874729719,-3.7090218899062384,0.6761040151765192,40.019353157089895,-0.041747742383253184,0.003906573965797522,0.02689167562084434,NotLabeled
2024-11-11 00:00:00+05:30,117.80000305175781,119.19999694824219,115.5,115.88999938964844,18118474,120.32049980163575,132.10602990329735,108.53496969997413,-3.1164096573503457,-3.59049944339506,0.4740897860447144,42.42112702954861,-0.01962608673371491,0.01747144720904492,0.0258128862340284,NotLabeled
2024-11-12 00:00:00+05:30,116.0,117.4000015258789,113.66000366210938,114.16999816894531,14476729,119.4819995880127,130.44377144626998,108.52022772975543,-3.283516881769046,-3.5291029310698576,0.24558604930081174,44.65442681164719,-0.014841670806469587,-0.03678394208431479,0.0257901022523219,NotLabeled
2024-11-13 00:00:00+05:30,113.0999984741211,114.48999786376953,111.0,111.69000244140625,24360081,118.57049980163575,128.8907289784072,108.2502706248643,-3.574856766552969,-3.5382536981664803,-0.03660306838648886,42.93873644727129,-0.0217219564448905,-0.09847442899625647,0.025679718730424926,NotLabeled
2024-11-14 00:00:00+05:30,111.69000244140625,114.37999725341797,111.43000030517578,111.83999633789062,15061567,117.77099952697753,127.5332916866278,108.00870736732726,-3.750410077515369,-3.580684974036258,-0.16972510347911074,50.54511384601877,0.0013429482783211544,-0.09338524817982419,0.025746997247974843,NotLabeled
2024-11-18 00:00:00+05:30,112.19999694824219,115.11000061035156,111.26000213623047,112.7699966430664,17936991,116.95799942016602,125.38991543151872,108.52608340881332,-3.771024070847787,-3.6187527933985644,-0.15227127744922253,46.91156967418553,0.0083154536447414,-0.046019816289134985,0.02585707181703302,NotLabeled
2024-11-19 00:00:00+05:30,113.1500015258789,114.44999694824219,111.08000183105469,111.44999694824219,11670566,116.20749931335449,123.69779930890182,108.71719931780716,-3.849499123093082,-3.6649020593374684,-0.1845970637556138,43.137879985930844,-0.01170523839778248,-0.038312213864787004,0.02565332283825172,NotLabeled
2024-11-21 00:00:00+05:30,111.5,112.19999694824219,108.6500015258789,110.58999633789062,19630086,115.64699897766113,123.05245714536564,108.24154080995662,-3.9357175275515743,-3.71906515298029,-0.2166523745712845,41.38694624052848,-0.007716470470169212,-0.031356765248932605,0.025475037819218414,NotLabeled
2024-11-22 00:00:00+05:30,110.69999694824219,113.63999938964844,110.4000015258789,112.83000183105469,12858702,115.38199920654297,122.79265363623406,107.97134477685188,-3.7797261808486695,-3.731197358553966,-0.048528822294703566,45.64699052853926,0.020255046273083055,0.010206816767207805,0.025068184063102284,NotLabeled
2024-11-25 00:00:00+05:30,115.0,115.8499984741211,113.8499984741211,114.08999633789062,13170183,115.2299991607666,122.61435302659359,107.8456452949396,-3.5139245533327284,-3.6877427975097183,0.17381824417699,44.42072404841876,0.011167193888045768,0.0201180264098213,0.02447391959356488,NotLabeled
2024-11-26 00:00:00+05:30,114.19999694824219,116.44000244140625,113.87999725341797,115.83000183105469,12229850,115.44749908447265,122.61999993166567,108.27499823727963,-3.126826833706488,-3.5755596047490728,0.4487327710425846,53.144347721460676,0.015251166175962005,0.027134923109678244,0.024676496588996854,NotLabeled
2024-11-27 00:00:00+05:30,115.55999755859375,117.06999969482422,114.51000213623047,116.26000213623047,13214253,115.52699928283691,122.6984617016899,108.35553686398393,-2.753609771663861,-3.4111696381320304,0.6575598664681697,45.71537027911374,0.003712339621672056,0.04315841471240289,0.0220930491456198,NotLabeled
2024-11-28 00:00:00+05:30,116.26000213623047,117.31999969482422,115.20999908447266,116.27999877929688,13714391,115.55549926757813,122.73455025530056,108.3764482798557,-2.4282278994295723,-3.214581290391539,0.7863533909619669,32.00944963010953,0.0001719993351021465,0.05145133040805372,0.021250625947174466,NotLabeled
2024-11-29 00:00:00+05:30,116.5,118.0999984741211,115.80000305175781,117.11000061035156,11464692,115.60949935913087,122.81975779074754,108.39924092751419,-2.07941599706011,-2.9875482317252535,0.9081322346651435,35.431233358491966,0.007137958718335113,0.03793316236673916,0.021217555765947433,NotLabeled
2024-12-02 00:00:00+05:30,116.5,119.41999816894531,115.86000061035156,119.08000183105469,13161154,115.7759994506836,123.15181166941764,108.40018723194956,-1.62528217563694,-2.715095020507591,1.089812844870651,52.380960335075386,0.01682180181398607,0.04373744984955197,0.021502897587771325,NotLabeled
2024-12-03 00:00:00+05:30,119.19999694824219,123.18000030517578,119.19999694824219,122.79000091552734,24051522,116.02799949645996,124.00747099824869,108.04852799467122,-0.9550032469783787,-2.363076665801749,1.4080734188233701,67.54832888673296,0.03115551752960366,0.0600880512341202,0.022428682976593898,NotLabeled
2024-12-04 00:00:00+05:30,123.0,123.54000091552734,121.08999633789062,122.16999816894531,19645095,116.44149932861328,124.80455047144292,108.07844818578363,-0.4684316188737654,-1.9841476564161522,1.5157160375423868,71.5517269728729,-0.005049293443759817,0.0508343017729318,0.022249188159101554,NotLabeled
2024-12-05 00:00:00+05:30,122.51000213623047,123.6500015258789,121.12000274658203,122.47000122070312,20205297,116.6384994506836,125.38550242769219,107.891496473675,-0.0579444118837813,-1.598907007509678,1.5409625956258968,82.90596937064501,0.0024556196795790797,0.05323359568617714,0.020782999813573615,NotLabeled
2024-12-06 00:00:00+05:30,122.47000122070312,125.12000274658203,122.06999969482422,123.88999938964844,17105118,116.6384994506836,125.38550242769219,107.891496473675,0.3775989166069422,-1.203605822686354,1.5812047392932962,84.13596827556754,0.01159466118062924,0.05789427669678937,0.019096455326846406,NotLabeled
2024-12-09 00:00:00+05:30,124.0,126.5199966430664,122.61000061035156,126.12999725341797,22928606,116.77699928283691,126.04436248880474,107.50963607686909,0.8932227338549978,-0.7842401113780836,1.6774628452330815,85.23205664421039,0.01808053817745603,0.05920385718809018,0.016828947081328097,NotLabeled
2024-12-10 00:00:00+05:30,127.0,128.5,126.25,126.80999755859375,19581439,117.20699920654297,127.49607022021576,106.91792819287019,1.3412673701875377,-0.35913861506495937,1.700405985252497,91.92138228581899,0.00539126551956981,0.03273879479675168,0.016809892470225095,NotLabeled
2024-12-11 00:00:00+05:30,126.6500015258789,128.7100067138672,126.04000091552734,126.94999694824219,10668920,117.75999908447265,128.90435338059527,106.61564478835002,1.688182436913607,0.05032559533075387,1.637856841582853,96.4772583433469,0.001104009087167901,0.03912579889447776,0.013597983497855678,NotLabeled
2024-12-12 00:00:00+05:30,126.91999816894531,130.08999633789062,125.52999877929688,129.25999450683594,31966205,118.51449890136719,130.63590574941188,106.39309205332249,2.125016753844207,0.46526382703344454,1.6597529268107625,96.49121216281915,0.01819612141885707,0.055442093724622055,0.01286832383954163,NotLabeled
2024-12-13 00:00:00+05:30,128.61000061035156,128.75,121.83999633789062,124.76000213623047,39292810,119.16799888610839,131.14870010456977,107.187297667647,2.0840753970453108,0.7890261410358178,1.2950492560094928,75.51412678808268,-0.034813496532892785,0.0070223807479874445,0.014993236179539472,NotLabeled
2024-12-16 00:00:00+05:30,124.55999755859375,124.8499984741211,123.05000305175781,123.61000061035156,8419719,119.75649909973144,131.3723396085639,108.14065859089901,1.9365106750154268,1.0185230478317397,0.9179876271836871,69.1437052589527,-0.009217710052803363,-0.01997936016761559,0.014129887582765652,NotLabeled
2024-12-17 00:00:00+05:30,122.80000305175781,124.44999694824219,120.25,121.11000061035156,9982096,120.1734992980957,131.32272426436273,109.02427433182868,1.599398591658499,1.1346981565970915,0.46470043506140746,60.8307285818896,-0.02022490079812067,-0.04494911330321927,0.015151031207661668,NotLabeled
2024-12-18 00:00:00+05:30,122.0,122.4000015258789,117.9000015258789,119.80999755859375,15624814,120.59149932861328,130.9634041139509,110.21959454327568,1.2133487263052132,1.1504282705387159,0.0629204557664973,57.456694238211185,-0.010734068575726674,-0.05624261174704426,0.015441482317453728,NotLabeled
2024-12-19 00:00:00+05:30,117.12999725341797,119.80999755859375,116.5,118.91000366210938,12028931,121.00749969482422,130.3018010804306,111.71319830921783,0.825266284769782,1.0853958733849292,-0.2601295886151471,53.791077911126195,-0.007511843041681288,-0.0800711069516501,0.015267926133151788,NotLabeled
2024-12-20 00:00:00+05:30,118.1500015258789,120.86000061035156,115.19999694824219,116.0999984741211,17911163,121.17099952697754,129.9609655132331,112.38103354072197,0.28764838783246205,0.9258463762744358,-0.6381979884419737,43.93815284803378,-0.023631360705135385,-0.0694133016497801,0.016203278128616966,NotLabeled
2024-12-23 00:00:00+05:30,117.0,121.61000061035156,116.98999786376953,121.19000244140625,24706531,121.52599983215332,129.6609262906074,113.39107337369924,0.26919994303160877,0.7945170896258704,-0.5253171465942617,46.91833873161017,0.043841550682016006,-0.01957768915942104,0.018194755262340868,NotLabeled
2024-12-24 00:00:00+05:30,120.44999694824219,121.19000244140625,118.1500015258789,119.05999755859375,17000879,121.68749961853027,129.46677053100356,113.90822870605699,0.08176330824210254,0.6519663333491169,-0.5702030251070144,44.33927835429496,-0.017575747503118744,-0.01692678590889707,0.018669323371578405,NotLabeled
2024-12-26 00:00:00+05:30,118.51000213623047,119.4000015258789,116.26000213623047,117.58999633789062,15502315,121.75399932861328,129.358698369705,114.14930028752156,-0.1832855862871554,0.4849159494218625,-0.6682015357090179,41.48043822134942,-0.012346726447560075,-0.018529348684924396,0.018675870738971895,NotLabeled
2024-12-27 00:00:00+05:30,117.47000122070312,118.48999786376953,115.2699966430664,115.52999877929688,7502006,121.71649932861328,129.44130219069314,113.99169646653344,-0.5531865415322414,0.2772954512310417,-0.8304819927632832,35.72404207840559,-0.017518476254344106,-0.02842489932484571,0.019085254465635266,NotLabeled
2024-12-30 00:00:00+05:30,115.5,115.51000213623047,111.0,111.7300033569336,14270907,121.44749946594239,130.15935230294042,112.73564662894437,-1.139824400086198,-0.006128519032406188,-1.1336958810537916,26.653703621241576,-0.0328918502771095,-0.03763992398468097,0.020379289971066757,NotLabeled
2024-12-31 00:00:00+05:30,111.7300033569336,113.6500015258789,111.30999755859375,113.12999725341797,8967876,121.14999923706054,130.57910841622237,111.72089005789873,-1.4747710792897237,-0.2998570310838697,-1.174914048205854,28.326988798372383,0.012530151744576168,-0.0665071790215136,0.020529650566679814,NotLabeled
2025-01-01 00:00:00+05:30,112.5199966430664,113.33000183105469,112.1500015258789,112.93000030517578,7512039,120.65699920654296,130.7338749850938,110.58012342799212,-1.7363413556845586,-0.5871538960040075,-1.1491874596805511,27.830483569168265,-0.0017678507301134294,-0.05148662337575782,0.02009888631498332,NotLabeled
2025-01-02 00:00:00+05:30,112.93000030517578,114.3499984741211,112.02999877929688,114.06999969482422,7663473,120.25199928283692,130.7164772300413,109.78752133563253,-1.8305478447890664,-0.8358326857610193,-0.9947151590280471,25.05747103397249,0.010094743527563788,-0.029934490625816657,0.018829855900233856,NotLabeled
2025-01-03 00:00:00+05:30,113.9000015258789,115.9000015258789,113.5,114.16999816894531,9466354,119.83699913024903,130.58557917140888,109.08841908908919,-1.8755183172939098,-1.0437698120675973,-0.8317485052263125,29.673693227995926,0.0008766413113756588,-0.011771839563070041,0.01884724594744217,NotLabeled
2025-01-06 00:00:00+05:30,114.0999984741211,114.55000305175781,110.0,110.41999816894531,17656887,119.16349906921387,130.5139724712495,107.81302566717824,-2.188523464500875,-1.272720542554253,-0.9158029219466222,26.980793627630064,-0.032845756855061525,-0.011724739538432893,0.01987768052549202,NotLabeled
2025-01-07 00:00:00+05:30,110.41999816894531,112.25,110.41999816894531,111.47000122070312,7161545,118.43049926757813,129.78015688958382,107.08084164557243,-2.3250540518931757,-1.4831872444220375,-0.8418668074711382,32.279410898479114,0.009509174689092736,-0.014673349889652632,0.01979708074655926,NotLabeled
2025-01-08 00:00:00+05:30,111.19999694824219,111.44999694824219,109.05000305175781,109.76000213623047,15060506,117.57799949645997,128.83851617479945,106.31748281812048,-2.541936301723794,-1.6949370558823889,-0.8469992458414053,31.800076100535605,-0.0153404419641745,-0.028070469851933844,0.019197388667494632,NotLabeled
2025-01-09 00:00:00+05:30,110.0999984741211,110.62999725341797,108.05000305175781,108.26000213623047,11144353,116.64349975585938,127.72996674200158,105.55703276971718,-2.8025484769275693,-1.916459340091425,-0.8860891368361443,31.123711677571663,-0.013666180492036162,-0.050933615973853374,0.019060952902276423,NotLabeled
2025-01-10 00:00:00+05:30,108.26000213623047,109.0999984741211,104.80000305175781,106.02999877929688,18718493,115.48199996948242,125.84702356067503,105.1169763782898,-3.1526859363790436,-2.163704659348949,-0.9889812770300948,31.77705266767896,-0.020598589626180108,-0.07129718420073117,0.019168834684884013,NotLabeled
2025-01-13 00:00:00+05:30,104.9000015258789,105.5,99.66000366210938,100.08999633789062,21293325,114.24849967956543,125.77158528609006,102.7254140730408,-3.864928460490205,-2.5039494195772,-1.360979040913005,12.956444401582658,-0.05602190427041742,-0.09355191090702186,0.02079960541979169,NotLabeled
2025-01-14 00:00:00+05:30,101.69000244140625,106.33999633789062,101.31999969482422,105.87999725341797,19913009,113.36199951171875,124.57654473074133,102.14745429269617,-3.9170280463985847,-2.786565144941477,-1.1304629014571077,29.495949464624786,0.057847948120420156,-0.050148056930737095,0.025082818232690113,NotLabeled
2025-01-15 00:00:00+05:30,106.30000305175781,107.73999786376953,104.4000015258789,105.20999908447266,10322196,112.5669994354248,123.72303819425423,101.41096067659538,-3.966655461411918,-3.0225832082355653,-0.9440722531763526,30.248880482107793,-0.006327901268657121,-0.0414541086297584,0.02508076612957731,NotLabeled
2025-01-16 00:00:00+05:30,106.5,108.38999938964844,105.93000030517578,107.5199966430664,10971452,111.95249938964844,122.77772055422088,101.127278225076,-3.7760599789116043,-3.173278562370773,-0.6027814165408314,37.32192940911659,0.021956064810332965,-0.006835446873840523,0.025679823097861473,NotLabeled
2025-01-17 00:00:00+05:30,107.0999984741211,109.44999694824219,106.93000030517578,108.81999969482422,9191948,111.44799919128418,121.83975698421371,101.05624139835466,-3.4799970642322506,-3.234622262743069,-0.24537480148918167,44.99827427217823,0.012090802570180692,0.02631331649201263,0.025921956580804834,NotLabeled
2025-01-20 00:00:00+05:30,109.0,110.25,107.7300033569336,109.87000274658203,11548609,111.13649940490723,121.31236689144046,100.96063191837399,-3.1246199267879007,-3.2126217955520358,0.08800186876413507,44.32847271443399,0.009648989659092555,0.09771212675116292,0.026084049856203124,NotLabeled
2025-01-21 00:00:00+05:30,110.0,111.56999969482422,108.19999694824219,109.87999725341797,17016648,110.57099914550781,119.5851913383573,101.55680695265832,-2.80978505870884,-3.1320544481833967,0.3222693894745565,44.65848909678133,9.096665683161476e-05,0.03777861828260365,0.025676155197794318,NotLabeled
2025-01-22 00:00:00+05:30,109.51000213623047,110.4000015258789,104.7699966430664,107.0999984741211,12682214,109.97299919128417,118.1653841267831,101.78061425578525,-2.752865505614068,-3.056216659669531,0.3033511540554632,38.45644144244319,-0.02530031715313319,0.017964066211339613,0.023829467075740827,NotLabeled
2025-01-23 00:00:00+05:30,106.58000183105469,109.8499984741211,106.5,109.13999938964844,7849758,109.55049934387208,116.91902676429085,102.1819719234533,-2.5141636117158157,-2.947806050078788,0.43364243836297245,42.17242761455725,0.01904762786733638,0.015066990300975691,0.024245550532842504,NotLabeled
2025-01-24 00:00:00+05:30,109.0,110.80000305175781,107.58000183105469,108.16999816894531,11993883,109.1824993133545,116.00884259257664,102.35615603413235,-2.375874035963122,-2.833419647255655,0.4575456112925331,46.1669513933585,-0.00888767845086802,-0.005973180736094208,0.02419666898459229,NotLabeled
2025-01-27 00:00:00+05:30,106.75,106.94999694824219,102.86000061035156,103.43000030517578,14423517,108.7674991607666,115.94204536158617,101.59295295994704,-2.6185715023725322,-2.7904500182790306,0.17187851590649839,37.83292873374453,-0.04381989409268883,-0.05861474725053284,0.025588920220546846,NotLabeled
2025-01-28 00:00:00+05:30,105.0,105.0,101.19999694824219,102.83999633789062,12819834,108.25299911499023,115.58442723473662,100.92157099524384,-2.8259436628770374,-2.7975487471986322,-0.02839491567840513,39.160393888932575,-0.0057043794406296255,-0.06406990436385684,0.0247790519986937,NotLabeled
2025-01-29 00:00:00+05:30,103.0,105.16999816894531,103.0,104.36000061035156,10829311,107.82449913024902,115.00518351768653,100.64381474281151,-2.8349563405360954,-2.805030265866125,-0.029926074669970326,43.894802291492944,0.014780283222364465,-0.02558354717840272,0.02485724437236034,NotLabeled
2025-01-30 00:00:00+05:30,104.5,106.5999984741211,104.0999984741211,105.44999694824219,11418706,107.39349899291992,114.00827265312279,100.77872533271704,-2.7227590856448103,-2.7885760298218623,0.06581694417705197,49.058438679242954,0.010444579642734375,-0.03380980815504964,0.025042938236298985,NotLabeled
2025-01-31 00:00:00+05:30,105.58000183105469,108.19000244140625,103.95999908447266,107.43000030517578,15726923,107.05649909973144,112.8538915796147,101.25910661984818,-2.4458776741581403,-2.7200363586891183,0.274158684530978,63.67362682999557,0.01877670378601759,-0.006841063846684814,0.02533911498293337,NotLabeled
2025-02-01 00:00:00+05:30,107.69000244140625,108.30000305175781,104.4000015258789,106.52999877929688,12068981,106.86199913024902,112.44116771146679,101.28283054903125,-2.2728695370331877,-2.6306029943579325,0.3577334573247448,51.48064098023275,-0.008377562350575074,0.029971946872032973,0.025357099144296798,NotLabeled
2025-02-03 00:00:00+05:30,104.0,104.30999755859375,100.30000305175781,102.2699966430664,16535047,106.4019989013672,111.89792330786223,100.90607449487216,-2.451249434346451,-2.5947322823556367,0.14348284800918565,44.24431977727193,-0.03998875607852126,-0.005542587661627629,0.025821332832190846,NotLabeled
2025-02-04 00:00:00+05:30,104.0,107.2699966430664,103.69999694824219,106.68000030517578,14409187,106.24799880981445,111.51560403081062,100.98039358881827,-2.2112761337330653,-2.5180410526311228,0.30676491889805746,48.48047052692479,0.04312118712099666,0.02223073669275255,0.027634767865051212,NotLabeled
2025-02-05 00:00:00+05:30,106.68000030517578,109.6500015258789,106.68000030517578,108.83999633789062,12920395,106.27699851989746,111.5973641932543,100.95663284654063,-1.8257557601728678,-2.3795839941394723,0.5538282339666045,50.035081820549735,0.020247431819795825,0.03214793255340109,0.027848444955493126,NotLabeled
2025-02-06 00:00:00+05:30,109.0,109.66000366210938,107.19000244140625,107.9800033569336,8883930,106.3744987487793,111.74702089444807,101.00197660311053,-1.5715069786829758,-2.217968591048173,0.6464616123651972,46.661957695798684,-0.007901442575275475,0.005119641163505717,0.02773549642628648,NotLabeled
2025-02-07 00:00:00+05:30,108.05000305175781,111.30000305175781,107.45999908447266,110.31999969482422,22943084,106.88599891662598,111.65306424371997,102.11893358953199,-1.1677339294368494,-2.007921658725908,0.8401877292890587,50.7180196641174,0.021670645167102265,0.035576841818793836,0.027681005930160176,NotLabeled
2025-02-10 00:00:00+05:30,109.05000305175781,109.5,104.80999755859375,105.18000030517578,14604374,106.85099906921387,111.65926439456723,102.04273374386051,-1.2481084555044504,-1.8559590180816168,0.6078505625771664,47.09091186523438,-0.04659172773628628,0.028454128851354232,0.026749110139328312,NotLabeled
2025-02-11 00:00:00+05:30,105.19000244140625,105.3499984741211,99.5,100.0199966430664,19394967,106.59149894714355,112.25653725266277,100.92646064162433,-1.708480715862379,-1.8264633576377693,0.11798264177539042,37.37541244034783,-0.04905879109277256,-0.06242973043735778,0.02588917898724834,NotLabeled
2025-02-12 00:00:00+05:30,100.0999984741211,106.06999969482422,99.1500015258789,105.75,49570655,106.50299911499023,112.16226256651049,100.84373566346997,-1.5926070826454009,-1.7796921026392958,0.18708501999389493,47.04012000991373,0.05728857777692009,-0.02839026499319075,0.02894620278652414,NotLabeled
2025-02-13 00:00:00+05:30,105.37999725341797,111.30000305175781,104.94999694824219,109.33000183105469,36029038,106.52849922180175,112.23611086952592,100.82088757407759,-1.1980893369622692,-1.6633715495038905,0.4652822125416214,57.426989188428145,0.03385344521091893,0.012502300723760795,0.029495394000452136,NotLabeled
2025-02-14 00:00:00+05:30,110.0999984741211,113.19999694824219,104.43000030517578,105.70999908447266,32127888,106.32049903869628,111.81459081405154,100.82640726334103,-1.1641159452060919,-1.563520428644331,0.3994044834382391,53.356727759515806,-0.03311079013952589,-0.04178753284177039,0.03030006989753534,NotLabeled
2025-02-17 00:00:00+05:30,104.4000015258789,105.80000305175781,102.56999969482422,105.33000183105469,14572452,106.09299926757812,111.33764356000059,100.84835497515566,-1.1545455081175788,-1.4817254445389807,0.32717993642140186,51.16558664560775,-0.0035947143762087297,0.0014261411432181514,0.03020630262915713,NotLabeled
2025-02-18 00:00:00+05:30,104.79000091552734,105.75,102.0,104.38999938964844,13096291,105.95749931335449,111.23254187765363,100.68245674905535,-1.2088760383955162,-1.427155563310288,0.21827952491477176,48.7216625820767,-0.00892435607201425,0.04369129067437316,0.03024552324522077,NotLabeled
2025-02-19 00:00:00+05:30,103.41000366210938,107.19000244140625,103.3499984741211,106.52999877929688,10954930,105.82699928283691,110.89563754085658,100.75836102481723,-1.0669541260385387,-1.3551152758559382,0.2881611498173995,48.91878728197247,0.02050004217032919,0.0073758749815306945,0.03013255880542863,NotLabeled
2025-02-20 00:00:00+05:30,106.0,110.44999694824219,105.55000305175781,109.83999633789062,13193348,105.91049919128417,111.19220051995288,100.62879786261547,-0.6795573338933849,-1.2200036874634275,0.5404463535700426,53.75879814939959,0.031071037233852072,0.0046647260431222914,0.030619289539178387,NotLabeled
2025-02-21 00:00:00+05:30,109.30000305175781,115.16000366210938,108.75,112.76000213623047,44746596,106.37699928283692,112.3403632496889,100.41363531598493,-0.1353621500500708,-1.0030753799807561,0.8677132299306853,62.28625543833362,0.026584176035087337,0.06669192236132893,0.031036488810246846,NotLabeled
2025-02-24 00:00:00+05:30,111.0999984741211,112.16999816894531,107.6500015258789,108.20999908447266,24208995,106.64549942016602,112.41886427905447,100.87213456127756,-0.0704190198281367,-0.8165441079502324,0.7461250881220957,51.78612971502084,-0.040351214664405055,0.02734261087394052,0.030786199486192958,NotLabeled
2025-02-25 00:00:00+05:30,108.11000061035156,109.48999786376953,105.80000305175781,106.16999816894531,18825311,106.7359992980957,112.41448252020467,101.05751607598674,-0.18147026981225167,-0.6895293403226362,0.5080590705103846,46.87427095618038,-0.018852240391711406,0.017051430114994215,0.031095798760296695,NotLabeled
2025-02-27 00:00:00+05:30,106.19999694824219,107.9800033569336,104.66999816894531,105.9800033569336,18631329,106.76249961853027,112.42062369062872,101.10437554643183,-0.2815644789367866,-0.6079363680454664,0.32637188910867976,47.62131351868911,-0.0017895339106004382,-0.005162822009439183,0.03096471556047272,NotLabeled
2025-02-28 00:00:00+05:30,104.75,105.5,101.5999984741211,105.0199966430664,27074952,106.64199943542481,112.3427584180007,100.94124045284892,-0.43335888800169187,-0.5730208720367115,0.13966198403501962,43.48253740109094,-0.009058375952621489,-0.04388200888132676,0.030965780399302163,NotLabeled
2025-03-03 00:00:00+05:30,105.30000305175781,107.30000305175781,102.7300033569336,106.36000061035156,23398877,106.63349952697754,112.33546845495582,100.93153059899927,-0.4404526653716374,-0.5465072307036967,0.10605456533205926,51.60065050585586,0.01275951257015806,-0.05675772795877365,0.030813363402855506,NotLabeled
2025-03-04 00:00:00+05:30,104.58000183105469,108.80000305175781,104.05999755859375,107.66000366210938,25741726,106.90299987792969,112.23404263960825,101.57195711625113,-0.3372871174116199,-0.5046632080452813,0.16737609063366143,61.57576018194012,0.012222668712840168,-0.005082667285986497,0.030861996876071766,NotLabeled
2025-03-05 00:00:00+05:30,107.5,112.9000015258789,107.5,112.52999877929688,39444472,107.19549980163575,113.08746300089362,101.30353660237787,0.13587395791573442,-0.3765557748530782,0.5124297327688125,60.54759752517177,0.04523495217845208,0.059903934445125095,0.03081183209174862,NotLabeled
2025-03-06 00:00:00+05:30,113.5,114.9000015258789,110.9000015258789,111.97000122070312,34685528,107.35200004577636,113.58432651071186,101.11967358084087,0.46036361102893864,-0.20917189767667482,0.6695355087056134,54.53296436979704,-0.004976429082631184,0.05652007618451971,0.029601512844980724,NotLabeled
2025-03-07 00:00:00+05:30,111.5,112.91000366210938,110.19999694824219,110.91000366210938,21834195,107.49850006103516,113.92762374727963,101.06937637479069,0.6247888774716301,-0.04237974264701384,0.667168620118644,59.7891633319191,-0.009466799562718564,0.05608462395082192,0.029431738858330062,NotLabeled
2025-03-10 00:00:00+05:30,110.9000015258789,112.66000366210938,106.80000305175781,107.2699966430664,24250223,107.34599990844727,113.63652706767488,101.05547274921966,0.45612106045925316,0.05732041797423956,0.39880064248501357,53.25284010593135,-0.03281946532192315,0.008555810713546386,0.03031084336387154,NotLabeled
2025-03-11 00:00:00+05:30,105.5,108.81999969482422,104.5999984741211,108.12999725341797,32428743,107.49349975585938,113.70806584013984,101.27893367157891,0.3873799868683676,0.12333233175306518,0.2640476551153024,56.28782147532518,0.008017158919219058,0.004365535717272273,0.02997006349307936,NotLabeled
2025-03-12 00:00:00+05:30,108.44999694824219,108.88999938964844,104.8499984741211,106.66000366210938,23131611,107.82550010681152,112.97762654519535,102.67337366842769,0.2118439876045528,0.1410346629233627,0.07080932468119011,50.22360655324671,-0.013594688140641131,-0.05216382458779034,0.028249812938898215,NotLabeled
2025-03-13 00:00:00+05:30,107.19000244140625,109.68000030517578,105.52999877929688,105.88999938964844,24988240,107.83250007629394,112.97312086242891,102.69187929015897,0.010476764308592124,0.11492308320040859,-0.10444631889181646,42.55560712751291,-0.007219241009031374,-0.05430027475904409,0.025918748174953727,NotLabeled
2025-03-17 00:00:00+05:30,106.6500015258789,107.33000183105469,105.05000305175781,106.13999938964844,15750246,107.67299995422363,112.8159390301234,102.53006087832385,-0.12746595211197587,0.0664452761379317,-0.19391122824990759,36.127408926132716,0.002360940612343043,-0.04300788129980504,0.022747711458786766,NotLabeled
2025-03-18 00:00:00+05:30,106.13999938964844,106.13999938964844,106.13999938964844,106.13999938964844,0,107.69449996948242,112.80638765070263,102.58261228826221,-0.23408812649148558,0.006338595612048248,-0.24042672210353383,44.64008508886405,0.0,-0.010534140848143747,0.021420852797922763,NotLabeled
2025-03-19 00:00:00+05:30,113.5,114.4000015258789,110.61000061035156,113.2300033569336,47657793,108.08950004577636,113.63461785119975,102.54438224035297,0.25062801492042297,0.05519647947372319,0.19543153544669978,64.49097454833593,0.06679860569112295,0.04716550664070618,0.024804646306293168,NotLabeled
2025-03-20 00:00:00+05:30,114.05000305175781,114.94999694824219,111.62999725341797,113.95999908447266,23249893,108.56800003051758,114.41250772959633,102.72349233143883,0.6857684912728104,0.18131088183354063,0.5044576094392698,66.02408191454222,0.006447016743768019,0.06844173234316675,0.024756430404365364,NotLabeled
2025-03-21 00:00:00+05:30,114.0,115.88999938964844,113.44999694824219,115.30000305175781,25675545,109.00650024414062,115.48841923375872,102.52458125452253,1.1257703947366338,0.37020278441415927,0.7555676103224744,70.33228600202625,0.011758546665939118,0.08886583923268287,0.02462574198699819,NotLabeled
2025-03-24 00:00:00+05:30,116.0999984741211,118.62999725341797,116.05000305175781,117.23999786376953,27623276,109.37650032043457,116.83064528785621,101.92235535301293,1.6124293594373,0.6186480994187875,0.9937812600185125,71.0200896601352,0.016825626718681486,0.1045788443372051,0.024523166483168296,NotLabeled
2025-03-25 00:00:00+05:30,117.8499984741211,117.8499984741211,114.0999984741211,114.69999694824219,19985177,109.47350006103515,117.15990185412822,101.78709826794208,1.7727184540816552,0.8494621703513612,0.923256283730294,62.97934099123632,-0.021664968968003295,0.08064817795192658,0.024404195907883793,NotLabeled
2025-03-26 00:00:00+05:30,114.69999694824219,116.0,113.0,113.29000091552734,15470453,109.7275001525879,117.57221131251151,101.88278899266427,1.7656208423860846,1.032693904758306,0.7329269376277787,51.60609100521321,-0.01229290383809778,0.000529873326989394,0.02394362853092404,NotLabeled
2025-03-27 00:00:00+05:30,112.80000305175781,115.0999984741211,112.69999694824219,113.87999725341797,14168313,110.11300010681153,117.97935484518464,102.24664536843841,1.7870042351926543,1.1835559708451757,0.6034482643474786,54.03122931826562,0.0052078412315534894,-0.0007020167751614625,0.022046708835022202,NotLabeled
2025-03-28 00:00:00+05:30,113.9000015258789,116.1500015258789,113.5999984741211,115.18000030517578,23556805,110.57299995422363,118.4974940515144,102.64850585693287,1.8870968321449624,1.3242641431051332,0.5628326890398292,58.92184828376884,0.011415552187491684,-0.0010407870199983238,0.021553763883881263,NotLabeled
2025-04-01 00:00:00+05:30,114.3499984741211,117.44999694824219,113.41999816894531,116.87999725341797,15958627,111.1659999847412,119.11581653674479,103.21618343273762,2.079623873125257,1.475336089109158,0.6042877840160992,71.85085238311999,0.014759480324170404,-0.003070629622237586,0.02162994127541935,NotLabeled
2025-04-02 00:00:00+05:30,116.87999725341797,119.19999694824219,114.25,118.69999694824219,21075705,111.78299980163574,120.07056467830007,103.4954349249714,2.3519498908807037,1.650658849463467,0.7012910414172366,73.0283324928252,0.015571524106713586,0.034873584188541695,0.021503114897039974,NotLabeled
2025-04-03 00:00:00+05:30,117.30000305175781,119.62999725341797,116.83999633789062,118.54000091552734,14441562,112.32699966430664,120.89851890449336,103.75548042411992,2.525744666958218,1.8256760129624174,0.7000686539958005,77.44917231262055,-0.0013479025849058024,0.04634124774978665,0.02150384798634304,NotLabeled
2025-04-04 00:00:00+05:30,117.58000183105469,117.93000030517578,112.01000213623047,112.5999984741211,33987192,112.33049964904785,120.90242505598368,103.75857424211202,2.159278901699267,1.8923965907097875,0.26688231098947934,62.51399031143365,-0.05010968783136038,-0.011239891202741159,0.024593806393995995,NotLabeled
2025-04-07 00:00:00+05:30,101.33999633789062,106.13999938964844,101.33999633789062,104.62999725341797,28546459,111.9634994506836,121.20293489403264,102.72406400733456,1.211771109013526,1.7562714943705353,-0.5445003853570094,47.81349185744761,-0.07078153933132492,-0.09159578940619029,0.027370100765338433,NotLabeled
2025-04-08 00:00:00+05:30,107.44999694824219,108.13999938964844,102.75,104.83000183105469,21280686,111.65949935913086,121.42972974515065,101.88926897311107,0.4715671225440019,1.4993306200052288,-1.0277634974612269,48.1140257417956,0.0019115414593033897,-0.10309715696037025,0.02738776284144481,NotLabeled
2025-04-09 00:00:00+05:30,104.0,105.4000015258789,101.12999725341797,104.97000122070312,20223188,111.5444995880127,121.58274026877253,101.50625890725287,-0.10257071751051683,1.1789503525020797,-1.2815210700125965,35.13318076370318,0.0013354897186215187,-0.11566972266668107,0.02735717204698458,NotLabeled
2025-04-11 00:00:00+05:30,107.83999633789062,110.19999694824219,107.0,108.33999633789062,20467580,111.55499954223633,121.57863078612992,101.53136829834274,-0.28239339518488293,0.8866816029646872,-1.1690749981495703,40.76264876007252,0.03210436389442317,-0.08604694195088902,0.02739923896548677,NotLabeled
2025-04-15 00:00:00+05:30,110.20999908447266,113.72000122070312,109.66000366210938,113.25,18332836,111.88449935913086,121.66082156113984,102.10817715712187,-0.028380746297841597,0.7036691331121816,-0.7320498794100232,46.984401822974654,0.04532032331620228,0.005772660165961785,0.02904787247445556,NotLabeled
2025-04-16 00:00:00+05:30,113.0,116.27999877929688,111.9000015258789,115.30000305175781,20145548,112.35499954223633,121.81730689612341,102.89269218834924,0.3344884470877503,0.6298329959072954,-0.2953445488195451,47.15543269967592,0.018101572200951876,0.10197845817100304,0.028987192426559404,NotLabeled
2025-04-17 00:00:00+05:30,114.5,115.83999633789062,113.05000305175781,113.95999908447266,18855830,112.74599952697754,121.76276361049769,103.7292354434574,0.5080809351467366,0.6054825837551836,-0.09740164860844702,48.87538323791953,-0.011621890128516554,0.08709336157536263,0.02908903979771928,NotLabeled
2025-04-21 00:00:00+05:30,113.95999908447266,117.1500015258789,112.80000305175781,115.98999786376953,17894053,113.23849945068359,121.80056791636757,104.67643098499961,0.8002335741665263,0.6444327818374521,0.15580079232907418,54.02744123523342,0.017813257244694514,0.1049823427161487,0.029242940100397144,NotLabeled
2025-04-22 00:00:00+05:30,118.33999633789062,118.98999786376953,115.44999694824219,115.9800033569336,24367181,113.3759994506836,122.02537392684215,104.72662497452504,1.019211338389809,0.7193884931479235,0.2998228452418854,53.18762287169091,-8.616697146313079e-05,0.07051880447932946,0.029243630531164223,NotLabeled
2025-04-23 00:00:00+05:30,116.86000061035156,117.3499984741211,114.38999938964844,116.76000213623047,15425789,113.51599960327148,122.29484849299608,104.73715071354688,1.2413822945953825,0.8237872534374153,0.4175950411579672,52.436770389099145,0.006725286745305592,0.030993396346405966,0.025566339034120155,NotLabeled
2025-04-24 00:00:00+05:30,116.51000213623047,118.54000091552734,116.19999694824219,118.02999877929688,17054911,113.65249938964844,122.63077455642585,104.67422422287103,1.5026113253190658,0.9595520678137455,0.5430592575053204,51.79743920392903,0.01087698372585355,0.02367732571796699,0.02562497627191764,NotLabeled
2025-04-25 00:00:00+05:30,118.5999984741211,120.3499984741211,113.38999938964844,114.80999755859375,24605025,113.53099937438965,122.36954152905938,104.69245721971993,1.4332879748006917,1.0542992492111347,0.378988725589557,44.1749034729626,-0.027281210319455962,0.007458744129078321,0.02628850634562266,NotLabeled
2025-04-28 00:00:00+05:30,115.0,117.79000091552734,114.43000030517578,116.7699966430664,10864579,113.63449935913086,122.57852980920605,104.69046890905567,1.518994245665283,1.1472382485019643,0.37175599716331864,47.48507509283621,0.01707167603999271,0.0067247072477143455,0.026296372029584732,NotLabeled
2025-04-29 00:00:00+05:30,116.75,118.30000305175781,115.0,115.27999877929688,12258150,113.73399925231934,122.70612530295818,104.76187320168049,1.4499723291967825,1.207785064640928,0.2421872645558545,54.359141983439194,-0.012760108817370663,-0.006035562660594351,0.02599720041641382,NotLabeled
2025-04-30 00:00:00+05:30,114.98999786376953,115.75,112.86000061035156,113.70999908447266,10657286,113.72549934387207,122.69736511824503,104.75363356949912,1.254129287029528,1.217053909118648,0.03707537791087989,68.65243056121508,-0.013619012070168246,-0.026121985234285994,0.02603159042881804,NotLabeled
2025-05-02 00:00:00+05:30,113.69999694824219,116.88999938964844,112.30999755859375,113.08000183105469,12362081,113.62049942016601,122.56981727492942,104.6711815654026,1.0361427433263657,1.1808716759601916,-0.1447289326338259,66.65321691391625,-0.005540385704778328,-0.04193846479231211,0.026040166327186948,NotLabeled
2025-05-05 00:00:00+05:30,114.0,115.43000030517578,113.12000274658203,114.79000091552734,9968201,113.51599960327148,122.35316849023734,104.67883071630563,0.9899578540772325,1.1426889115835999,-0.1527310575063674,68.64085782932915,0.015122029154434058,-0.0001741716182530606,0.02613384942231238,NotLabeled
2025-05-06 00:00:00+05:30,114.5999984741211,115.80000305175781,111.12000274658203,111.56999969482422,13544063,113.15949974060058,121.68593078676736,104.6330686944338,0.6856253465572735,1.0512761985783345,-0.36565085202106107,56.166483384433874,-0.02805123438471513,-0.04453196110073665,0.026604374498004492,NotLabeled
2025-05-07 00:00:00+05:30,109.97000122070312,114.13999938964844,109.7300033569336,113.68000030517578,14213232,112.916499710083,121.06596237208045,104.76703704808556,0.6076939395362615,0.9625597467699201,-0.35486580723365857,50.919197213883734,0.0189118994005828,-0.013879237431154823,0.02672358150138851,NotLabeled
2025-05-08 00:00:00+05:30,114.0,114.80000305175781,108.44000244140625,109.23999786376953,13057983,112.74849967956543,121.06230918784911,104.43469017128174,0.1855230533587786,0.8071524080876918,-0.6216293547289132,38.24668877356997,-0.03905702348246831,-0.039310537830384296,0.027937404106818838,NotLabeled
2025-05-09 00:00:00+05:30,107.0,109.31999969482422,106.25,109.01000213623047,13531998,112.96749992370606,120.58222728399274,105.35277256341938,-0.1656990728045571,0.612582111909242,-0.7782811847137991,39.96757118505269,-0.0021054168073665336,-0.03599221461726654,0.025816893167001417,NotLabeled
2025-05-12 00:00:00+05:30,112.7699966430664,118.44999694824219,112.4000015258789,118.23999786376953,25419079,113.6379997253418,120.56640510586067,106.70959434482293,0.297311160720767,0.5495279216715471,-0.25221676095078005,53.52996771569512,0.0846710902363279,0.030054856004235075,0.027127308699630755,NotLabeled
2025-05-13 00:00:00+05:30,118.23999786376953,119.0999984741211,115.73999786376953,116.0,12595012,114.18949966430664,119.85332966607294,108.52566966254034,0.4779910165356682,0.5352205406443713,-0.05722952410870308,50.02932060543863,-0.01894450189647623,0.03970601700540555,0.027667897095429304,NotLabeled
2025-05-14 00:00:00+05:30,117.0,122.98999786376953,116.58000183105469,122.68000030517578,37164569,114.9064998626709,121.06177548008483,108.75122424525696,1.1469796342789351,0.6575723593712841,0.489407274907651,57.40000053405782,0.05758620952737736,0.07916959866150042,0.029908275256706692,NotLabeled
2025-05-15 00:00:00+05:30,122.98999786376953,123.6500015258789,121.66000366210938,122.69999694824219,15860870,115.37899971008301,122.39018953420299,108.36780988596303,1.659640196524336,0.8579859268018946,0.8016542697224414,56.025806461774856,0.0001629983943320923,0.12321493361120606,0.02942236441114871,NotLabeled
2025-05-16 00:00:00+05:30,122.5999984741211,123.54000091552734,121.55999755859375,122.4800033569336,12476432,115.7379997253418,123.4340015603782,108.04199789030538,2.0248347072786004,1.0913556828972357,0.9334790243813647,60.72728770475867,-0.001792938849064507,0.12356665403849432,0.028067056509491484,NotLabeled
2025-05-19 00:00:00+05:30,122.4800033569336,123.44999694824219,120.73999786376953,122.11000061035156,9899831,116.14549980163574,124.2948309710823,107.99616863218917,2.2583648346974314,1.3247575132572749,0.9336073214401566,57.81616945663091,-0.0030209237135939704,0.03273006441560389,0.027918433195927635,NotLabeled
2025-05-20 00:00:00+05:30,122.9000015258789,125.38999938964844,122.18000030517578,122.5199966430664,29030789,116.47199974060058,125.10404624851253,107.83995323268863,2.448299919077513,1.5494659944213227,0.8988339246561905,60.943171814397104,0.0033575958616454127,0.05620686761264149,0.027714149574702848,NotLabeled
2025-05-21 00:00:00+05:30,122.8499984741211,125.19999694824219,122.33000183105469,124.87999725341797,19286268,116.9169994354248,126.32500213202319,107.50899673882641,2.7574707612941864,1.7910669477958958,0.9664038134982906,66.48952585098095,0.019262166789204782,0.017932808467309602,0.027752527682613774,NotLabeled
2025-05-22 00:00:00+05:30,124.0,126.75,123.5,125.73999786376953,18239762,117.36599922180176,127.56624258280466,107.16575586079885,3.0368784982008776,2.0402292578768924,0.9966492403239853,68.56305317332628,0.006886616185667993,0.024775884198348308,0.027744408361570532,NotLabeled
2025-05-23 00:00:00+05:30,125.75,126.79000091552734,125.3499984741211,125.91999816894531,11048639,117.76049919128418,128.65550992792237,106.86548845464598,3.2355383905127297,2.27929108440406,0.9562473061086698,67.08627966230134,0.0014315278211696203,0.028086175030439975,0.0277444848484635,NotLabeled
2025-05-26 00:00:00+05:30,126.19999694824219,128.60000610351562,125.80999755859375,127.79000091552734,31013556,118.40949935913086,130.08306283991243,106.7359358783493,3.5034853811907993,2.524129943761408,0.9793554374293914,75.97695149589474,0.014850720884486357,0.04651543916784062,0.02780749624947513,NotLabeled
2025-05-27 00:00:00+05:30,127.69999694824219,129.39999389648438,126.91999816894531,128.5800018310547,15363838,118.99999961853027,131.49058336337063,106.50941587368992,3.736509616365936,2.7666058782823137,0.9699037380836222,74.9164019554734,0.006182024492272786,0.04946135613799196,0.02685893526169896,NotLabeled
2025-05-28 00:00:00+05:30,128.41000366210938,130.10000610351562,127.25,128.9600067138672,22610477,119.68400001525879,132.799486603366,106.56851342715156,3.906810935244721,2.9946468896747955,0.9121640455699254,88.15792853580813,0.0029553964644657427,0.032671440984817446,0.026737607956650488,NotLabeled
2025-05-29 00:00:00+05:30,131.75,131.8000030517578,128.8000030517578,129.9600067138672,38518032,120.49650039672852,134.05945640316432,106.93354439029272,4.075487912312184,3.2108150942022733,0.8646728181099106,89.36491939819228,0.0077543420280581365,0.03356138795763086,0.026426511097215624,NotLabeled
2025-05-30 00:00:00+05:30,130.0500030517578,130.6999969482422,128.8000030517578,129.17999267578125,11118329,121.30149993896484,134.922061301383,107.68093857654667,4.098974590311897,3.388446993424198,0.7105275968876992,80.12111236167004,-0.0060019544305141,0.025889410373577393,0.02619433189953354,NotLabeled
2025-06-02 00:00:00+05:30,127.0,131.50999450683594,126.43000030517578,130.69000244140625,20767930,122.09650001525878,135.97053781753434,108.22246221298323,4.1911204920958625,3.5489816931585314,0.6421387989373311,92.13993945516654,0.011689192222009703,0.022693493271010112,0.02607083208635907,NotLabeled
2025-06-03 00:00:00+05:30,130.7899932861328,133.0800018310547,129.7100067138672,130.2100067138672,19565087,123.02850036621093,136.42112742133554,109.63587331108633,4.177262260332668,3.674637806593359,0.5026244537393092,83.52624188061885,-0.0036727807680183577,0.012676970443305846,0.026108970204834894,NotLabeled
2025-06-04 00:00:00+05:30,130.63999938964844,132.14999389648438,129.64999389648438,131.8300018310547,12424794,123.93600044250488,137.11950312541455,110.7524977595952,4.248030922740199,3.789316429822727,0.4587144929174718,85.58064193866046,0.012441402608536878,0.02225492375752869,0.02491012409006642,NotLabeled
2025-06-05 00:00:00+05:30,132.0,134.0,131.74000549316406,133.11000061035156,19181280,125.12950057983399,136.96409273862375,113.29490842104424,4.357174011889541,3.90288794623609,0.4542860656534504,88.264867545904,0.009709464928455702,0.024238178930074294,0.024794120103473812,NotLabeled
2025-06-06 00:00:00+05:30,133.4600067138672,135.3000030517578,132.41000366210938,135.0399932861328,15594995,126.43100013732911,136.37584888141743,116.48615139324079,4.546990104169851,4.031708377822842,0.5152817263470082,91.84460342981752,0.014499231214271102,0.04536306659390443,0.022366159252779783,NotLabeled
2025-06-09 00:00:00+05:30,135.1999969482422,135.97999572753906,133.5500030517578,133.8300018310547,7300478,127.21050033569335,136.89255508946684,117.52844558191988,4.547365329862771,4.134839768230828,0.4125255616319432,84.79999962439922,-0.008960245225385188,0.024026316711228457,0.022606163118789744,NotLabeled
2025-06-10 00:00:00+05:30,134.10000610351562,135.14999389648438,132.66000366210938,132.92999267578125,8767278,128.05699996948243,136.49228198159284,119.62171795737203,4.4240418808554836,4.192680190755759,0.23136169009972463,77.21428877252512,-0.006725017880591544,0.02088922372833557,0.01505998556077695,NotLabeled
2025-06-11 00:00:00+05:30,133.6199951171875,134.25,132.61000061035156,133.14999389648438,9131936,128.58049964904785,136.90960955187631,120.25138974621937,4.294554468260799,4.213055046256767,0.08149942200403171,76.18370050537266,0.0016550156685837258,0.010012835068615944,0.014008861683727962,NotLabeled
2025-06-12 00:00:00+05:30,133.0,133.6699981689453,129.7100067138672,129.97000122070312,11774457,128.9439998626709,136.814458893235,121.07354083210676,3.8904887951597686,4.148541796037367,-0.25805300087759875,61.80758276887707,-0.02388278499098917,-0.023589507739843363,0.009877541047187995,NotLabeled
2025-06-13 00:00:00+05:30,126.55000305175781,129.9499969482422,126.55000305175781,129.35000610351562,7902097,129.2875,136.5459809020463,122.0290190979537,3.480118770759006,4.0148571909816955,-0.5347384202226895,54.9056762210029,-0.004770294001418707,-0.04213557068653595,0.010001260146740654,NotLabeled
2025-06-16 00:00:00+05:30,129.0,129.8300018310547,126.80999755859375,128.9199981689453,5962115,129.62799987792968,136.06074661949853,123.19525313636085,3.0846416939464376,3.828814091574644,-0.7441723976282062,51.093938709582396,-0.0033243750620791657,-0.03668836281051313,0.010040126997197056,NotLabeled
